{"Title":"City Hall","Year":"1996","Rated":"R","Released":"16 Feb 1996","Runtime":"111 min","Genre":"Drama","Director":"Harold Becker","Writer":"Ken Lipper, Paul Schrader, Nicholas Pileggi, Bo Goldman","Actors":"Al Pacino, John Cusack, Bridget Fonda, Danny Aiello","Plot":"The accidental shooting of a boy in New York leads to an investigation by the Deputy Mayor, and unexpectedly far-reaching consequences.","Language":"English","Country":"USA","Awards":"1 nomination.","Poster":"https://images-na.ssl-images-amazon.com/images/M/MV5BZDg3M2YzZWQtMmZjZC00NzJmLThiNDMtZjM3Mjk0MjFkOTQ0XkEyXkFqcGdeQXVyNjUwNzk3NDc@._V1_SX300.jpg","Ratings":[{"Source":"Internet Movie Database","Value":"6.2/10"},{"Source":"Rotten Tomatoes","Value":"54%"}],"Metascore":"N/A","imdbRating":"6.2","imdbVotes":"17,277","imdbID":"tt0115907","Type":"movie","DVD":"27 Jul 1999","BoxOffice":"N/A","Production":"Sony Pictures Home Entertainment","Website":"N/A","Response":"True"}