{"Title":"Curdled","Year":"1996","Rated":"R","Released":"27 Sep 1996","Runtime":"88 min","Genre":"Comedy, Crime, Thriller","Director":"Reb Braddock","Writer":"Reb Braddock, John Maass, Reb Braddock, John Maass, Quentin Tarantino (Gecko Brothers news report)","Actors":"William Baldwin, Angela Jones, Bruce Ramsay, Lois Chiles","Plot":"Gabriella, a Colombian immigrant, is obsessed with understanding violent crime. The current string of murders by \"The Blue Blood Killer\" of affluent Miami socialites provides her with ...","Language":"English, Spanish","Country":"USA","Awards":"2 nominations.","Poster":"https://images-na.ssl-images-amazon.com/images/M/MV5BNmMwZWFmZmQtOGY2ZC00M2RjLTgzYzAtNTBmZTJkNWUxNGRkXkEyXkFqcGdeQXVyMTQxNzMzNDI@._V1_SX300.jpg","Ratings":[{"Source":"Internet Movie Database","Value":"5.9/10"},{"Source":"Rotten Tomatoes","Value":"17%"}],"Metascore":"N/A","imdbRating":"5.9","imdbVotes":"4,206","imdbID":"tt0115994","Type":"movie","DVD":"02 Mar 2004","BoxOffice":"N/A","Production":"Miramax","Website":"N/A","Response":"True"}