{"Title":"Ed's Next Move","Year":"1996","Rated":"R","Released":"27 Sep 1996","Runtime":"88 min","Genre":"Romance, Comedy","Director":"John Walsh","Writer":"John Walsh","Actors":"Matt Ross, Catherine Curtin, Timothy Pilato, Ramon Moses","Plot":"Ed lives in Wisconsin, but he's just been dumped by his girlfriend. So he moves to New York City for a big change...but will he ever find love again? He loves his new job studying the ...","Language":"English","Country":"USA","Awards":"N/A","Poster":"https://images-na.ssl-images-amazon.com/images/M/MV5BMTY1NTQ3NDcyMl5BMl5BanBnXkFtZTcwMTkzMjMzMQ@@._V1_SX300.jpg","Ratings":[{"Source":"Internet Movie Database","Value":"6.4/10"},{"Source":"Rotten Tomatoes","Value":"80%"}],"Metascore":"N/A","imdbRating":"6.4","imdbVotes":"396","imdbID":"tt0116167","Type":"movie","DVD":"N/A","BoxOffice":"N/A","Production":"Orion Home Video","Website":"N/A","Response":"True"}