{"Title":"Extreme Measures","Year":"1996","Rated":"R","Released":"27 Sep 1996","Runtime":"118 min","Genre":"Crime, Drama, Mystery","Director":"Michael Apted","Writer":"Michael Palmer (book), Tony Gilroy (screenplay)","Actors":"Hugh Grant, Gene Hackman, Sarah Jessica Parker, David Morse","Plot":"Thriller about Guy Luthan (Hugh Grant), a British doctor working at a hospital in New York who starts making unwanted enquiries when the body of a man who died in his emergency room ...","Language":"English","Country":"USA","Awards":"N/A","Poster":"https://images-na.ssl-images-amazon.com/images/M/MV5BMTU0NDYzMTQ4M15BMl5BanBnXkFtZTYwNDc0MzE5._V1_SX300.jpg","Ratings":[{"Source":"Internet Movie Database","Value":"6.1/10"},{"Source":"Rotten Tomatoes","Value":"55%"}],"Metascore":"N/A","imdbRating":"6.1","imdbVotes":"14,613","imdbID":"tt0116259","Type":"movie","DVD":"14 Dec 1999","BoxOffice":"N/A","Production":"Sony Pictures Home Entertainment","Website":"N/A","Response":"True"}