{"Title":"The Glimmer Man","Year":"1996","Rated":"R","Released":"04 Oct 1996","Runtime":"91 min","Genre":"Action, Comedy, Crime","Director":"John Gray","Writer":"Kevin Brodbin","Actors":"Steven Seagal, Keenen Ivory Wayans, Bob Gunton, Brian Cox","Plot":"Two cops, played by Seagal and Wayans, are forced to work together to solve a chain of mysterious killings by a killer nicknamed \"The Family Man\".","Language":"English, Chinese, Russian","Country":"USA","Awards":"N/A","Poster":"https://images-na.ssl-images-amazon.com/images/M/MV5BYzgzZWY4YWMtMTQ4Yi00ZGQ4LTg4YjItNGNhMGM0ZWViNmY3XkEyXkFqcGdeQXVyMTczNjQwOTY@._V1_SX300.jpg","Ratings":[{"Source":"Internet Movie Database","Value":"5.3/10"},{"Source":"Rotten Tomatoes","Value":"13%"}],"Metascore":"N/A","imdbRating":"5.3","imdbVotes":"15,885","imdbID":"tt0116421","Type":"movie","DVD":"27 Aug 1997","BoxOffice":"N/A","Production":"Warner Home Video","Website":"N/A","Response":"True"}