{"Title":"D3: The Mighty Ducks","Year":"1996","Rated":"PG","Released":"04 Oct 1996","Runtime":"104 min","Genre":"Action, Comedy, Drama","Director":"Robert Lieberman","Writer":"Steven Brill (characters), Kenneth Johnson (story), Jim Burnstein (story), Steven Brill (screenplay), Jim Burnstein (screenplay)","Actors":"Emilio Estevez, Jeffrey Nordling, David Selby, Heidi Kling","Plot":"The unruly team of hockey misfits grows up a bit and receives scholarships to a prestigious prep school, where they take on the snotty varsity team.","Language":"English","Country":"USA","Awards":"N/A","Poster":"https://images-na.ssl-images-amazon.com/images/M/MV5BNWMyZmNkNTMtYTZlMi00MmQ5LWE4NWQtMzVjZWZhNmU1Yjc1L2ltYWdlL2ltYWdlXkEyXkFqcGdeQXVyMTQxNzMzNDI@._V1_SX300.jpg","Ratings":[{"Source":"Internet Movie Database","Value":"5.3/10"},{"Source":"Rotten Tomatoes","Value":"20%"}],"Metascore":"N/A","imdbRating":"5.3","imdbVotes":"19,995","imdbID":"tt0116000","Type":"movie","DVD":"03 Sep 2002","BoxOffice":"N/A","Production":"Buena Vista Pictures","Website":"N/A","Response":"True"}