{"Title":"The Chamber","Year":"1996","Rated":"R","Released":"11 Oct 1996","Runtime":"113 min","Genre":"Crime, Drama","Director":"James Foley","Writer":"John Grisham (novel), William Goldman (screenplay), Chris Reese (screenplay)","Actors":"Chris O'Donnell, Gene Hackman, Faye Dunaway, Robert Prosky","Plot":"A young man fresh out of law school tries to win a reprieve for his racist grandfather who is on death row.","Language":"English","Country":"USA","Awards":"2 nominations.","Poster":"https://images-na.ssl-images-amazon.com/images/M/MV5BMTUxMDAyMDM3NV5BMl5BanBnXkFtZTYwOTU4Mjg5._V1_SX300.jpg","Ratings":[{"Source":"Internet Movie Database","Value":"6.0/10"},{"Source":"Rotten Tomatoes","Value":"12%"},{"Source":"Metacritic","Value":"45/100"}],"Metascore":"45","imdbRating":"6.0","imdbVotes":"10,824","imdbID":"tt0115862","Type":"movie","DVD":"26 May 1998","BoxOffice":"N/A","Production":"MCA Universal Home Video","Website":"N/A","Response":"True"}