{"Title":"The Apple Dumpling Gang","Year":"1975","Rated":"G","Released":"01 Jul 1975","Runtime":"100 min","Genre":"Family, Comedy, Western","Director":"Norman Tokar","Writer":"Don Tait (screenplay), Jack M. Bickham (book)","Actors":"Bill Bixby, Susan Clark, Don Knotts, Tim Conway","Plot":"Three orphan children strike gold in 1878 California.","Language":"English","Country":"USA","Awards":"N/A","Poster":"https://images-na.ssl-images-amazon.com/images/M/MV5BNjcwMDY0NDc5M15BMl5BanBnXkFtZTYwMzM3Mjk4._V1_SX300.jpg","Ratings":[{"Source":"Internet Movie Database","Value":"6.3/10"},{"Source":"Rotten Tomatoes","Value":"56%"}],"Metascore":"N/A","imdbRating":"6.3","imdbVotes":"3,787","imdbID":"tt0072653","Type":"movie","DVD":"02 Sep 2003","BoxOffice":"N/A","Production":"Buena Vista","Website":"N/A","Response":"True"}