{"Title":"Davy Crockett: King of the Wild Frontier","Year":"1955","Rated":"APPROVED","Released":"25 May 1955","Runtime":"93 min","Genre":"Family, Western, Adventure","Director":"Norman Foster","Writer":"Thomas W. Blackburn","Actors":"Fess Parker, Buddy Ebsen, Basil Ruysdael, Hans Conried","Plot":"Legends (and myths) from the life of famed American frontiersman Davey Crockett are depicted in this feature film edited from television episodes. Crockett and his friend George Russell ...","Language":"English, Spanish","Country":"USA","Awards":"N/A","Poster":"https://images-na.ssl-images-amazon.com/images/M/MV5BMTI0ODU1MzcwNl5BMl5BanBnXkFtZTcwNjU4MTIyMQ@@._V1_SX300.jpg","Ratings":[{"Source":"Internet Movie Database","Value":"7.1/10"}],"Metascore":"N/A","imdbRating":"7.1","imdbVotes":"2,511","imdbID":"tt0047977","Type":"movie","DVD":"07 Sep 2004","BoxOffice":"N/A","Production":"Buena Vista","Website":"N/A","Response":"True"}