{"Title":"Escape to Witch Mountain","Year":"1975","Rated":"G","Released":"21 Mar 1975","Runtime":"97 min","Genre":"Adventure, Family, Fantasy","Director":"John Hough","Writer":"Robert M. Young (screenplay), Alexander Key (based on the book by)","Actors":"Eddie Albert, Ray Milland, Donald Pleasence, Kim Richards","Plot":"Two mysterious orphan children have extraordinary powers and are chased by a scheming millionaire. But where do these kids really call home?","Language":"English","Country":"USA","Awards":"N/A","Poster":"https://images-na.ssl-images-amazon.com/images/M/MV5BOGRjOGNmYjEtNDk1Ny00ODFiLTg3OTAtNzIzMmVmY2RmYjkyXkEyXkFqcGdeQXVyNjc1NTYyMjg@._V1_SX300.jpg","Ratings":[{"Source":"Internet Movie Database","Value":"6.4/10"},{"Source":"Rotten Tomatoes","Value":"76%"}],"Metascore":"N/A","imdbRating":"6.4","imdbVotes":"7,392","imdbID":"tt0072951","Type":"movie","DVD":"10 Mar 2009","BoxOffice":"N/A","Production":"Buena Vista","Website":"N/A","Response":"True"}