{"Title":"Bottle Rocket","Year":"1996","Rated":"R","Released":"21 Feb 1996","Runtime":"91 min","Genre":"Comedy, Crime, Drama","Director":"Wes Anderson","Writer":"Owen Wilson, Wes Anderson","Actors":"Luke Wilson, Owen Wilson, Ned Dowd, Shea Fowler","Plot":"Three friends plan to pull off a simple robbery and go on the run.","Language":"English, Spanish","Country":"USA","Awards":"2 wins.","Poster":"https://images-na.ssl-images-amazon.com/images/M/MV5BMTI2NDY4Mzc1Nl5BMl5BanBnXkFtZTcwNzUyNDk5MQ@@._V1_SX300.jpg","Ratings":[{"Source":"Internet Movie Database","Value":"7.1/10"},{"Source":"Rotten Tomatoes","Value":"85%"},{"Source":"Metacritic","Value":"65/100"}],"Metascore":"65","imdbRating":"7.1","imdbVotes":"57,167","imdbID":"tt0115734","Type":"movie","DVD":"22 Dec 1998","BoxOffice":"N/A","Production":"Columbia Pictures","Website":"N/A","Response":"True"}