{"Title":"Herbie Rides Again","Year":"1974","Rated":"G","Released":"06 Jun 1974","Runtime":"88 min","Genre":"Comedy, Family, Fantasy","Director":"Robert Stevenson","Writer":"Bill Walsh (screenplay), Gordon Buford (story)","Actors":"Helen Hayes, Ken Berry, Stefanie Powers, John McIntire","Plot":"The living Volkswagen Beetle helps an old lady protect her home from a corrupt developer.","Language":"English","Country":"USA","Awards":"N/A","Poster":"https://images-na.ssl-images-amazon.com/images/M/MV5BMTc1NzU2MjU2Ml5BMl5BanBnXkFtZTcwNDM5MzUyMQ@@._V1_SX300.jpg","Ratings":[{"Source":"Internet Movie Database","Value":"5.6/10"},{"Source":"Rotten Tomatoes","Value":"80%"}],"Metascore":"N/A","imdbRating":"5.6","imdbVotes":"5,769","imdbID":"tt0071607","Type":"movie","DVD":"04 May 2004","BoxOffice":"N/A","Production":"Disney","Website":"N/A","Response":"True"}