{"Title":"Old Yeller","Year":"1957","Rated":"APPROVED","Released":"25 Dec 1957","Runtime":"83 min","Genre":"Family, Drama, Adventure","Director":"Robert Stevenson","Writer":"Fred Gipson (screenplay), William Tunberg (screenplay), Fred Gipson (book)","Actors":"Dorothy McGuire, Fess Parker, Jeff York, Chuck Connors","Plot":"A teenage boy grows to love a stray yellow dog while helping his mother and younger brother run their Texas homestead while their father is away on a cattle drive. First thought to be good-for-nothing mutt, Old Yeller is soon beloved by all.","Language":"English","Country":"USA","Awards":"1 win.","Poster":"https://images-na.ssl-images-amazon.com/images/M/MV5BNWNhODFhOTItNzkzNy00ZTVmLTk4NjktNjJlYzAzMTY0Y2Y0XkEyXkFqcGdeQXVyNjM2NTM3ODA@._V1_SX300.jpg","Ratings":[{"Source":"Internet Movie Database","Value":"7.3/10"},{"Source":"Rotten Tomatoes","Value":"100%"}],"Metascore":"N/A","imdbRating":"7.3","imdbVotes":"9,171","imdbID":"tt0050798","Type":"movie","DVD":"07 May 2002","BoxOffice":"N/A","Production":"Buena Vista Pictures","Website":"N/A","Response":"True"}