{"Title":"The Parent Trap","Year":"1961","Rated":"APPROVED","Released":"21 Jun 1961","Runtime":"129 min","Genre":"Comedy, Family, Romance","Director":"David Swift","Writer":"Erich Kästner (book), David Swift (written for the screen by)","Actors":"Hayley Mills, Maureen O'Hara, Brian Keith, Charles Ruggles","Plot":"Teenage twin sisters swap places and scheme to reunite their divorced parents.","Language":"English","Country":"USA","Awards":"Nominated for 2 Oscars. Another 2 wins & 6 nominations.","Poster":"https://images-na.ssl-images-amazon.com/images/M/MV5BMzc1N2VhOTctMzVjZi00NWEyLTk2N2QtOWFjZDExOTBkODBjXkEyXkFqcGdeQXVyMjU5OTg5NDc@._V1_SX300.jpg","Ratings":[{"Source":"Internet Movie Database","Value":"7.1/10"},{"Source":"Rotten Tomatoes","Value":"89%"}],"Metascore":"N/A","imdbRating":"7.1","imdbVotes":"14,775","imdbID":"tt0055277","Type":"movie","DVD":"07 May 2002","BoxOffice":"N/A","Production":"Buena Vista Distribution Company","Website":"N/A","Response":"True"}