{"Title":"Pollyanna","Year":"1960","Rated":"APPROVED","Released":"19 May 1960","Runtime":"134 min","Genre":"Drama, Family","Director":"David Swift","Writer":"Eleanor H. Porter (novel), David Swift (written for the screen by)","Actors":"Hayley Mills, Jane Wyman, Richard Egan, Karl Malden","Plot":"A young girl comes to an embittered town and confronts its attitude with her determination to see the best in life.","Language":"English","Country":"USA","Awards":"Won 1 Golden Globe. Another 1 win & 1 nomination.","Poster":"https://images-na.ssl-images-amazon.com/images/M/MV5BMTIxOTk3MzE4OV5BMl5BanBnXkFtZTYwMjI2NjQ5._V1._CR8,70,266,404_SX89_AL_.jpg_V1_SX300.jpg","Ratings":[{"Source":"Internet Movie Database","Value":"7.3/10"},{"Source":"Rotten Tomatoes","Value":"83%"}],"Metascore":"N/A","imdbRating":"7.3","imdbVotes":"7,133","imdbID":"tt0054195","Type":"movie","DVD":"07 May 2002","BoxOffice":"N/A","Production":"Walt Disney Productions","Website":"N/A","Response":"True"}