{"Title":"Homeward Bound: The Incredible Journey","Year":"1993","Rated":"G","Released":"12 Feb 1993","Runtime":"84 min","Genre":"Adventure, Comedy, Drama","Director":"Duwayne Dunham","Writer":"Sheila Burnford (novel), Caroline Thompson (screenplay), Linda Woolverton (screenplay)","Actors":"Don Alder, Ed Bernard, Kevin Chevalia, Anne Christianson","Plot":"Three pets escape from a California ranch to find their owners in San Francisco.","Language":"English","Country":"USA","Awards":"N/A","Poster":"https://images-na.ssl-images-amazon.com/images/M/MV5BMmRlODBjOWEtODViZS00NGNiLWEwNzYtYjIyZWQwZThhODBkXkEyXkFqcGdeQXVyMTQxNzMzNDI@._V1_SX300.jpg","Ratings":[{"Source":"Internet Movie Database","Value":"6.9/10"},{"Source":"Rotten Tomatoes","Value":"88%"}],"Metascore":"N/A","imdbRating":"6.9","imdbVotes":"34,766","imdbID":"tt0107131","Type":"movie","DVD":"02 Dec 1997","BoxOffice":"N/A","Production":"Disney","Website":"N/A","Response":"True"}