{"Title":"The Shaggy Dog","Year":"1959","Rated":"APPROVED","Released":"19 Mar 1959","Runtime":"104 min","Genre":"Family, Comedy, Fantasy","Director":"Charles Barton","Writer":"Bill Walsh (screenplay), Lillie Hayward (screenplay), Felix Salten (novel)","Actors":"Fred MacMurray, Jean Hagen, Tommy Kirk, Annette Funicello","Plot":"A teenage boy is cursed with periodically turning into an sheepdog.","Language":"English","Country":"USA","Awards":"1 win & 1 nomination.","Poster":"https://images-na.ssl-images-amazon.com/images/M/MV5BNTc4NzkyMjMxM15BMl5BanBnXkFtZTcwNzk4MTIzMQ@@._V1_SX300.jpg","Ratings":[{"Source":"Internet Movie Database","Value":"6.5/10"},{"Source":"Rotten Tomatoes","Value":"67%"}],"Metascore":"N/A","imdbRating":"6.5","imdbVotes":"3,291","imdbID":"tt0053271","Type":"movie","DVD":"07 Mar 2006","BoxOffice":"N/A","Production":"Walt Disney Productions","Website":"N/A","Response":"True"}