{"Title":"Swiss Family Robinson","Year":"1960","Rated":"APPROVED","Released":"21 Dec 1960","Runtime":"126 min","Genre":"Adventure, Family","Director":"Ken Annakin","Writer":"Lowell S. Hawley (screenplay), Johann David Wyss (novel)","Actors":"John Mills, Dorothy McGuire, James MacArthur, Janet Munro","Plot":"A Swiss family must survive being shipwrecked on a deserted island.","Language":"English","Country":"USA","Awards":"N/A","Poster":"https://images-na.ssl-images-amazon.com/images/M/MV5BYWUzZjgyMDUtZDMwZS00YjhkLWJkYTUtYmUyNDRkZjcxNGQzXkEyXkFqcGdeQXVyMjI4MjA5MzA@._V1_SX300.jpg","Ratings":[{"Source":"Internet Movie Database","Value":"7.2/10"},{"Source":"Rotten Tomatoes","Value":"80%"}],"Metascore":"N/A","imdbRating":"7.2","imdbVotes":"10,681","imdbID":"tt0054357","Type":"movie","DVD":"07 May 2002","BoxOffice":"N/A","Production":"Buena Vista Pictures","Website":"N/A","Response":"True"}