{"Title":"That Darn Cat!","Year":"1965","Rated":"APPROVED","Released":"02 Dec 1965","Runtime":"116 min","Genre":"Comedy, Crime, Family","Director":"Robert Stevenson","Writer":"Gordon Gordon (screenplay), Mildred Gordon (screenplay), Bill Walsh (screenplay), Gordon Gordon (book), Mildred Gordon (book)","Actors":"Hayley Mills, Dean Jones, Dorothy Provine, Roddy McDowall","Plot":"A woman is kidnapped. While in captivity, she manages to send a message out with a wandering cat. The cat's owner calls the FBI. The FBI tries to follow the cat. Jealous boyfriends and nosy...","Language":"English, French","Country":"USA","Awards":"6 nominations.","Poster":"https://images-na.ssl-images-amazon.com/images/M/MV5BNzVlMGQ0MzgtNWM0NC00MWI1LThlYzUtNTkwZDVhOGVmZjI3XkEyXkFqcGdeQXVyMDUyOTUyNQ@@._V1_SX300.jpg","Ratings":[{"Source":"Internet Movie Database","Value":"6.7/10"},{"Source":"Rotten Tomatoes","Value":"93%"}],"Metascore":"N/A","imdbRating":"6.7","imdbVotes":"4,335","imdbID":"tt0059793","Type":"movie","DVD":"03 May 2005","BoxOffice":"N/A","Production":"Walt Disney Productions","Website":"N/A","Response":"True"}