{"Title":"20,000 Leagues Under the Sea","Year":"1954","Rated":"APPROVED","Released":"23 Dec 1954","Runtime":"127 min","Genre":"Adventure, Drama, Family","Director":"Richard Fleischer","Writer":"Earl Felton (screenplay)","Actors":"Kirk Douglas, James Mason, Paul Lukas, Peter Lorre","Plot":"A ship sent to investigate a wave of mysterious sinkings encounters the advanced submarine, the Nautilus, commanded by Captain Nemo.","Language":"English","Country":"USA","Awards":"Won 2 Oscars. Another 2 wins & 2 nominations.","Poster":"https://images-na.ssl-images-amazon.com/images/M/MV5BODViYWZhNGUtOTU4My00YWM1LTg2MWUtOTVlNjRhZGJkNGViL2ltYWdlXkEyXkFqcGdeQXVyNTAyODkwOQ@@._V1_SX300.jpg","Ratings":[{"Source":"Internet Movie Database","Value":"7.2/10"},{"Source":"Rotten Tomatoes","Value":"89%"}],"Metascore":"N/A","imdbRating":"7.2","imdbVotes":"23,147","imdbID":"tt0046672","Type":"movie","DVD":"20 May 2003","BoxOffice":"N/A","Production":"Disney","Website":"N/A","Response":"True"}