{"Title":"Mr. Wrong","Year":"1996","Rated":"PG-13","Released":"16 Feb 1996","Runtime":"96 min","Genre":"Comedy","Director":"Nick Castle","Writer":"Chris Matheson, Kerry Ehrin, Craig Munson","Actors":"Ellen DeGeneres, Bill Pullman, Joan Cusack, Dean Stockwell","Plot":"A single and lonely woman finds the seemingly perfect man to date, but soon regrets it when his deranged and possessive other personality emerges and worst still, she cannot convince anyone else of his Jekyll/Hyde true nature.","Language":"English","Country":"USA","Awards":"2 nominations.","Poster":"https://images-na.ssl-images-amazon.com/images/M/MV5BMTM0MTAxMjcyMl5BMl5BanBnXkFtZTcwMTIzMTEyMQ@@._V1_SX300.jpg","Ratings":[{"Source":"Internet Movie Database","Value":"3.8/10"},{"Source":"Rotten Tomatoes","Value":"7%"}],"Metascore":"N/A","imdbRating":"3.8","imdbVotes":"4,382","imdbID":"tt0117102","Type":"movie","DVD":"04 Jun 2002","BoxOffice":"N/A","Production":"Mandeville Films","Website":"N/A","Response":"True"}