{"Title":"Cool Runnings","Year":"1993","Rated":"PG","Released":"01 Oct 1993","Runtime":"98 min","Genre":"Adventure, Comedy, Family","Director":"Jon Turteltaub","Writer":"Lynn Siefert (story), Michael Ritchie (story), Lynn Siefert (screenplay), Tommy Swerdlow (screenplay), Michael Goldberg (screenplay)","Actors":"Leon, Doug E. Doug, Rawle D. Lewis, Malik Yoba","Plot":"When a Jamaican sprinter is disqualified from the Olympic Games, he enlists the help of a dishonored coach to start the first Jamaican Bobsled Team.","Language":"English, German, Russian","Country":"USA","Awards":"2 wins & 2 nominations.","Poster":"https://images-na.ssl-images-amazon.com/images/M/MV5BMjMxMTQ3MzMwMV5BMl5BanBnXkFtZTgwNTYxNzYxMTE@._V1_SX300.jpg","Ratings":[{"Source":"Internet Movie Database","Value":"6.9/10"},{"Source":"Rotten Tomatoes","Value":"75%"}],"Metascore":"N/A","imdbRating":"6.9","imdbVotes":"72,896","imdbID":"tt0106611","Type":"movie","DVD":"17 Jul 2001","BoxOffice":"N/A","Production":"Disney","Website":"N/A","Response":"True"}