{"Title":"Angels in the Outfield","Year":"1994","Rated":"PG","Released":"15 Jul 1994","Runtime":"102 min","Genre":"Comedy, Family, Fantasy","Director":"William Dear","Writer":"Dorothy Kingsley, George Wells, Richard Conlin, Dorothy Kingsley (screenplay), George Wells (screenplay), Holly Goldberg Sloan (screenplay)","Actors":"Danny Glover, Brenda Fricker, Tony Danza, Christopher Lloyd","Plot":"When a boy prays for a chance to have a family if the California Angels win the pennant, angels are assigned to make that possible.","Language":"English","Country":"USA","Awards":"1 win & 4 nominations.","Poster":"https://images-na.ssl-images-amazon.com/images/M/MV5BZDE1MWU1ZDQtOTg3YS00MTEwLTkxNjItMDQzY2UxMThjYmZkXkEyXkFqcGdeQXVyMTQxNzMzNDI@._V1_SX300.jpg","Ratings":[{"Source":"Internet Movie Database","Value":"6.1/10"},{"Source":"Rotten Tomatoes","Value":"35%"}],"Metascore":"N/A","imdbRating":"6.1","imdbVotes":"23,283","imdbID":"tt0109127","Type":"movie","DVD":"23 Apr 2002","BoxOffice":"N/A","Production":"Buena Vista Pictures","Website":"N/A","Response":"True"}