{"Title":"Cinderella","Year":"1950","Rated":"APPROVED","Released":"04 Mar 1950","Runtime":"74 min","Genre":"Animation, Family, Fantasy","Director":"Clyde Geronimi, Wilfred Jackson, Hamilton Luske","Writer":"Charles Perrault (from the original classic by), Bill Peet (story), Erdman Penner (story), Ted Sears (story), Winston Hibler (story), Homer Brightman (story), Harry Reeves (story), Ken Anderson (story), Joe Rinaldi (story)","Actors":"Ilene Woods, Eleanor Audley, Verna Felton, Claire Du Brey","Plot":"When Cinderella's cruel stepmother prevents her from attending the Royal Ball, she gets some unexpected help from the lovable mice Gus and Jaq, and from her Fairy Godmother.","Language":"English","Country":"USA","Awards":"Nominated for 3 Oscars. Another 4 wins & 4 nominations.","Poster":"https://images-na.ssl-images-amazon.com/images/M/MV5BOGU0NGQ1MzEtODIwZS00YTdiLWJhMzQtN2RkN2YzNGVjNDZkXkEyXkFqcGdeQXVyMTQxNzMzNDI@._V1_SX300.jpg","Ratings":[{"Source":"Internet Movie Database","Value":"7.3/10"},{"Source":"Rotten Tomatoes","Value":"97%"}],"Metascore":"N/A","imdbRating":"7.3","imdbVotes":"112,518","imdbID":"tt0042332","Type":"movie","DVD":"04 Oct 2005","BoxOffice":"N/A","Production":"RKO Radio Pictures","Website":"N/A","Response":"True"}