{"Title":"Winnie the Pooh and the Blustery Day","Year":"1968","Rated":"G","Released":"20 Dec 1968","Runtime":"25 min","Genre":"Animation, Short, Family","Director":"Wolfgang Reitherman","Writer":"Larry Clemmons (story), Ralph Wright (story), Julius Svendsen (story), Vance Gerry (story), A.A. Milne (books)","Actors":"Sebastian Cabot, Sterling Holloway, John Fiedler, Jon Walmsley","Plot":"Winnie the Pooh and his friends experience high winds, heavy rains, and a flood in Hundred Acre Wood.","Language":"English","Country":"USA","Awards":"N/A","Poster":"https://images-na.ssl-images-amazon.com/images/M/MV5BMTg4Nzg4Njk4MV5BMl5BanBnXkFtZTYwNDIxMDY5._V1_SX300.jpg","Ratings":[{"Source":"Internet Movie Database","Value":"8.0/10"}],"Metascore":"N/A","imdbRating":"8.0","imdbVotes":"3,705","imdbID":"tt0063819","Type":"movie","DVD":"N/A","BoxOffice":"N/A","Production":"N/A","Website":"N/A","Response":"True"}