{"Title":"The Sword in the Stone","Year":"1963","Rated":"G","Released":"25 Dec 1963","Runtime":"79 min","Genre":"Animation, Adventure, Comedy","Director":"Wolfgang Reitherman","Writer":"Bill Peet (story), T.H. White (based on the book by)","Actors":"Sebastian Cabot, Karl Swenson, Rickie Sorensen, Junius Matthews","Plot":"A poor boy named Arthur learns the power of love, kindness, knowledge and bravery with the help of a wizard called Merlin in the path to become one of the most beloved kings in England history.","Language":"English","Country":"USA","Awards":"Nominated for 1 Oscar. Another 1 win.","Poster":"https://images-na.ssl-images-amazon.com/images/M/MV5BMTcxMTE5NjkwN15BMl5BanBnXkFtZTYwODMwNzQ5._V1_SX300.jpg","Ratings":[{"Source":"Internet Movie Database","Value":"7.2/10"},{"Source":"Rotten Tomatoes","Value":"71%"}],"Metascore":"N/A","imdbRating":"7.2","imdbVotes":"69,023","imdbID":"tt0057546","Type":"movie","DVD":"20 Mar 2001","BoxOffice":"N/A","Production":"Buena Vista Pictures","Website":"N/A","Response":"True"}