{"Title":"Robin Hood: Prince of Thieves","Year":"1991","Rated":"PG-13","Released":"14 Jun 1991","Runtime":"143 min","Genre":"Action, Adventure, Drama","Director":"Kevin Reynolds","Writer":"Pen Densham (story), Pen Densham (screenplay), John Watson (screenplay)","Actors":"Kevin Costner, Morgan Freeman, Mary Elizabeth Mastrantonio, Christian Slater","Plot":"When Robin and his Moorish companion come to England and the tyranny of the Sheriff of Nottingham, he decides to fight back as an outlaw.","Language":"English","Country":"USA","Awards":"Nominated for 1 Oscar. Another 16 wins & 17 nominations.","Poster":"https://images-na.ssl-images-amazon.com/images/M/MV5BMTg0OTg5MjExN15BMl5BanBnXkFtZTgwMjg3OTgzMTE@._V1_SX300.jpg","Ratings":[{"Source":"Internet Movie Database","Value":"6.9/10"},{"Source":"Rotten Tomatoes","Value":"50%"}],"Metascore":"N/A","imdbRating":"6.9","imdbVotes":"150,522","imdbID":"tt0102798","Type":"movie","DVD":"30 Sep 1997","BoxOffice":"N/A","Production":"Warner Bros. Pictures","Website":"N/A","Response":"True"}