{"Title":"Mary Poppins","Year":"1964","Rated":"G","Released":"11 Sep 1964","Runtime":"139 min","Genre":"Comedy, Family, Fantasy","Director":"Robert Stevenson","Writer":"Bill Walsh (screenplay), Don DaGradi (screenplay), P.L. Travers (based on: The \"Mary Poppins\" books by)","Actors":"Julie Andrews, Dick Van Dyke, David Tomlinson, Glynis Johns","Plot":"In turn of the century London, a magical nanny employs music and adventure to help two neglected children become closer to their father.","Language":"English","Country":"USA","Awards":"Won 5 Oscars. Another 15 wins & 17 nominations.","Poster":"https://images-na.ssl-images-amazon.com/images/M/MV5BNmJkODczNjItNDI5Yy00MGI1LTkyOWItZDNmNjM4ZGI1ZDVlL2ltYWdlL2ltYWdlXkEyXkFqcGdeQXVyMDI2NDg0NQ@@._V1_SX300.jpg","Ratings":[{"Source":"Internet Movie Database","Value":"7.8/10"},{"Source":"Rotten Tomatoes","Value":"100%"}],"Metascore":"N/A","imdbRating":"7.8","imdbVotes":"115,050","imdbID":"tt0058331","Type":"movie","DVD":"24 Mar 1998","BoxOffice":"N/A","Production":"Walt Disney Productions","Website":"N/A","Response":"True"}