{"Title":"Dumbo","Year":"1941","Rated":"APPROVED","Released":"31 Oct 1941","Runtime":"64 min","Genre":"Animation, Drama, Family","Director":"Samuel Armstrong, Norman Ferguson, Wilfred Jackson, Jack Kinney, Bill Roberts, Ben Sharpsteen, John Elliotte","Writer":"Joe Grant (screen story), Dick Huemer (screen story), Otto Englander (story direction), Bill Peet (story development), Aurelius Battaglia (story development), Joe Rinaldi (story development), Vernon Stallings (story development), Webb Smith (story development)","Actors":"James Baskett, Herman Bing, Billy Bletcher, Edward Brophy","Plot":"Ridiculed because of his enormous ears, a young circus elephant is assisted by a mouse to achieve his full potential.","Language":"English","Country":"USA","Awards":"Won 1 Oscar. Another 2 wins & 1 nomination.","Poster":"https://images-na.ssl-images-amazon.com/images/M/MV5BNWVmNWQ2OTQtNzJlNC00ZmQwLTg4ZTktZTNmM2IxZTlkOGM3L2ltYWdlXkEyXkFqcGdeQXVyNTAyODkwOQ@@._V1_SX300.jpg","Ratings":[{"Source":"Internet Movie Database","Value":"7.3/10"},{"Source":"Rotten Tomatoes","Value":"97%"}],"Metascore":"N/A","imdbRating":"7.3","imdbVotes":"91,785","imdbID":"tt0033563","Type":"movie","DVD":"23 Oct 2001","BoxOffice":"N/A","Production":"Walt Disney Productions","Website":"N/A","Response":"True"}