{"Title":"Unforgettable","Year":"1996","Rated":"R","Released":"23 Feb 1996","Runtime":"117 min","Genre":"Drama, Mystery, Sci-Fi","Director":"John Dahl","Writer":"Bill Geddie","Actors":"Ray Liotta, Linda Fiorentino, Peter Coyote, Christopher McDonald","Plot":"Unsuccessfully framed for his wife's murder, Dr. David Krane attempts to find the real culprit by utilizing a new drug that allows him to experience the memories of other people first-hand....","Language":"English, Spanish","Country":"USA","Awards":"1 win.","Poster":"https://images-na.ssl-images-amazon.com/images/M/MV5BMjE4MjA4MzIxMV5BMl5BanBnXkFtZTcwMTg3Mjg3NA@@._V1_SX300.jpg","Ratings":[{"Source":"Internet Movie Database","Value":"6.0/10"},{"Source":"Rotten Tomatoes","Value":"22%"}],"Metascore":"N/A","imdbRating":"6.0","imdbVotes":"4,140","imdbID":"tt0118040","Type":"movie","DVD":"04 Jun 2002","BoxOffice":"N/A","Production":"MGM Home Entertainment","Website":"N/A","Response":"True"}