{"Title":"Pete's Dragon","Year":"1977","Rated":"G","Released":"03 Nov 1977","Runtime":"128 min","Genre":"Animation, Adventure, Comedy","Director":"Don Chaffey","Writer":"Malcolm Marmorstein (screenplay), Seton I. Miller (story), S.S. Field (story)","Actors":"Helen Reddy, Jim Dale, Mickey Rooney, Red Buttons","Plot":"An orphan boy and his magical dragon come to town with his abusive adoptive parents in pursuit.","Language":"English","Country":"USA","Awards":"Nominated for 2 Oscars. Another 4 nominations.","Poster":"https://images-na.ssl-images-amazon.com/images/M/MV5BMjJkMjcyOTktYTIwNC00MTY3LWE4ZTAtMTdlODg0NDE3YTQ1XkEyXkFqcGdeQXVyNjM1MTQ0NTQ@._V1_SX300.jpg","Ratings":[{"Source":"Internet Movie Database","Value":"6.4/10"},{"Source":"Rotten Tomatoes","Value":"50%"},{"Source":"Metacritic","Value":"46/100"}],"Metascore":"46","imdbRating":"6.4","imdbVotes":"18,565","imdbID":"tt0076538","Type":"movie","DVD":"16 Jan 2001","BoxOffice":"N/A","Production":"Buena Vista Pictures","Website":"N/A","Response":"True"}