{"Title":"Bedknobs and Broomsticks","Year":"1971","Rated":"G","Released":"13 Dec 1971","Runtime":"117 min","Genre":"Animation, Adventure, Comedy","Director":"Robert Stevenson","Writer":"Ralph Wright (animation story), Ted Berman (animation story), Bill Walsh (screenplay), Don DaGradi (screenplay), Mary Norton (book)","Actors":"Angela Lansbury, David Tomlinson, Roddy McDowall, Sam Jaffe","Plot":"An apprentice witch, three kids and a cynical conman search for the missing component to a magic spell useful to the defense of Britain.","Language":"English, German","Country":"USA, UK","Awards":"Won 1 Oscar. Another 1 win & 5 nominations.","Poster":"https://images-na.ssl-images-amazon.com/images/M/MV5BMTUxMTY3MTE5OF5BMl5BanBnXkFtZTgwNTQ0ODgxMzE@._V1_SX300.jpg","Ratings":[{"Source":"Internet Movie Database","Value":"7.0/10"},{"Source":"Rotten Tomatoes","Value":"63%"}],"Metascore":"N/A","imdbRating":"7.0","imdbVotes":"27,329","imdbID":"tt0066817","Type":"movie","DVD":"20 Mar 2001","BoxOffice":"N/A","Production":"Buena Vista Pictures","Website":"N/A","Response":"True"}