{"Title":"The Fox and the Hound","Year":"1981","Rated":"G","Released":"10 Jul 1981","Runtime":"83 min","Genre":"Animation, Adventure, Drama","Director":"Ted Berman, Richard Rich, Art Stevens","Writer":"Daniel P. Mannix (based on the book by), Larry Clemmons (story), Ted Berman (story), David Michener (story), Peter Young (story), Burny Mattinson (story), Steve Hulett (story), Earl Kress (story), Vance Gerry (story)","Actors":"Mickey Rooney, Kurt Russell, Pearl Bailey, Jack Albertson","Plot":"Two childhood friends find themselves forced to become enemies.","Language":"English","Country":"USA","Awards":"1 win & 2 nominations.","Poster":"https://images-na.ssl-images-amazon.com/images/M/MV5BMDQzZWRlYjctMjE0ZS00NWU5LWE3NzktYzZiNzJiM2UxMDczXkEyXkFqcGdeQXVyNjUwNzk3NDc@._V1_SX300.jpg","Ratings":[{"Source":"Internet Movie Database","Value":"7.3/10"},{"Source":"Rotten Tomatoes","Value":"69%"}],"Metascore":"N/A","imdbRating":"7.3","imdbVotes":"66,537","imdbID":"tt0082406","Type":"movie","DVD":"02 May 2000","BoxOffice":"N/A","Production":"Buena Vista Pictures","Website":"N/A","Response":"True"}