{"Title":"Freeway","Year":"1996","Rated":"R","Released":"03 Sep 1997","Runtime":"102 min","Genre":"Comedy, Crime, Drama","Director":"Matthew Bright","Writer":"Matthew Bright","Actors":"Kiefer Sutherland, Reese Witherspoon, Bokeem Woodbine, Paul Perri","Plot":"A twisted take on 'Little Red Riding Hood' with a teenage juvenile delinquent on the run from a social worker traveling to her grandmother's house and being hounded by a charming, but sadistic, serial killer/pedophile.","Language":"English","Country":"USA, France","Awards":"6 wins & 4 nominations.","Poster":"https://images-na.ssl-images-amazon.com/images/M/MV5BODMzMzNiZTgtZDg1Ni00NDEwLWI0MzMtYjhmYTY5NGYyNDAyXkEyXkFqcGdeQXVyMTQxNzMzNDI@._V1_SX300.jpg","Ratings":[{"Source":"Internet Movie Database","Value":"6.9/10"},{"Source":"Rotten Tomatoes","Value":"76%"},{"Source":"Metacritic","Value":"61/100"}],"Metascore":"61","imdbRating":"6.9","imdbVotes":"22,742","imdbID":"tt0116361","Type":"movie","DVD":"21 Aug 2001","BoxOffice":"N/A","Production":"Republic Pictures Home Video","Website":"N/A","Response":"True"}