{"Title":"The Sound of Music","Year":"1965","Rated":"G","Released":"29 Mar 1965","Runtime":"174 min","Genre":"Biography, Drama, Family","Director":"Robert Wise","Writer":"George Hurdalek (with the partial use of ideas by), Howard Lindsay (from the stage musical book by), Russel Crouse (from the stage musical book by), Ernest Lehman (screenplay)","Actors":"Julie Andrews, Christopher Plummer, Eleanor Parker, Richard Haydn","Plot":"A woman leaves an Austrian convent to become a governess to the children of a Naval officer widower.","Language":"English, German","Country":"USA","Awards":"Won 5 Oscars. Another 12 wins & 13 nominations.","Poster":"https://images-na.ssl-images-amazon.com/images/M/MV5BODIxNjhkYjEtYzUyMi00YTNjLWE1YjktNjAyY2I2MWNkNmNmL2ltYWdlL2ltYWdlXkEyXkFqcGdeQXVyMTQxNzMzNDI@._V1_SX300.jpg","Ratings":[{"Source":"Internet Movie Database","Value":"8.0/10"},{"Source":"Rotten Tomatoes","Value":"86%"}],"Metascore":"N/A","imdbRating":"8.0","imdbVotes":"156,818","imdbID":"tt0059742","Type":"movie","DVD":"21 Aug 2000","BoxOffice":"N/A","Production":"20th Century-Fox","Website":"http://www.foxhome.com/soundofmusicdvd/index_frames.html","Response":"True"}