{"Title":"Die Hard","Year":"1988","Rated":"R","Released":"20 Jul 1988","Runtime":"131 min","Genre":"Action, Thriller","Director":"John McTiernan","Writer":"Roderick Thorp (novel), Jeb Stuart (screenplay), Steven E. de Souza (screenplay)","Actors":"Bruce Willis, Bonnie Bedelia, Reginald VelJohnson, Paul Gleason","Plot":"John McClane, officer of the NYPD, tries to save his wife Holly Gennaro and several others that were taken hostage by German terrorist Hans Gruber during a Christmas party at the Nakatomi Plaza in Los Angeles.","Language":"English, German, Italian","Country":"USA","Awards":"Nominated for 4 Oscars. Another 6 wins & 2 nominations.","Poster":"https://images-na.ssl-images-amazon.com/images/M/MV5BMzNmY2IwYzAtNDQ1NC00MmI4LThkOTgtZmVhYmExOTVhMWRkXkEyXkFqcGdeQXVyMTk5NDA3Nw@@._V1_SX300.jpg","Ratings":[{"Source":"Internet Movie Database","Value":"8.2/10"},{"Source":"Rotten Tomatoes","Value":"92%"},{"Source":"Metacritic","Value":"70/100"}],"Metascore":"70","imdbRating":"8.2","imdbVotes":"624,078","imdbID":"tt0095016","Type":"movie","DVD":"09 Mar 1999","BoxOffice":"N/A","Production":"20th Century Fox","Website":"http://www.foxhome.com/diehardcollection/index_frames.html","Response":"True"}