{"Title":"The Lawnmower Man","Year":"1992","Rated":"R","Released":"06 Mar 1992","Runtime":"108 min","Genre":"Horror, Sci-Fi","Director":"Brett Leonard","Writer":"Stephen King (title only), Brett Leonard (screenplay), Gimel Everett (screenplay)","Actors":"Jeff Fahey, Pierce Brosnan, Jenny Wright, Mark Bringelson","Plot":"A simple man is turned into a genius through the application of computer science.","Language":"English","Country":"UK, USA, Japan","Awards":"3 nominations.","Poster":"https://images-na.ssl-images-amazon.com/images/M/MV5BYWZhODdkMTEtMzBmNy00NzU5LWIzYjMtYTkwNWE3YTRjOTZkXkEyXkFqcGdeQXVyMTQxNzMzNDI@._V1_SX300.jpg","Ratings":[{"Source":"Internet Movie Database","Value":"5.4/10"},{"Source":"Rotten Tomatoes","Value":"38%"}],"Metascore":"N/A","imdbRating":"5.4","imdbVotes":"28,352","imdbID":"tt0104692","Type":"movie","DVD":"30 Sep 1997","BoxOffice":"N/A","Production":"Sony Pictures Home Entertainment","Website":"N/A","Response":"True"}