{"Title":"Unhook the Stars","Year":"1996","Rated":"R","Released":"14 Feb 1997","Runtime":"103 min","Genre":"Drama, Romance","Director":"Nick Cassavetes","Writer":"Helen Caldwell, Nick Cassavetes","Actors":"Gena Rowlands, Marisa Tomei, Gérard Depardieu, Jake Lloyd","Plot":"Character study about Mildred, an elderly woman who has spent her life caring for others. When her daughter finally leaves home, she finds that, for the first time in her life, she has ...","Language":"English","Country":"France, USA","Awards":"2 wins & 5 nominations.","Poster":"https://images-na.ssl-images-amazon.com/images/M/MV5BMTM5NjgxMDQwN15BMl5BanBnXkFtZTcwODk1NTgxMQ@@._V1_SX300.jpg","Ratings":[{"Source":"Internet Movie Database","Value":"6.6/10"},{"Source":"Rotten Tomatoes","Value":"82%"}],"Metascore":"N/A","imdbRating":"6.6","imdbVotes":"1,853","imdbID":"tt0118044","Type":"movie","DVD":"09 Dec 2003","BoxOffice":"N/A","Production":"Miramax","Website":"N/A","Response":"True"}