{"Title":"Synthetic Pleasures","Year":"1995","Rated":"N/A","Released":"13 Sep 1996","Runtime":"85 min","Genre":"Documentary","Director":"Iara Lee","Writer":"N/A","Actors":"Scott Bakatman, John Perry Barlow, Robert Ettinger, Robert Gurland","Plot":"Conceived as an electronic road movie, this documentary investigates cutting edge technologies and their influence on our culture as we approach the 21st century. It takes off from the idea...","Language":"English","Country":"USA","Awards":"1 win & 1 nomination.","Poster":"http://ia.media-imdb.com/images/M/MV5BNTE0ODI2OTAzMF5BMl5BanBnXkFtZTcwMTk2OTIyMQ@@._V1_SX300.jpg","Ratings":[{"Source":"Internet Movie Database","Value":"6.6/10"},{"Source":"Rotten Tomatoes","Value":"17%"}],"Metascore":"N/A","imdbRating":"6.6","imdbVotes":"100","imdbID":"tt0114597","Type":"movie","DVD":"N/A","BoxOffice":"N/A","Production":"N/A","Website":"N/A","Response":"True"}