{"Title":"Happy Gilmore","Year":"1996","Rated":"PG-13","Released":"16 Feb 1996","Runtime":"92 min","Genre":"Comedy, Family, Sport","Director":"Dennis Dugan","Writer":"Tim Herlihy, Adam Sandler","Actors":"Adam Sandler, Christopher McDonald, Julie Bowen, Frances Bay","Plot":"A rejected hockey player puts his skills to the golf course to save his grandmother's house.","Language":"English","Country":"USA","Awards":"1 win & 4 nominations.","Poster":"https://images-na.ssl-images-amazon.com/images/M/MV5BMjA4NjUxODg3Ml5BMl5BanBnXkFtZTcwNzcyODc5Mw@@._V1_SX300.jpg","Ratings":[{"Source":"Internet Movie Database","Value":"7.0/10"},{"Source":"Rotten Tomatoes","Value":"60%"},{"Source":"Metacritic","Value":"31/100"}],"Metascore":"31","imdbRating":"7.0","imdbVotes":"162,923","imdbID":"tt0116483","Type":"movie","DVD":"24 Feb 1998","BoxOffice":"N/A","Production":"MCA Universal Home Video","Website":"N/A","Response":"True"}