{"Title":"The Secret Agent","Year":"1996","Rated":"R","Released":"08 Nov 1996","Runtime":"95 min","Genre":"Drama, Thriller","Director":"Christopher Hampton","Writer":"Joseph Conrad (novel), Christopher Hampton","Actors":"Bob Hoskins, Patricia Arquette, Gérard Depardieu, Jim Broadbent","Plot":"London of the late 19th century is a haven for political exiles of all sorts - refugees, partisans, anarchists. Verloc has made his living spying for the Russian government, an agent ...","Language":"English","Country":"UK","Awards":"1 nomination.","Poster":"https://images-na.ssl-images-amazon.com/images/M/MV5BMTI5MjIzODgyOV5BMl5BanBnXkFtZTcwNzY3MjIzMQ@@._V1_SX300.jpg","Ratings":[{"Source":"Internet Movie Database","Value":"5.8/10"},{"Source":"Rotten Tomatoes","Value":"50%"},{"Source":"Metacritic","Value":"41/100"}],"Metascore":"41","imdbRating":"5.8","imdbVotes":"1,952","imdbID":"tt0117582","Type":"movie","DVD":"07 Jun 2005","BoxOffice":"N/A","Production":"Twentieth Century Fox Home Entertainment","Website":"N/A","Response":"True"}