{"Title":"That Thing You Do!","Year":"1996","Rated":"PG","Released":"04 Oct 1996","Runtime":"108 min","Genre":"Comedy, Drama, Music","Director":"Tom Hanks","Writer":"Tom Hanks","Actors":"Tom Everett Scott, Liv Tyler, Johnathon Schaech, Steve Zahn","Plot":"A Pennsylvania band scores a hit in 1964 and rides the star-making machinery as long as it can, with lots of help from its manager.","Language":"English","Country":"USA","Awards":"Nominated for 1 Oscar. Another 3 wins & 6 nominations.","Poster":"https://images-na.ssl-images-amazon.com/images/M/MV5BOWVmN2ZhZjgtZGEzMy00NDkxLWI5YWQtYTE2ZTk0YzIyMzc0XkEyXkFqcGdeQXVyMTQxNzMzNDI@._V1_SX300.jpg","Ratings":[{"Source":"Internet Movie Database","Value":"6.9/10"},{"Source":"Rotten Tomatoes","Value":"93%"},{"Source":"Metacritic","Value":"71/100"}],"Metascore":"71","imdbRating":"6.9","imdbVotes":"52,270","imdbID":"tt0117887","Type":"movie","DVD":"05 Jun 2001","BoxOffice":"N/A","Production":"20th Century Fox","Website":"N/A","Response":"True"}