{"Title":"To Gillian on Her 37th Birthday","Year":"1996","Rated":"PG-13","Released":"25 Oct 1996","Runtime":"93 min","Genre":"Drama, Fantasy, Romance","Director":"Michael Pressman","Writer":"Michael Brady (play), David E. Kelley (screenplay)","Actors":"Peter Gallagher, Michelle Pfeiffer, Claire Danes, Laurie Fortier","Plot":"David Lewis is affected by the death of his wife Gillian, who fell from the mast pole of their boat on a sailing trip two years ago. David deals with his grief by continuing his romance ...","Language":"English","Country":"USA","Awards":"1 win.","Poster":"https://images-na.ssl-images-amazon.com/images/M/MV5BMjE3MDQ1ODMwMV5BMl5BanBnXkFtZTcwNTM2ODYxMQ@@._V1_SX300.jpg","Ratings":[{"Source":"Internet Movie Database","Value":"5.8/10"},{"Source":"Rotten Tomatoes","Value":"14%"}],"Metascore":"N/A","imdbRating":"5.8","imdbVotes":"4,110","imdbID":"tt0117924","Type":"movie","DVD":"07 May 2002","BoxOffice":"N/A","Production":"Sony Pictures Home Entertainment","Website":"N/A","Response":"True"}