{"Title":"Surviving Picasso","Year":"1996","Rated":"R","Released":"20 Sep 1996","Runtime":"125 min","Genre":"Biography, Drama, Romance","Director":"James Ivory","Writer":"Arianna Huffington (book), Ruth Prawer Jhabvala (screenplay)","Actors":"Anthony Hopkins, Natascha McElhone, Julianne Moore, Joss Ackland","Plot":"The passionate Merchant-Ivory drama tells the story of Francoise Gilot, the only lover of Pablo Picasso who was strong enough to withstand his ferocious cruelty and move on with her life.","Language":"English","Country":"USA","Awards":"N/A","Poster":"https://images-na.ssl-images-amazon.com/images/M/MV5BMTk2NTI4MTMwMV5BMl5BanBnXkFtZTcwMjE4ODcyMQ@@._V1_SX300.jpg","Ratings":[{"Source":"Internet Movie Database","Value":"6.4/10"},{"Source":"Rotten Tomatoes","Value":"33%"},{"Source":"Metacritic","Value":"55/100"}],"Metascore":"55","imdbRating":"6.4","imdbVotes":"5,959","imdbID":"tt0117791","Type":"movie","DVD":"25 Mar 1997","BoxOffice":"N/A","Production":"Warner Home Video","Website":"N/A","Response":"True"}