{"Title":"Love Is All There Is","Year":"1996","Rated":"R","Released":"10 May 1996","Runtime":"120 min","Genre":"Comedy, Romance","Director":"Joseph Bologna, Renée Taylor","Writer":"Gabriel Bologna, Joseph Bologna, Erik Shapiro, Renée Taylor","Actors":"Lainie Kazan, Joseph Bologna, Barbara Carrera, Renée Taylor","Plot":"Romeo & Juliet gets transplanted to the Bronx.","Language":"English","Country":"USA","Awards":"N/A","Poster":"https://images-na.ssl-images-amazon.com/images/M/MV5BMjA1ODEyMTg3M15BMl5BanBnXkFtZTcwNzgzNzA2NA@@._V1_SX300.jpg","Ratings":[{"Source":"Internet Movie Database","Value":"5.1/10"}],"Metascore":"N/A","imdbRating":"5.1","imdbVotes":"1,011","imdbID":"tt0116928","Type":"movie","DVD":"13 Jan 2004","BoxOffice":"N/A","Production":"Evergreen","Website":"N/A","Response":"True"}