{"Title":"Beautiful Thing","Year":"1996","Rated":"R","Released":"09 Oct 1996","Runtime":"90 min","Genre":"Comedy, Drama, Romance","Director":"Hettie Macdonald","Writer":"Jonathan Harvey, Jonathan Harvey (play)","Actors":"Meera Syal, Martin Walsh, Steven M. Martin, Andrew Fraser","Plot":"In a suburb of London, young Jamie is escaping sport hours, to avoid being the victim of his comrades. Young Ste, his neighbor, is beaten by his father, and comes to sleep overnight. They discover new feelings, sleeping in the same bed.","Language":"English","Country":"UK","Awards":"4 wins & 3 nominations.","Poster":"https://images-na.ssl-images-amazon.com/images/M/MV5BYTM4OTllMzYtZmQ0YS00MDU3LTliZDktNjMzYmQ4ZjRjMmFjXkEyXkFqcGdeQXVyMTQxNzMzNDI@._V1_SX300.jpg","Ratings":[{"Source":"Internet Movie Database","Value":"7.7/10"},{"Source":"Rotten Tomatoes","Value":"90%"}],"Metascore":"N/A","imdbRating":"7.7","imdbVotes":"19,297","imdbID":"tt0115640","Type":"movie","DVD":"20 May 2003","BoxOffice":"N/A","Production":"N/A","Website":"N/A","Response":"True"}