{"Title":"The Long Kiss Goodnight","Year":"1996","Rated":"R","Released":"11 Oct 1996","Runtime":"121 min","Genre":"Action, Crime, Drama","Director":"Renny Harlin","Writer":"Shane Black","Actors":"Geena Davis, Samuel L. Jackson, Yvonne Zima, Craig Bierko","Plot":"A woman suffering from amnesia begins to recover her memories after trouble from her past finds her again.","Language":"English","Country":"USA","Awards":"3 nominations.","Poster":"https://images-na.ssl-images-amazon.com/images/M/MV5BNTkzOWZkN2QtNDJkYy00OTdjLThlNDQtNDg4MjMyMWE5Y2U5XkEyXkFqcGdeQXVyMTQxNzMzNDI@._V1_SX300.jpg","Ratings":[{"Source":"Internet Movie Database","Value":"6.7/10"},{"Source":"Rotten Tomatoes","Value":"68%"},{"Source":"Metacritic","Value":"44/100"}],"Metascore":"44","imdbRating":"6.7","imdbVotes":"62,684","imdbID":"tt0116908","Type":"movie","DVD":"06 Feb 2001","BoxOffice":"N/A","Production":"New Line Home Entertainment","Website":"N/A","Response":"True"}