{"Title":"The Ghost and the Darkness","Year":"1996","Rated":"R","Released":"11 Oct 1996","Runtime":"110 min","Genre":"Adventure, Drama, Horror","Director":"Stephen Hopkins","Writer":"William Goldman","Actors":"Michael Douglas, Val Kilmer, Tom Wilkinson, John Kani","Plot":"A bridge engineer and an experienced old hunter begin a hunt for two lions after they start attacking local construction workers.","Language":"English, Hindi","Country":"Germany, USA","Awards":"Won 1 Oscar. Another 2 nominations.","Poster":"https://images-na.ssl-images-amazon.com/images/M/MV5BNWQ4NDRiMWItNGI5Yi00N2U1LTlkMGQtM2VjMzdkZTU0YzYyXkEyXkFqcGdeQXVyNTc1NTQxODI@._V1_SX300.jpg","Ratings":[{"Source":"Internet Movie Database","Value":"6.8/10"},{"Source":"Rotten Tomatoes","Value":"50%"}],"Metascore":"N/A","imdbRating":"6.8","imdbVotes":"47,839","imdbID":"tt0116409","Type":"movie","DVD":"01 Dec 1998","BoxOffice":"N/A","Production":"Paramount Home Video","Website":"N/A","Response":"True"}