{"Title":"The Bridges of Madison County","Year":"1995","Rated":"PG-13","Released":"02 Jun 1995","Runtime":"135 min","Genre":"Drama, Romance","Director":"Clint Eastwood","Writer":"Richard LaGravenese (screenplay), Robert James Waller (novel)","Actors":"Clint Eastwood, Meryl Streep, Annie Corley, Victor Slezak","Plot":"Photographer Robert Kincaid wanders into the life of housewife Francesca Johnson, for four days in the 1960s.","Language":"English","Country":"USA","Awards":"Nominated for 1 Oscar. Another 6 wins & 14 nominations.","Poster":"https://images-na.ssl-images-amazon.com/images/M/MV5BMTI0MDkxMzA2NF5BMl5BanBnXkFtZTYwNjIxMDI5._V1_SX300.jpg","Ratings":[{"Source":"Internet Movie Database","Value":"7.5/10"},{"Source":"Rotten Tomatoes","Value":"89%"},{"Source":"Metacritic","Value":"66/100"}],"Metascore":"66","imdbRating":"7.5","imdbVotes":"57,291","imdbID":"tt0112579","Type":"movie","DVD":"25 Sep 1997","BoxOffice":"N/A","Production":"Warner Bros.","Website":"N/A","Response":"True"}