{"Title":"Looking for Richard","Year":"1996","Rated":"PG-13","Released":"11 Oct 1996","Runtime":"111 min","Genre":"Documentary, Drama","Director":"Al Pacino","Writer":"William Shakespeare (play), Al Pacino (narration), Frederic Kimball (narration)","Actors":"Penelope Allen, Gordon MacDonald, Madison Arnold, Vincent Angell","Plot":"Al Pacino's deeply-felt rumination on Shakespeare's significance and relevance to the modern world through interviews and an in-depth analysis of \"Richard III.\"","Language":"English","Country":"USA","Awards":"2 wins & 2 nominations.","Poster":"https://images-na.ssl-images-amazon.com/images/M/MV5BOTdkZTUzMGUtYzNhOC00ODEyLWI2MjktNTY1ZjRhM2Y2ZDYxXkEyXkFqcGdeQXVyNjUwNzk3NDc@._V1_SX300.jpg","Ratings":[{"Source":"Internet Movie Database","Value":"7.4/10"},{"Source":"Rotten Tomatoes","Value":"81%"}],"Metascore":"N/A","imdbRating":"7.4","imdbVotes":"7,240","imdbID":"tt0116913","Type":"movie","DVD":"19 Jun 2007","BoxOffice":"N/A","Production":"Columbia Pictures","Website":"N/A","Response":"True"}