{"Title":"Trees Lounge","Year":"1996","Rated":"R","Released":"11 Oct 1996","Runtime":"95 min","Genre":"Comedy, Drama","Director":"Steve Buscemi","Writer":"Steve Buscemi","Actors":"Carol Kane, Mark Boone Junior, Steve Buscemi, Bronson Dudley","Plot":"Tommy is an unemployed mechanic who spends most of his time in a bar (Trees Lounge) in a small blue collar town. He seems to always be thinking, \"If only X then I could stop drinking\".","Language":"English","Country":"USA","Awards":"3 nominations.","Poster":"https://images-na.ssl-images-amazon.com/images/M/MV5BNDM0NTQ2NTYwNl5BMl5BanBnXkFtZTcwMDc1NTk3OA@@._V1_SX300.jpg","Ratings":[{"Source":"Internet Movie Database","Value":"7.2/10"},{"Source":"Rotten Tomatoes","Value":"81%"}],"Metascore":"N/A","imdbRating":"7.2","imdbVotes":"11,701","imdbID":"tt0117958","Type":"movie","DVD":"09 Feb 1999","BoxOffice":"N/A","Production":"Live Home Video","Website":"N/A","Response":"True"}