{"Title":"The Proprietor","Year":"1996","Rated":"R","Released":"09 Oct 1996","Runtime":"113 min","Genre":"Drama","Director":"Ismail Merchant","Writer":"Jean-Marie Besset (screenplay), George W.S. Trow (screenplay), Andrew Litvack (additional dialogue)","Actors":"Jeanne Moreau, Sean Young, Sam Waterston, Christopher Cazenove","Plot":"An expatriated French novelist (Jeanne Moreau) returns to Paris when she learns that her childhood home is being placed on the auction block. What she doesn't count on is that she has to ...","Language":"English, French","Country":"France, UK, USA","Awards":"N/A","Poster":"http://ia.media-imdb.com/images/M/MV5BMjA4NDQ5NjE1NV5BMl5BanBnXkFtZTcwMzk0MTcxMQ@@._V1_SX300.jpg","Ratings":[{"Source":"Internet Movie Database","Value":"5.7/10"}],"Metascore":"N/A","imdbRating":"5.7","imdbVotes":"174","imdbID":"tt0117400","Type":"movie","DVD":"01 Apr 1997","BoxOffice":"N/A","Production":"Warner Home Video","Website":"N/A","Response":"True"}