{"Title":"Normal Life","Year":"1996","Rated":"R","Released":"25 Oct 1996","Runtime":"101 min","Genre":"Crime, Drama","Director":"John McNaughton","Writer":"Peg Haller, Bob Schneider","Actors":"Ashley Judd, Luke Perry, Bruce A. Young, Jim True-Frost","Plot":"Chris is young idealistic cop who falls in love and gets married to Pam, a beautiful but emotionally unstable woman who suffers from alcoholism and drug addiction. While Chris is trying ...","Language":"English","Country":"USA","Awards":"N/A","Poster":"https://images-na.ssl-images-amazon.com/images/M/MV5BYjlmZjhkZGUtN2JjYy00ZTk3LThiMmMtN2RhZDI2NDg5NjFjXkEyXkFqcGdeQXVyMTQxNzMzNDI@._V1_SX300.jpg","Ratings":[{"Source":"Internet Movie Database","Value":"6.3/10"},{"Source":"Rotten Tomatoes","Value":"70%"}],"Metascore":"N/A","imdbRating":"6.3","imdbVotes":"1,915","imdbID":"tt0117202","Type":"movie","DVD":"15 Feb 2005","BoxOffice":"N/A","Production":"New Line Home Entertainment","Website":"N/A","Response":"True"}