{"Title":"Get on the Bus","Year":"1996","Rated":"R","Released":"16 Oct 1996","Runtime":"120 min","Genre":"Drama, History","Director":"Spike Lee","Writer":"Reggie Rock Bythewood","Actors":"Richard Belzer, De'aundre Bonds, Andre Braugher, Thomas Jefferson Byrd","Plot":"A disparate group of African-American men travel by bus to Washington, DC for the Million Man March.","Language":"English","Country":"USA","Awards":"2 wins & 5 nominations.","Poster":"https://images-na.ssl-images-amazon.com/images/M/MV5BYTliNjQ1MDYtZTQwNi00MzQzLTllZTgtZGYyZGExZDZlNGM5XkEyXkFqcGdeQXVyMTQxNzMzNDI@._V1_SX300.jpg","Ratings":[{"Source":"Internet Movie Database","Value":"6.8/10"},{"Source":"Rotten Tomatoes","Value":"88%"}],"Metascore":"N/A","imdbRating":"6.8","imdbVotes":"4,237","imdbID":"tt0116404","Type":"movie","DVD":"30 Jan 2001","BoxOffice":"N/A","Production":"Sony Pictures Home Entertainment","Website":"N/A","Response":"True"}