{"Title":"Shadow Conspiracy","Year":"1997","Rated":"R","Released":"31 Jan 1997","Runtime":"103 min","Genre":"Action, Thriller","Director":"George P. Cosmatos","Writer":"Adi Hasak, Ric Gibbs","Actors":"Charlie Sheen, Donald Sutherland, Linda Hamilton, Stephen Lang","Plot":"Bobby Bishop (Sheen) is a special assistant to the President of the United States. Accidentally, he meets his friend professor Pochenko on the street. Pochenko has time to tell Bishop about...","Language":"English","Country":"USA","Awards":"N/A","Poster":"https://images-na.ssl-images-amazon.com/images/M/MV5BMjA0MDUwODYwOV5BMl5BanBnXkFtZTcwNjY5ODUyMQ@@._V1_SX300.jpg","Ratings":[{"Source":"Internet Movie Database","Value":"4.9/10"},{"Source":"Rotten Tomatoes","Value":"0%"}],"Metascore":"N/A","imdbRating":"4.9","imdbVotes":"3,903","imdbID":"tt0120107","Type":"movie","DVD":"12 Aug 1997","BoxOffice":"N/A","Production":"Hollywood Pictures","Website":"N/A","Response":"True"}