{"Title":"Jude","Year":"1996","Rated":"R","Released":"18 Oct 1996","Runtime":"123 min","Genre":"Drama, Romance","Director":"Michael Winterbottom","Writer":"Hossein Amini (screenplay), Thomas Hardy (novel)","Actors":"Christopher Eccleston, Kate Winslet, Liam Cunningham, Rachel Griffiths","Plot":"A stonemason steadfastly pursues a cousin he loves. However their love is troubled as he is married to a woman who tricked him into marriage and she is married to a man she does not love.","Language":"English, Latin","Country":"UK","Awards":"5 wins & 6 nominations.","Poster":"https://images-na.ssl-images-amazon.com/images/M/MV5BMTM0MTIyOTc1NF5BMl5BanBnXkFtZTYwMDI5NDg4._V1_SX300.jpg","Ratings":[{"Source":"Internet Movie Database","Value":"7.0/10"},{"Source":"Rotten Tomatoes","Value":"81%"},{"Source":"Metacritic","Value":"68/100"}],"Metascore":"68","imdbRating":"7.0","imdbVotes":"8,889","imdbID":"tt0116722","Type":"movie","DVD":"14 May 2002","BoxOffice":"N/A","Production":"USA Home Entertainment","Website":"N/A","Response":"True"}