{"Title":"Everyone Says I Love You","Year":"1996","Rated":"R","Released":"17 Jan 1997","Runtime":"101 min","Genre":"Comedy, Musical, Romance","Director":"Woody Allen","Writer":"Woody Allen","Actors":"Edward Norton, Drew Barrymore, Diva Gray, Ami Almendral","Plot":"A New York girl sets her father up with a beautiful woman in a troubled marriage while her stepsister gets engaged.","Language":"English","Country":"USA","Awards":"Nominated for 1 Golden Globe. Another 11 wins & 11 nominations.","Poster":"https://images-na.ssl-images-amazon.com/images/M/MV5BMTMxNjY5MTM4NV5BMl5BanBnXkFtZTYwMTc1OTg4._V1_SX300.jpg","Ratings":[{"Source":"Internet Movie Database","Value":"6.8/10"},{"Source":"Rotten Tomatoes","Value":"79%"}],"Metascore":"N/A","imdbRating":"6.8","imdbVotes":"31,101","imdbID":"tt0116242","Type":"movie","DVD":"17 Aug 1999","BoxOffice":"N/A","Production":"Sweetland Films","Website":"N/A","Response":"True"}