{"Title":"Bitter Sugar","Year":"1996","Rated":"N/A","Released":"09 May 1997","Runtime":"75 min","Genre":"Drama, Romance","Director":"Leon Ichaso","Writer":"Pelayo García (story), Leon Ichaso (screenplay), Leon Ichaso (story), Orestes Matacena","Actors":"René Lavan, Mayte Vilán, Miguel Gutiérrez, Larry Villanueva","Plot":"Gustavo is a young Havana Communist who believes in the revolution; he hopes for a scholarship to study aeronautical engineering in Prague. But his faith in the new Cuba is tested: his ...","Language":"Spanish","Country":"Dominican Republic, USA","Awards":"1 win & 2 nominations.","Poster":"https://images-na.ssl-images-amazon.com/images/M/MV5BMjAxNDI0ODM5MV5BMl5BanBnXkFtZTcwMTk1MzIyMQ@@._V1_SX300.jpg","Ratings":[{"Source":"Internet Movie Database","Value":"7.2/10"}],"Metascore":"N/A","imdbRating":"7.2","imdbVotes":"577","imdbID":"tt0115600","Type":"movie","DVD":"07 Nov 2000","BoxOffice":"N/A","Production":"Azucar Films","Website":"N/A","Response":"True"}