{"Title":"Nobody Loves Me","Year":"1994","Rated":"N/A","Released":"12 Jan 1995","Runtime":"104 min","Genre":"Comedy, Drama","Director":"Doris Dörrie","Writer":"Doris Dörrie (screenplay), Doris Dörrie (short story)","Actors":"Maria Schrader, Pierre Sanoussi-Bliss, Michael von Au, Elisabeth Trissenaar","Plot":"On the brink of her 30th birthday, Fanny feels the door to marital happiness closing up on her. She is obsessed with death, even visits evening classes on dying and so it seems fitting, ...","Language":"German","Country":"Germany","Awards":"3 wins & 1 nomination.","Poster":"http://ia.media-imdb.com/images/M/MV5BMTM1NzQ2NjQ3Ml5BMl5BanBnXkFtZTcwNzg5NjYxMQ@@._V1_SX300.jpg","Ratings":[{"Source":"Internet Movie Database","Value":"7.4/10"},{"Source":"Rotten Tomatoes","Value":"67%"}],"Metascore":"N/A","imdbRating":"7.4","imdbVotes":"960","imdbID":"tt0110251","Type":"movie","DVD":"N/A","BoxOffice":"N/A","Production":"Cinépix Film Properties (CFP)","Website":"N/A","Response":"True"}