{"Title":"Swingers","Year":"1996","Rated":"R","Released":"11 Apr 1997","Runtime":"96 min","Genre":"Comedy, Drama","Director":"Doug Liman","Writer":"Jon Favreau","Actors":"Jon Favreau, Vince Vaughn, Ron Livingston, Patrick Van Horn","Plot":"Wannabe actors become regulars in the stylish neo-lounge scene; Trent teaches his friend Mike the unwritten rules of the scene.","Language":"English","Country":"USA","Awards":"3 wins & 3 nominations.","Poster":"https://images-na.ssl-images-amazon.com/images/M/MV5BZjg1ZmViMmEtYzIxNi00MzJlLTk4MDktNTE2ZDkwMzEyMjBhXkEyXkFqcGdeQXVyNDk3NzU2MTQ@._V1_SX300.jpg","Ratings":[{"Source":"Internet Movie Database","Value":"7.4/10"},{"Source":"Rotten Tomatoes","Value":"87%"},{"Source":"Metacritic","Value":"71/100"}],"Metascore":"71","imdbRating":"7.4","imdbVotes":"66,335","imdbID":"tt0117802","Type":"movie","DVD":"21 Jul 1998","BoxOffice":"N/A","Production":"Miramax Films","Website":"http://www.miramax.com/movie/swingers/","Response":"True"}