{"Title":"Sleepers","Year":"1996","Rated":"R","Released":"18 Oct 1996","Runtime":"147 min","Genre":"Crime, Drama, Thriller","Director":"Barry Levinson","Writer":"Lorenzo Carcaterra (book), Barry Levinson (screenplay)","Actors":"Kevin Bacon, Billy Crudup, Robert De Niro, Ron Eldard","Plot":"After a prank goes disastrously wrong, a group of boys are sent to a detention center where they are brutalized; over 10 years later, they get their chance for revenge.","Language":"English","Country":"USA","Awards":"Nominated for 1 Oscar. Another 1 win & 4 nominations.","Poster":"https://images-na.ssl-images-amazon.com/images/M/MV5BMTc4OTUzNzc0MV5BMl5BanBnXkFtZTgwMjE4ODYxMTE@._V1_SX300.jpg","Ratings":[{"Source":"Internet Movie Database","Value":"7.6/10"},{"Source":"Rotten Tomatoes","Value":"74%"},{"Source":"Metacritic","Value":"49/100"}],"Metascore":"49","imdbRating":"7.6","imdbVotes":"160,141","imdbID":"tt0117665","Type":"movie","DVD":"25 Sep 1997","BoxOffice":"N/A","Production":"Warner Bros. Pictures","Website":"N/A","Response":"True"}