{"Title":"The Sunchaser","Year":"1996","Rated":"R","Released":"25 Oct 1996","Runtime":"122 min","Genre":"Crime, Drama","Director":"Michael Cimino","Writer":"Charles Leavitt","Actors":"Woody Harrelson, Jon Seda, Anne Bancroft, Alexandra Tydings","Plot":"Michael Reynolds is a rich oncologist who has a $175,000 sports car, a multi-million dollar home, and a new boost in his career. Brandon 'Blue' Monroe is a dying patient who kidnaps ...","Language":"English, Navajo","Country":"USA","Awards":"1 nomination.","Poster":"https://images-na.ssl-images-amazon.com/images/M/MV5BMjE4NjE2MzU1OF5BMl5BanBnXkFtZTcwNTg3NjUyMQ@@._V1_SX300.jpg","Ratings":[{"Source":"Internet Movie Database","Value":"6.2/10"},{"Source":"Rotten Tomatoes","Value":"17%"}],"Metascore":"N/A","imdbRating":"6.2","imdbVotes":"2,954","imdbID":"tt0117781","Type":"movie","DVD":"13 Oct 2009","BoxOffice":"N/A","Production":"Warner Home Video","Website":"N/A","Response":"True"}