{"Title":"Johns","Year":"1996","Rated":"R","Released":"31 Jan 1997","Runtime":"96 min","Genre":"Drama, Romance","Director":"Scott Silver","Writer":"Scott Silver","Actors":"David Arquette, Lukas Haas, Tony Epper, John C. McGinley","Plot":"It's the day before Christmas, the day before John's 21st birthday. He's a prostitute on Santa Monica Blvd in L.A., and he wants to spend that night and the next day at the posh Park Plaza ...","Language":"English","Country":"USA","Awards":"1 win & 2 nominations.","Poster":"https://images-na.ssl-images-amazon.com/images/M/MV5BMTcxNTU3NTc4MV5BMl5BanBnXkFtZTcwMjgyNDAzMQ@@._V1_SX300.jpg","Ratings":[{"Source":"Internet Movie Database","Value":"6.3/10"},{"Source":"Rotten Tomatoes","Value":"54%"}],"Metascore":"N/A","imdbRating":"6.3","imdbVotes":"1,509","imdbID":"tt0116714","Type":"movie","DVD":"07 Mar 2000","BoxOffice":"N/A","Production":"First Look Pictures","Website":"N/A","Response":"True"}