{"Title":"Aladdin and the King of Thieves","Year":"1996","Rated":"UNRATED","Released":"12 Aug 1996","Runtime":"80 min","Genre":"Animation, Adventure, Comedy","Director":"Tad Stones","Writer":"Mark McCorkle (screenplay), Robert Schooley (screenplay)","Actors":"Val Bettin, Jim Cummings, Gilbert Gottfried, Linda Larkin","Plot":"The King of Thieves disrupts Aladdin and Jasmine's long-anticipated wedding, looking for an oracle that will lead him to an even bigger treasure. His true identity causes trouble for Aladdin.","Language":"English","Country":"USA","Awards":"2 wins & 1 nomination.","Poster":"https://images-na.ssl-images-amazon.com/images/M/MV5BMTc0ODM0MjI2OV5BMl5BanBnXkFtZTcwMDAwNTcyMQ@@._V1_SX300.jpg","Ratings":[{"Source":"Internet Movie Database","Value":"6.4/10"},{"Source":"Rotten Tomatoes","Value":"27%"}],"Metascore":"N/A","imdbRating":"6.4","imdbVotes":"25,992","imdbID":"tt0115491","Type":"movie","DVD":"18 Jan 2005","BoxOffice":"N/A","Production":"Warner Home Video","Website":"N/A","Response":"True"}