{"Title":"Shall We Dance","Year":"1937","Rated":"APPROVED","Released":"07 May 1937","Runtime":"109 min","Genre":"Comedy, Musical, Romance","Director":"Mark Sandrich","Writer":"Allan Scott (screen play), Ernest Pagano (screen play), P.J. Wolfson (adaptation), Lee Loeb (based on a story by), Harold Buchman (based on a story by)","Actors":"Fred Astaire, Ginger Rogers, Edward Everett Horton, Eric Blore","Plot":"A budding romance between a ballet master and a tap dancer becomes complicated when rumors surface that they're already married.","Language":"English, French","Country":"USA","Awards":"Nominated for 1 Oscar. Another 3 nominations.","Poster":"https://images-na.ssl-images-amazon.com/images/M/MV5BOTBiNzhiOGUtYmQ5Ni00MjBiLTk3NTYtNTk1ODQ5Y2M1MzA5XkEyXkFqcGdeQXVyNDQzMDg4Nzk@._V1_SX300.jpg","Ratings":[{"Source":"Internet Movie Database","Value":"7.6/10"},{"Source":"Rotten Tomatoes","Value":"88%"}],"Metascore":"N/A","imdbRating":"7.6","imdbVotes":"5,276","imdbID":"tt0029546","Type":"movie","DVD":"16 Aug 2005","BoxOffice":"N/A","Production":"RKO Radio Pictures","Website":"N/A","Response":"True"}