{"Title":"A Damsel in Distress","Year":"1937","Rated":"APPROVED","Released":"19 Nov 1937","Runtime":"101 min","Genre":"Comedy, Musical, Romance","Director":"George Stevens","Writer":"P.G. Wodehouse (screen play), Ernest Pagano (screen play), S.K. Lauren (screen play), P.G. Wodehouse (from the story by)","Actors":"Fred Astaire, George Burns, Gracie Allen, Joan Fontaine","Plot":"Lady Alyce Marshmorton must marry soon, and the staff of Tottney Castle have laid bets on who she'll choose, with young Albert wagering on \"Mr. X.\" After Alyce goes to London to meet a beau...","Language":"English","Country":"USA","Awards":"Won 1 Oscar. Another 1 nomination.","Poster":"https://images-na.ssl-images-amazon.com/images/M/MV5BMTQ5NjIxMjg0N15BMl5BanBnXkFtZTgwMTEyMDkwMzE@._V1._CR26,52,296,441_SX89_AL_.jpg_V1_SX300.jpg","Ratings":[{"Source":"Internet Movie Database","Value":"6.9/10"},{"Source":"Rotten Tomatoes","Value":"80%"}],"Metascore":"N/A","imdbRating":"6.9","imdbVotes":"1,357","imdbID":"tt0028757","Type":"movie","DVD":"N/A","BoxOffice":"N/A","Production":"RKO Pictures","Website":"N/A","Response":"True"}