{"Title":"Crossfire","Year":"1947","Rated":"UNRATED","Released":"15 Aug 1947","Runtime":"86 min","Genre":"Crime, Drama, Film-Noir","Director":"Edward Dmytryk","Writer":"John Paxton (screenplay), Richard Brooks (adapted from a novel by)","Actors":"Robert Young, Robert Mitchum, Robert Ryan, Gloria Grahame","Plot":"A man is murdered, apparently by one of a group of soldiers just out of the army. But which one? And why?","Language":"English","Country":"USA","Awards":"Nominated for 5 Oscars. Another 3 wins & 3 nominations.","Poster":"https://images-na.ssl-images-amazon.com/images/M/MV5BODI3NzI5ODMwM15BMl5BanBnXkFtZTgwMzg1MDkxMTE@._V1_SX300.jpg","Ratings":[{"Source":"Internet Movie Database","Value":"7.4/10"},{"Source":"Rotten Tomatoes","Value":"79%"}],"Metascore":"N/A","imdbRating":"7.4","imdbVotes":"5,714","imdbID":"tt0039286","Type":"movie","DVD":"05 Jul 2005","BoxOffice":"N/A","Production":"WARNER BROTHERS PICTURES","Website":"N/A","Response":"True"}