{"Title":"Murder, My Sweet","Year":"1944","Rated":"APPROVED","Released":"09 Dec 1944","Runtime":"95 min","Genre":"Crime, Drama, Film-Noir","Director":"Edward Dmytryk","Writer":"John Paxton (screenplay), Raymond Chandler (novel)","Actors":"Dick Powell, Claire Trevor, Anne Shirley, Otto Kruger","Plot":"After being hired to find an ex-con's former girlfriend, Philip Marlowe is drawn into a deeply complex web of mystery and deceit.","Language":"English","Country":"USA","Awards":"1 win.","Poster":"https://images-na.ssl-images-amazon.com/images/M/MV5BY2YyNWVhNzYtMjNkNS00YTNlLTlkYjYtMDVmMWExNTAxNGFlXkEyXkFqcGdeQXVyNjc1NTYyMjg@._V1_SX300.jpg","Ratings":[{"Source":"Internet Movie Database","Value":"7.6/10"},{"Source":"Rotten Tomatoes","Value":"93%"}],"Metascore":"N/A","imdbRating":"7.6","imdbVotes":"9,232","imdbID":"tt0037101","Type":"movie","DVD":"06 Jul 2004","BoxOffice":"N/A","Production":"Warner Home Video","Website":"N/A","Response":"True"}