{"Title":"Muppet Treasure Island","Year":"1996","Rated":"G","Released":"16 Feb 1996","Runtime":"99 min","Genre":"Action, Adventure, Comedy","Director":"Brian Henson","Writer":"Robert Louis Stevenson (novel), Jerry Juhl (screenplay), Kirk R. Thatcher (screenplay), James V. Hart (screenplay)","Actors":"Tim Curry, Billy Connolly, Jennifer Saunders, Kevin Bishop","Plot":"The Muppets' twist on the classic tale.","Language":"English","Country":"USA","Awards":"4 nominations.","Poster":"https://images-na.ssl-images-amazon.com/images/M/MV5BMTY0NDU1MDYxMl5BMl5BanBnXkFtZTcwNjgyMTEzMQ@@._V1_SX300.jpg","Ratings":[{"Source":"Internet Movie Database","Value":"6.9/10"},{"Source":"Rotten Tomatoes","Value":"70%"}],"Metascore":"N/A","imdbRating":"6.9","imdbVotes":"16,629","imdbID":"tt0117110","Type":"movie","DVD":"04 Jun 2002","BoxOffice":"N/A","Production":"Buena Vista","Website":"N/A","Response":"True"}