{"Title":"Macao","Year":"1952","Rated":"PASSED","Released":"28 May 1952","Runtime":"81 min","Genre":"Adventure, Crime, Drama","Director":"Josef von Sternberg, Nicholas Ray","Writer":"Bernard C. Schoenfeld (screenplay), Stanley Rubin (screenplay), Robert Creighton Williams (story)","Actors":"Robert Mitchum, Jane Russell, William Bendix, Thomas Gomez","Plot":"Nick Cochran, an American in exile in Macao, has a chance to restore his name by helping capture an international crime lord. Undercover, can he mislead the bad guys and still woo the handsome singer/petty crook, Julie Benson?","Language":"English, Cantonese, Japanese","Country":"USA","Awards":"N/A","Poster":"https://images-na.ssl-images-amazon.com/images/M/MV5BYjUxOGRlZmEtYzdhMS00MTYyLWI2NTAtYWQ0M2QwNWJhNWUzXkEyXkFqcGdeQXVyNjc0MzMzNjA@._V1_SX300.jpg","Ratings":[{"Source":"Internet Movie Database","Value":"6.7/10"},{"Source":"Rotten Tomatoes","Value":"44%"}],"Metascore":"N/A","imdbRating":"6.7","imdbVotes":"2,138","imdbID":"tt0044863","Type":"movie","DVD":"23 Jan 2007","BoxOffice":"N/A","Production":"RKO Pictures","Website":"N/A","Response":"True"}