{"Title":"The Innocents","Year":"1961","Rated":"APPROVED","Released":"19 Feb 1962","Runtime":"100 min","Genre":"Horror","Director":"Jack Clayton","Writer":"Henry James (novel), John Mortimer (additional scenes & dialogue), William Archibald (screenplay), Truman Capote (screenplay)","Actors":"Deborah Kerr, Peter Wyngarde, Megs Jenkins, Michael Redgrave","Plot":"A young governess for two children becomes convinced that the house and grounds are haunted.","Language":"English","Country":"UK","Awards":"Nominated for 2 BAFTA Film Awards. Another 3 wins & 3 nominations.","Poster":"https://images-na.ssl-images-amazon.com/images/M/MV5BMTUwNTg1MDYxNl5BMl5BanBnXkFtZTgwNDk2NTAxNzE@._V1_SX300.jpg","Ratings":[{"Source":"Internet Movie Database","Value":"7.9/10"},{"Source":"Rotten Tomatoes","Value":"96%"}],"Metascore":"N/A","imdbRating":"7.9","imdbVotes":"20,430","imdbID":"tt0055018","Type":"movie","DVD":"06 Sep 2005","BoxOffice":"N/A","Production":"Fox","Website":"http://www.criterion.com/films/28569-the-innocents","Response":"True"}