{"Title":"Sleeper","Year":"1973","Rated":"PG","Released":"17 Dec 1973","Runtime":"89 min","Genre":"Comedy, Sci-Fi","Director":"Woody Allen","Writer":"Woody Allen, Marshall Brickman","Actors":"Woody Allen, Diane Keaton, John Beck, Mary Gregory","Plot":"A nerdish store owner is revived out of cryostasis into a future world to fight an oppressive government.","Language":"English, Yiddish","Country":"USA","Awards":"2 wins & 2 nominations.","Poster":"https://images-na.ssl-images-amazon.com/images/M/MV5BMTUzMzY1MzI3Nl5BMl5BanBnXkFtZTcwOTM4OTYwNA@@._V1_SX300.jpg","Ratings":[{"Source":"Internet Movie Database","Value":"7.3/10"},{"Source":"Rotten Tomatoes","Value":"100%"}],"Metascore":"N/A","imdbRating":"7.3","imdbVotes":"34,565","imdbID":"tt0070707","Type":"movie","DVD":"05 Jul 2000","BoxOffice":"N/A","Production":"United Artists","Website":"N/A","Response":"True"}