{"Title":"Bananas","Year":"1971","Rated":"GP","Released":"19 Jul 1971","Runtime":"82 min","Genre":"Comedy","Director":"Woody Allen","Writer":"Woody Allen, Mickey Rose","Actors":"Woody Allen, Louise Lasser, Carlos Montalbán, Nati Abascal","Plot":"When a bumbling New Yorker is dumped by his activist girlfriend, he travels to a tiny Latin American nation and becomes involved in its latest rebellion.","Language":"English, Spanish, Yiddish, Italian","Country":"USA","Awards":"2 nominations.","Poster":"https://images-na.ssl-images-amazon.com/images/M/MV5BMTc2MTE3MzI3MF5BMl5BanBnXkFtZTcwODg3OTYwNA@@._V1_SX300.jpg","Ratings":[{"Source":"Internet Movie Database","Value":"7.1/10"},{"Source":"Rotten Tomatoes","Value":"88%"}],"Metascore":"N/A","imdbRating":"7.1","imdbVotes":"28,817","imdbID":"tt0066808","Type":"movie","DVD":"05 Jul 2000","BoxOffice":"N/A","Production":"MGM Home Entertainment","Website":"N/A","Response":"True"}