{"Title":"A Fish Called Wanda","Year":"1988","Rated":"R","Released":"05 Aug 1988","Runtime":"108 min","Genre":"Comedy, Crime","Director":"Charles Crichton, John Cleese","Writer":"John Cleese (story), Charles Crichton (story), John Cleese","Actors":"John Cleese, Jamie Lee Curtis, Kevin Kline, Michael Palin","Plot":"In London, four very different people team up to commit armed robbery, then try to doublecross each other for the loot.","Language":"English, Italian, Russian, French","Country":"UK, USA","Awards":"Won 1 Oscar. Another 8 wins & 18 nominations.","Poster":"https://images-na.ssl-images-amazon.com/images/M/MV5BMjE5OTIzODI4Nl5BMl5BanBnXkFtZTcwNDg3NzYzNA@@._V1_SX300.jpg","Ratings":[{"Source":"Internet Movie Database","Value":"7.6/10"},{"Source":"Rotten Tomatoes","Value":"93%"},{"Source":"Metacritic","Value":"80/100"}],"Metascore":"80","imdbRating":"7.6","imdbVotes":"111,882","imdbID":"tt0095159","Type":"movie","DVD":"01 Jan 1998","BoxOffice":"N/A","Production":"MGM","Website":"N/A","Response":"True"}