{"Title":"Catwalk","Year":"1995","Rated":"N/A","Released":"16 May 1996","Runtime":"95 min","Genre":"Documentary","Director":"Robert Leacock","Writer":"N/A","Actors":"Christy Turlington, Azzedine Alaïa, Giorgio Armani, Nadja Auermann","Plot":"A camera follows model Christy Turlington through the spring fashion shows in Milan, Paris, and New York one year in the early 1990s, probably 1992. She and others dash from one designer's ...","Language":"English","Country":"USA","Awards":"N/A","Poster":"https://images-na.ssl-images-amazon.com/images/M/MV5BMTYxNzk1NjMxN15BMl5BanBnXkFtZTcwNjk0ODkxMQ@@._V1_SX300.jpg","Ratings":[{"Source":"Internet Movie Database","Value":"6.5/10"},{"Source":"Rotten Tomatoes","Value":"29%"}],"Metascore":"N/A","imdbRating":"6.5","imdbVotes":"171","imdbID":"tt0112646","Type":"movie","DVD":"09 Jul 1996","BoxOffice":"N/A","Production":"Arrow","Website":"N/A","Response":"True"}