{"Title":"Victor Victoria","Year":"1982","Rated":"PG","Released":"19 Mar 1982","Runtime":"132 min","Genre":"Comedy, Music, Musical","Director":"Blake Edwards","Writer":"Blake Edwards (screenplay), Hans Hoemburg (concept), Reinhold Schünzel","Actors":"Julie Andrews, James Garner, Robert Preston, Lesley Ann Warren","Plot":"A struggling female soprano finds work playing a male female impersonator, but it complicates her personal life.","Language":"English, French","Country":"UK, USA","Awards":"Won 1 Oscar. Another 10 wins & 15 nominations.","Poster":"https://images-na.ssl-images-amazon.com/images/M/MV5BMTczMzQzNTYxNV5BMl5BanBnXkFtZTcwNzU4ODcxMQ@@._V1_SX300.jpg","Ratings":[{"Source":"Internet Movie Database","Value":"7.6/10"},{"Source":"Rotten Tomatoes","Value":"96%"}],"Metascore":"N/A","imdbRating":"7.6","imdbVotes":"15,844","imdbID":"tt0084865","Type":"movie","DVD":"04 Apr 2000","BoxOffice":"N/A","Production":"MGM Home Entertainment","Website":"N/A","Response":"True"}