{"Title":"The Candidate","Year":"1972","Rated":"PG","Released":"11 Aug 1972","Runtime":"110 min","Genre":"Comedy, Drama","Director":"Michael Ritchie","Writer":"Jeremy Larner","Actors":"Robert Redford, Peter Boyle, Melvyn Douglas, Don Porter","Plot":"Bill McKay is a candidate for the U.S. Senate from California. He has no hope of winning, so he is willing to tweak the establishment.","Language":"English","Country":"USA","Awards":"Won 1 Oscar. Another 2 wins & 1 nomination.","Poster":"https://images-na.ssl-images-amazon.com/images/M/MV5BMTI3MDI5Njc4NV5BMl5BanBnXkFtZTcwNjU5MDYyMQ@@._V1_SX300.jpg","Ratings":[{"Source":"Internet Movie Database","Value":"7.1/10"},{"Source":"Rotten Tomatoes","Value":"95%"}],"Metascore":"N/A","imdbRating":"7.1","imdbVotes":"7,872","imdbID":"tt0068334","Type":"movie","DVD":"30 Oct 1997","BoxOffice":"N/A","Production":"Warner Bros. Pictures","Website":"N/A","Response":"True"}