{"Title":"The Great Race","Year":"1965","Rated":"APPROVED","Released":"01 Jul 1965","Runtime":"160 min","Genre":"Action, Adventure, Comedy","Director":"Blake Edwards","Writer":"Arthur A. Ross (screenplay), Blake Edwards (original story), Arthur A. Ross (original story)","Actors":"Jack Lemmon, Tony Curtis, Natalie Wood, Peter Falk","Plot":"When a popular daredevil proposes an automobile race across three continents, his arch rival vows to beat him, while an ambitious female reporter has her own plans for victory.","Language":"English","Country":"USA","Awards":"Won 1 Oscar. Another 1 win & 14 nominations.","Poster":"https://images-na.ssl-images-amazon.com/images/M/MV5BMjg5MDU1ZjUtZjQ2ZS00MTg2LTljMzEtMjVjNDgzNjI5MmQ5XkEyXkFqcGdeQXVyMDI2NDg0NQ@@._V1_SX300.jpg","Ratings":[{"Source":"Internet Movie Database","Value":"7.3/10"},{"Source":"Rotten Tomatoes","Value":"74%"}],"Metascore":"N/A","imdbRating":"7.3","imdbVotes":"13,091","imdbID":"tt0059243","Type":"movie","DVD":"04 Jun 2002","BoxOffice":"N/A","Production":"Warner Home Video","Website":"N/A","Response":"True"}