{"Title":"Bonnie and Clyde","Year":"1967","Rated":"APPROVED","Released":"01 Sep 1967","Runtime":"111 min","Genre":"Action, Biography, Crime","Director":"Arthur Penn","Writer":"David Newman, Robert Benton","Actors":"Warren Beatty, Faye Dunaway, Michael J. Pollard, Gene Hackman","Plot":"Bonnie Parker, a bored waitress falls in love with an ex-con named Clyde Barrow and together they start a violent crime spree through the country, robbing cars and banks.","Language":"English","Country":"USA","Awards":"Won 2 Oscars. Another 20 wins & 27 nominations.","Poster":"https://images-na.ssl-images-amazon.com/images/M/MV5BYzQ3ODZmOTktYWRiYy00YjZjLWFkYTctMjA4MmYxNTVmN2I2XkEyXkFqcGdeQXVyMjUzOTY1NTc@._V1_SX300.jpg","Ratings":[{"Source":"Internet Movie Database","Value":"7.9/10"},{"Source":"Rotten Tomatoes","Value":"89%"},{"Source":"Metacritic","Value":"81/100"}],"Metascore":"81","imdbRating":"7.9","imdbVotes":"83,615","imdbID":"tt0061418","Type":"movie","DVD":"05 May 2008","BoxOffice":"N/A","Production":"Warner Brothers/Seven Arts","Website":"N/A","Response":"True"}