{"Title":"The Old Man and the Sea","Year":"1958","Rated":"N/A","Released":"11 Oct 1958","Runtime":"86 min","Genre":"Adventure, Drama","Director":"John Sturges, Henry King, Fred Zinnemann","Writer":"Ernest Hemingway (novel), Peter Viertel","Actors":"Spencer Tracy, Felipe Pazos, Harry Bellaver, Don Diamond","Plot":"An old Cuban fisherman's dry spell is broken when he hooks a gigantic fish that drags him out to sea. Based on Ernest Hemingway's story.","Language":"English","Country":"USA","Awards":"Won 1 Oscar. Another 5 wins & 4 nominations.","Poster":"https://images-na.ssl-images-amazon.com/images/M/MV5BMzFiYTdmODItZGVlZi00MThlLWIzMjQtMDIwNzEyNWNhYTg1XkEyXkFqcGdeQXVyNjc1NTYyMjg@._V1_SX300.jpg","Ratings":[{"Source":"Internet Movie Database","Value":"7.0/10"},{"Source":"Rotten Tomatoes","Value":"88%"}],"Metascore":"N/A","imdbRating":"7.0","imdbVotes":"5,675","imdbID":"tt0052027","Type":"movie","DVD":"13 Mar 2001","BoxOffice":"N/A","Production":"WARNER BROTHERS PICTURES","Website":"N/A","Response":"True"}