{"Title":"Dial M for Murder","Year":"1954","Rated":"PG","Released":"29 May 1954","Runtime":"105 min","Genre":"Crime, Film-Noir, Thriller","Director":"Alfred Hitchcock","Writer":"Frederick Knott (screen play), Frederick Knott (adapted from his play)","Actors":"Ray Milland, Grace Kelly, Robert Cummings, John Williams","Plot":"An ex-tennis pro carries out a plot to murder his wife. When things go wrong, he improvises a brilliant plan B.","Language":"English","Country":"USA","Awards":"Nominated for 1 BAFTA Film Award. Another 3 wins & 2 nominations.","Poster":"https://images-na.ssl-images-amazon.com/images/M/MV5BMTkyNzc4ODk4N15BMl5BanBnXkFtZTcwMDE5ODEwNA@@._V1_SX300.jpg","Ratings":[{"Source":"Internet Movie Database","Value":"8.2/10"},{"Source":"Rotten Tomatoes","Value":"88%"}],"Metascore":"N/A","imdbRating":"8.2","imdbVotes":"112,447","imdbID":"tt0046912","Type":"movie","DVD":"07 Sep 2004","BoxOffice":"N/A","Production":"Warner Bros. Pictures","Website":"N/A","Response":"True"}