{"Title":"Madame Butterfly","Year":"1995","Rated":"N/A","Released":"22 Nov 1995","Runtime":"134 min","Genre":"Drama, Music","Director":"Frédéric Mitterrand","Writer":"Giuseppe Giacosa (libretto), Luigi Illica (libretto), Frédéric Mitterrand (adaptation)","Actors":"Ying Huang, Richard Troxell, Ning Liang, Richard Cowan","Plot":"The story of a young geisha who falls madly in love with an american captain that travels all around the world collecting hearts.","Language":"Italian","Country":"France, UK, Germany","Awards":"1 win & 1 nomination.","Poster":"https://images-na.ssl-images-amazon.com/images/M/MV5BMTI3NTU2MDQzNV5BMl5BanBnXkFtZTcwNTQ4NDkxMQ@@._V1_SX300.jpg","Ratings":[{"Source":"Internet Movie Database","Value":"7.0/10"},{"Source":"Rotten Tomatoes","Value":"70%"}],"Metascore":"N/A","imdbRating":"7.0","imdbVotes":"498","imdbID":"tt0113731","Type":"movie","DVD":"26 Feb 2002","BoxOffice":"N/A","Production":"Sony Pictures Home Entertainment","Website":"N/A","Response":"True"}