{"Title":"Reservoir Dogs","Year":"1992","Rated":"R","Released":"02 Sep 1992","Runtime":"99 min","Genre":"Crime, Drama, Thriller","Director":"Quentin Tarantino","Writer":"Quentin Tarantino, Roger Avary (background radio dialog), Quentin Tarantino (background radio dialog)","Actors":"Harvey Keitel, Tim Roth, Michael Madsen, Chris Penn","Plot":"After a simple jewelry heist goes terribly wrong, the surviving criminals begin to suspect that one of them is a police informant.","Language":"English","Country":"USA","Awards":"9 wins & 15 nominations.","Poster":"https://images-na.ssl-images-amazon.com/images/M/MV5BNDc0YWFhMmQtOTFhZC00MzViLTlkNjctMWUzYTI2YWFkNzVlXkEyXkFqcGdeQXVyNjE5MjUyOTM@._V1_SX300.jpg","Ratings":[{"Source":"Internet Movie Database","Value":"8.3/10"},{"Source":"Rotten Tomatoes","Value":"90%"},{"Source":"Metacritic","Value":"78/100"}],"Metascore":"78","imdbRating":"8.3","imdbVotes":"706,058","imdbID":"tt0105236","Type":"movie","DVD":"05 Nov 2002","BoxOffice":"N/A","Production":"Miramax Films","Website":"N/A","Response":"True"}