{"Title":"Headless Body in Topless Bar","Year":"1995","Rated":"N/A","Released":"16 Feb 1996","Runtime":"110 min","Genre":"Comedy, Crime, Drama","Director":"James Bruce","Writer":"Peter Koper","Actors":"Raymond J. Barry, Rustam Branaman, Jennifer MacDonald, Taylor Nichols","Plot":"Late one night, in a seedy topless bar, a group of men watch a stripper dance over their malted beverages. But, one of them is an ex-con who's about to put the group on a collision course ...","Language":"English","Country":"USA","Awards":"N/A","Poster":"https://images-na.ssl-images-amazon.com/images/M/MV5BMTYyMTAzNDY0NF5BMl5BanBnXkFtZTcwODc4ODcxMQ@@._V1_SX300.jpg","Ratings":[{"Source":"Internet Movie Database","Value":"4.7/10"}],"Metascore":"N/A","imdbRating":"4.7","imdbVotes":"182","imdbID":"tt0113276","Type":"movie","DVD":"30 Apr 2002","BoxOffice":"N/A","Production":"Eclectic DVD Distribution","Website":"N/A","Response":"True"}