{"Title":"Platoon","Year":"1986","Rated":"R","Released":"06 Feb 1987","Runtime":"120 min","Genre":"Drama, War","Director":"Oliver Stone","Writer":"Oliver Stone","Actors":"Tom Berenger, Keith David, Willem Dafoe, Forest Whitaker","Plot":"A young recruit in Vietnam faces a moral crisis when confronted with the horrors of war and the duality of man.","Language":"English, Vietnamese","Country":"UK, USA","Awards":"Won 4 Oscars. Another 19 wins & 14 nominations.","Poster":"https://images-na.ssl-images-amazon.com/images/M/MV5BZmJlOTE1ZTgtODdmNC00NmZhLThlZDYtNTllMmIyOTIwN2EwL2ltYWdlL2ltYWdlXkEyXkFqcGdeQXVyMTQxNzMzNDI@._V1_SX300.jpg","Ratings":[{"Source":"Internet Movie Database","Value":"8.1/10"},{"Source":"Rotten Tomatoes","Value":"88%"}],"Metascore":"N/A","imdbRating":"8.1","imdbVotes":"307,746","imdbID":"tt0091763","Type":"movie","DVD":"09 Dec 1997","BoxOffice":"N/A","Production":"Orion Pictures","Website":"N/A","Response":"True"}