{"Title":"Weekend at Bernie's","Year":"1989","Rated":"PG-13","Released":"05 Jul 1989","Runtime":"97 min","Genre":"Adventure, Comedy, Crime","Director":"Ted Kotcheff","Writer":"Robert Klane","Actors":"Andrew McCarthy, Jonathan Silverman, Catherine Mary Stewart, Terry Kiser","Plot":"Two losers try to pretend that their murdered employer is really alive, leading the hitman to attempt to track him down to finish him off.","Language":"English","Country":"USA","Awards":"1 nomination.","Poster":"https://images-na.ssl-images-amazon.com/images/M/MV5BZDgwN2QxODItOTcwZS00ZDA1LThjYzUtZTI5NWI3YWY4ZjM4XkEyXkFqcGdeQXVyNjE5MjUyOTM@._V1_SX300.jpg","Ratings":[{"Source":"Internet Movie Database","Value":"6.3/10"},{"Source":"Rotten Tomatoes","Value":"52%"},{"Source":"Metacritic","Value":"24/100"}],"Metascore":"24","imdbRating":"6.3","imdbVotes":"39,907","imdbID":"tt0098627","Type":"movie","DVD":"15 Dec 1999","BoxOffice":"N/A","Production":"20th Century Fox","Website":"N/A","Response":"True"}