{"Title":"The Doors: The Soft Parade","Year":"1991","Rated":"N/A","Released":"N/A","Runtime":"50 min","Genre":"Documentary, Music","Director":"Ray Manzarek","Writer":"N/A","Actors":"Robby Krieger, Ray Manzarek, John Densmore, Jim Morrison","Plot":"N/A","Language":"English","Country":"USA","Awards":"N/A","Poster":"https://images-na.ssl-images-amazon.com/images/M/MV5BMjAzMDk0NTIyNl5BMl5BanBnXkFtZTcwNzcxMDIyMQ@@._V1_SX300.jpg","Ratings":[{"Source":"Internet Movie Database","Value":"8.0/10"}],"Metascore":"N/A","imdbRating":"8.0","imdbVotes":"218","imdbID":"tt0195660","Type":"movie","DVD":"12 Sep 1991","BoxOffice":"N/A","Production":"N/A","Website":"N/A","Response":"True"}