{"Title":"The Crying Game","Year":"1992","Rated":"R","Released":"19 Feb 1993","Runtime":"112 min","Genre":"Crime, Drama, Romance","Director":"Neil Jordan","Writer":"Neil Jordan","Actors":"Forest Whitaker, Miranda Richardson, Stephen Rea, Adrian Dunbar","Plot":"A British soldier is kidnapped by IRA terrorists. He befriends one of his captors, who is drawn into the soldier's world.","Language":"English","Country":"UK, Japan, USA","Awards":"Won 1 Oscar. Another 20 wins & 36 nominations.","Poster":"https://images-na.ssl-images-amazon.com/images/M/MV5BYWU4MjQ3YzUtNTA3YS00YmRmLTk1YjktODM1NGU0MjFiOTUzXkEyXkFqcGdeQXVyMTQxNzMzNDI@._V1_SX300.jpg","Ratings":[{"Source":"Internet Movie Database","Value":"7.3/10"},{"Source":"Rotten Tomatoes","Value":"97%"},{"Source":"Metacritic","Value":"90/100"}],"Metascore":"90","imdbRating":"7.3","imdbVotes":"42,938","imdbID":"tt0104036","Type":"movie","DVD":"13 Jan 1998","BoxOffice":"N/A","Production":"Live Home Video","Website":"N/A","Response":"True"}