{"Title":"Sophie's Choice","Year":"1982","Rated":"R","Released":"04 Mar 1983","Runtime":"150 min","Genre":"Drama, Romance","Director":"Alan J. Pakula","Writer":"William Styron (based on the novel: \"Sophie's Choice\" by), Alan J. Pakula (screenplay)","Actors":"Meryl Streep, Kevin Kline, Peter MacNicol, Rita Karin","Plot":"After spending time with his new neighbors, an aspiring writer realizes they are harboring deep secrets that will forever change him.","Language":"English, Polish, German, French, Russian","Country":"UK, USA","Awards":"Won 1 Oscar. Another 12 wins & 12 nominations.","Poster":"https://images-na.ssl-images-amazon.com/images/M/MV5BMTk3NDUyYTEtMzkyZi00YjMzLTkwMDUtYWMzNjIwNmM5NWQ5XkEyXkFqcGdeQXVyMTQxNzMzNDI@._V1_SX300.jpg","Ratings":[{"Source":"Internet Movie Database","Value":"7.7/10"},{"Source":"Rotten Tomatoes","Value":"79%"},{"Source":"Metacritic","Value":"68/100"}],"Metascore":"68","imdbRating":"7.7","imdbVotes":"31,259","imdbID":"tt0084707","Type":"movie","DVD":"17 Aug 1999","BoxOffice":"N/A","Production":"Twentieth Century Fox Home Entertainment","Website":"N/A","Response":"True"}