{"Title":"A Christmas Carol","Year":"1938","Rated":"NOT RATED","Released":"16 Dec 1938","Runtime":"69 min","Genre":"Drama, Family, Fantasy","Director":"Edwin L. Marin","Writer":"Charles Dickens (novel), Hugo Butler (screen play)","Actors":"Reginald Owen, Gene Lockhart, Kathleen Lockhart, Terry Kilburn","Plot":"On Christmas Eve, an old miser named Ebenezer Scrooge is visited by the spirit of his former partner, Jacob Marley. The deceased partner was in his lifetime as mean and miserly as Scrooge ...","Language":"English","Country":"USA","Awards":"N/A","Poster":"https://images-na.ssl-images-amazon.com/images/M/MV5BMzkwOTg5OTQ1MV5BMl5BanBnXkFtZTYwODA0MzI5._V1_SX300.jpg","Ratings":[{"Source":"Internet Movie Database","Value":"7.5/10"},{"Source":"Rotten Tomatoes","Value":"100%"}],"Metascore":"N/A","imdbRating":"7.5","imdbVotes":"4,637","imdbID":"tt0029992","Type":"movie","DVD":"08 Nov 2005","BoxOffice":"N/A","Production":"MGM","Website":"N/A","Response":"True"}