{"Title":"The American President","Year":"1995","Rated":"PG-13","Released":"17 Nov 1995","Runtime":"114 min","Genre":"Comedy, Drama, Romance","Director":"Rob Reiner","Writer":"Aaron Sorkin","Actors":"Michael Douglas, Annette Bening, Martin Sheen, Michael J. Fox","Plot":"Comedy-drama about a widowed U.S. president and a lobbyist who fall in love. It's all above-board, but \"politics is perception\" and sparks fly anyway.","Language":"English, French","Country":"USA","Awards":"Nominated for 1 Oscar. Another 1 win & 9 nominations.","Poster":"https://images-na.ssl-images-amazon.com/images/M/MV5BMTI5NDU2NDYzOF5BMl5BanBnXkFtZTYwNDk5MDI5._V1_SX300.jpg","Ratings":[{"Source":"Internet Movie Database","Value":"6.8/10"},{"Source":"Rotten Tomatoes","Value":"90%"},{"Source":"Metacritic","Value":"67/100"}],"Metascore":"67","imdbRating":"6.8","imdbVotes":"44,473","imdbID":"tt0112346","Type":"movie","DVD":"31 Aug 1999","BoxOffice":"N/A","Production":"Columbia Pictures","Website":"N/A","Response":"True"}