{"Title":"Days of Thunder","Year":"1990","Rated":"PG-13","Released":"27 Jun 1990","Runtime":"107 min","Genre":"Action, Drama, Sport","Director":"Tony Scott","Writer":"Robert Towne (story), Tom Cruise (story), Robert Towne (screenplay)","Actors":"Tom Cruise, Nicole Kidman, Robert Duvall, Randy Quaid","Plot":"A young hot-shot stock car driver gets his chance to compete at the top level.","Language":"English, French","Country":"USA","Awards":"Nominated for 1 Oscar. Another 1 win.","Poster":"https://images-na.ssl-images-amazon.com/images/M/MV5BNjc5NjQ1ODIzN15BMl5BanBnXkFtZTgwMjkwNTg4NjE@._V1_SX300.jpg","Ratings":[{"Source":"Internet Movie Database","Value":"5.9/10"},{"Source":"Rotten Tomatoes","Value":"39%"},{"Source":"Metacritic","Value":"60/100"}],"Metascore":"60","imdbRating":"5.9","imdbVotes":"62,946","imdbID":"tt0099371","Type":"movie","DVD":"25 May 1999","BoxOffice":"N/A","Production":"Paramount Home Video","Website":"N/A","Response":"True"}