{"Title":"Top Gun","Year":"1986","Rated":"PG","Released":"16 May 1986","Runtime":"110 min","Genre":"Action, Drama, Romance","Director":"Tony Scott","Writer":"Jim Cash, Jack Epps Jr., Ehud Yonay (magazine article \"Top Guns\")","Actors":"Tom Cruise, Kelly McGillis, Val Kilmer, Anthony Edwards","Plot":"As students at the United States Navy's elite fighter weapons school compete to be best in the class, one daring young pilot learns a few things from a civilian instructor that are not taught in the classroom.","Language":"English","Country":"USA","Awards":"Won 1 Oscar. Another 10 wins & 5 nominations.","Poster":"https://images-na.ssl-images-amazon.com/images/M/MV5BZjQxYTA3ODItNzgxMy00N2Y2LWJlZGMtMTRlM2JkZjI1ZDhhXkEyXkFqcGdeQXVyNDk3NzU2MTQ@._V1_SX300.jpg","Ratings":[{"Source":"Internet Movie Database","Value":"6.9/10"},{"Source":"Rotten Tomatoes","Value":"55%"}],"Metascore":"N/A","imdbRating":"6.9","imdbVotes":"229,826","imdbID":"tt0092099","Type":"movie","DVD":"20 Oct 1998","BoxOffice":"N/A","Production":"Paramount Pictures","Website":"http://www.imax.com/movies/m/top-gun-an-imax-3d-experience/","Response":"True"}