{"Title":"American Strays","Year":"1996","Rated":"R","Released":"13 Sep 1996","Runtime":"97 min","Genre":"Action, Comedy","Director":"Michael Covert","Writer":"Michael Covert","Actors":"Scott Plank, Melora Walters, John Savage, Brion James","Plot":"The desert can be a lonely place for the people who live there or for those who are traveling through. It is also the teller of different stories including the story of a traveling salesman...","Language":"English","Country":"USA","Awards":"N/A","Poster":"https://images-na.ssl-images-amazon.com/images/M/MV5BMTIyODY1OTYxMF5BMl5BanBnXkFtZTcwNTk4ODUyMQ@@._V1_SX300.jpg","Ratings":[{"Source":"Internet Movie Database","Value":"5.4/10"}],"Metascore":"N/A","imdbRating":"5.4","imdbVotes":"544","imdbID":"tt0115531","Type":"movie","DVD":"09 Dec 1997","BoxOffice":"N/A","Production":"A-Pix","Website":"N/A","Response":"True"}