{"Title":"Rebel Without a Cause","Year":"1955","Rated":"PG-13","Released":"29 Oct 1955","Runtime":"111 min","Genre":"Drama","Director":"Nicholas Ray","Writer":"Stewart Stern (screen play), Irving Shulman (adaptation), Nicholas Ray (from a story by)","Actors":"James Dean, Natalie Wood, Sal Mineo, Jim Backus","Plot":"A rebellious young man with a troubled past comes to a new town, finding friends and enemies.","Language":"English","Country":"USA","Awards":"Nominated for 3 Oscars. Another 2 wins & 3 nominations.","Poster":"https://images-na.ssl-images-amazon.com/images/M/MV5BMjMwNWIwYzAtMWVhZi00YzQ2LTlmNGYtOTg3NDdkNTRjOWI2XkEyXkFqcGdeQXVyNjc1NTYyMjg@._V1_SX300.jpg","Ratings":[{"Source":"Internet Movie Database","Value":"7.8/10"},{"Source":"Rotten Tomatoes","Value":"96%"}],"Metascore":"N/A","imdbRating":"7.8","imdbVotes":"67,236","imdbID":"tt0048545","Type":"movie","DVD":"22 Jan 2002","BoxOffice":"N/A","Production":"Warner Bros. Pictures","Website":"N/A","Response":"True"}