{"Title":"A Streetcar Named Desire","Year":"1951","Rated":"PG","Released":"01 Dec 1951","Runtime":"122 min","Genre":"Drama","Director":"Elia Kazan","Writer":"Tennessee Williams (screen play), Oscar Saul (adaptation), Tennessee Williams (original play \"A Streetcar Named Desire\")","Actors":"Vivien Leigh, Marlon Brando, Kim Hunter, Karl Malden","Plot":"Disturbed Blanche DuBois moves in with her sister in New Orleans and is tormented by her brutish brother-in-law while her reality crumbles around her.","Language":"English, Spanish","Country":"USA","Awards":"Won 4 Oscars. Another 13 wins & 15 nominations.","Poster":"https://images-na.ssl-images-amazon.com/images/M/MV5BNzk2M2Y3MzYtNGMzMi00Y2FjLTkwODQtNmExYWU3ZWY3NzExXkEyXkFqcGdeQXVyNTA4NzY1MzY@._V1_SX300.jpg","Ratings":[{"Source":"Internet Movie Database","Value":"8.0/10"},{"Source":"Rotten Tomatoes","Value":"98%"}],"Metascore":"N/A","imdbRating":"8.0","imdbVotes":"81,727","imdbID":"tt0044081","Type":"movie","DVD":"18 May 1999","BoxOffice":"N/A","Production":"Warner Bros. Pictures","Website":"N/A","Response":"True"}