{"Title":"The Leopard Son","Year":"1996","Rated":"G","Released":"27 Sep 1996","Runtime":"87 min","Genre":"Documentary","Director":"Hugo Van Lawick","Writer":"Michael Olmert","Actors":"John Gielgud","Plot":"N/A","Language":"English","Country":"USA, Netherlands","Awards":"1 nomination.","Poster":"https://images-na.ssl-images-amazon.com/images/M/MV5BMjE0ODUxNTM0NF5BMl5BanBnXkFtZTcwNzk4NjgxMQ@@._V1_SX300.jpg","Ratings":[{"Source":"Internet Movie Database","Value":"7.3/10"},{"Source":"Rotten Tomatoes","Value":"50%"}],"Metascore":"N/A","imdbRating":"7.3","imdbVotes":"147","imdbID":"tt0116859","Type":"movie","DVD":"N/A","BoxOffice":"N/A","Production":"Hallmark Entertainment","Website":"N/A","Response":"True"}