{"Title":"Loser","Year":"1991","Rated":"N/A","Released":"27 Sep 1996","Runtime":"84 min","Genre":"Comedy","Director":"Erik Burke","Writer":"Erik Burke","Actors":"Brendan Kelly, John Salemmo, Nadine Miral, Bernice DeLeo","Plot":"A dark comedy about the wild night Hank has when he discovers that he has won a $200 million lottery jackpot.","Language":"N/A","Country":"USA","Awards":"N/A","Poster":"N/A","Ratings":[{"Source":"Internet Movie Database","Value":"7.7/10"}],"Metascore":"N/A","imdbRating":"7.7","imdbVotes":"15","imdbID":"tt0102336","Type":"movie","DVD":"N/A","BoxOffice":"N/A","Production":"N/A","Website":"N/A","Response":"True"}