{"Title":"Taxi Driver","Year":"1976","Rated":"R","Released":"08 Feb 1976","Runtime":"113 min","Genre":"Crime, Drama","Director":"Martin Scorsese","Writer":"Paul Schrader","Actors":"Diahnne Abbott, Frank Adu, Victor Argo, Gino Ardito","Plot":"A mentally unstable Vietnam War veteran works as a night-time taxi driver in New York City where the perceived decadence and sleaze feeds his urge for violent action, attempting to save a preadolescent prostitute in the process.","Language":"English, Spanish","Country":"USA","Awards":"Nominated for 4 Oscars. Another 21 wins & 15 nominations.","Poster":"https://images-na.ssl-images-amazon.com/images/M/MV5BNGQxNDgzZWQtZTNjNi00M2RkLWExZmEtNmE1NjEyZDEwMzA5XkEyXkFqcGdeQXVyMTQxNzMzNDI@._V1_SX300.jpg","Ratings":[{"Source":"Internet Movie Database","Value":"8.3/10"},{"Source":"Rotten Tomatoes","Value":"99%"},{"Source":"Metacritic","Value":"93/100"}],"Metascore":"93","imdbRating":"8.3","imdbVotes":"541,332","imdbID":"tt0075314","Type":"movie","DVD":"15 Jun 1999","BoxOffice":"N/A","Production":"Columbia Pictures","Website":"N/A","Response":"True"}