{"Title":"Microcosmos","Year":"1996","Rated":"G","Released":"06 Sep 1996","Runtime":"80 min","Genre":"Documentary","Director":"Claude Nuridsany, Marie Pérennou","Writer":"Claude Nuridsany, Marie Pérennou","Actors":"Jacques Perrin, Kristin Scott Thomas","Plot":"A documentary on insect life in meadows and ponds.","Language":"French","Country":"France, Switzerland, Italy","Awards":"8 wins & 7 nominations.","Poster":"https://images-na.ssl-images-amazon.com/images/M/MV5BMTQ4MDU2ODcyNF5BMl5BanBnXkFtZTcwOTk2NDEzMQ@@._V1_SX300.jpg","Ratings":[{"Source":"Internet Movie Database","Value":"7.9/10"},{"Source":"Rotten Tomatoes","Value":"97%"}],"Metascore":"N/A","imdbRating":"7.9","imdbVotes":"9,493","imdbID":"tt0117040","Type":"movie","DVD":"02 Sep 1997","BoxOffice":"N/A","Production":"Miramax","Website":"N/A","Response":"True"}