{"Title":"The Associate","Year":"1996","Rated":"PG-13","Released":"25 Oct 1996","Runtime":"114 min","Genre":"Comedy","Director":"Donald Petrie","Writer":"Jenaro Prieto (novel), Jean-Claude Carrière (screenplay), René Gainville (screenplay), Nick Thiel (screenplay)","Actors":"Whoopi Goldberg, Dianne Wiest, Eli Wallach, Tim Daly","Plot":"A comedy about making it on Wall Street. Prejudices are hard to break and Laurel Ayres quickly learns that in order for people to take her seriously she has to work for an older white man or be one.","Language":"English","Country":"USA","Awards":"N/A","Poster":"https://images-na.ssl-images-amazon.com/images/M/MV5BMTczNDYyNjUyOV5BMl5BanBnXkFtZTcwNDc3MTAyMQ@@._V1_SX300.jpg","Ratings":[{"Source":"Internet Movie Database","Value":"6.0/10"},{"Source":"Rotten Tomatoes","Value":"28%"}],"Metascore":"N/A","imdbRating":"6.0","imdbVotes":"6,277","imdbID":"tt0115580","Type":"movie","DVD":"15 May 2001","BoxOffice":"N/A","Production":"Hollywood Pictures","Website":"N/A","Response":"True"}