{"Title":"The Funeral","Year":"1996","Rated":"R","Released":"01 Nov 1996","Runtime":"99 min","Genre":"Crime, Drama","Director":"Abel Ferrara","Writer":"Nicholas St. John","Actors":"Christopher Walken, Chris Penn, Annabella Sciorra, Isabella Rossellini","Plot":"New York City, the 1930s. A powerful crime family is caught in a lethal crossfire between union organizers and brutal corporate bosses. Against this turbulent backdrop, the family's three ...","Language":"English, Italian","Country":"USA","Awards":"2 wins & 6 nominations.","Poster":"https://images-na.ssl-images-amazon.com/images/M/MV5BYTQ5ZDQxYmEtOWNjMy00MDM1LTliZGUtYWI5MGMwMWNkMGU4XkEyXkFqcGdeQXVyMTAwMzUyOTc@._V1_SX300.jpg","Ratings":[{"Source":"Internet Movie Database","Value":"6.6/10"},{"Source":"Rotten Tomatoes","Value":"79%"}],"Metascore":"N/A","imdbRating":"6.6","imdbVotes":"7,103","imdbID":"tt0116378","Type":"movie","DVD":"11 Jul 2000","BoxOffice":"N/A","Production":"Echo Bridge Home Entertainment","Website":"N/A","Response":"True"}