{"Title":"Sleepover","Year":"1995","Rated":"N/A","Released":"25 Oct 1996","Runtime":"88 min","Genre":"Drama","Director":"John F. Sullivan","Writer":"John F. Sullivan","Actors":"Michael Albanese, Evi Allen, Shannon Barry, Cari Beuchamp","Plot":"Critically acclaimed film from the heyday of American indies, Six teens steal the family car and go out for a night on the town. Jealousy, lust and power dynamics soon make it a night that they all will remember.","Language":"English","Country":"USA","Awards":"N/A","Poster":"https://images-na.ssl-images-amazon.com/images/M/MV5BMTUzMzY5MDA4M15BMl5BanBnXkFtZTcwNjE4MzAzMQ@@._V1_SX300.jpg","Ratings":[{"Source":"Internet Movie Database","Value":"5.5/10"}],"Metascore":"N/A","imdbRating":"5.5","imdbVotes":"38","imdbID":"tt0114472","Type":"movie","DVD":"30 Aug 2005","BoxOffice":"N/A","Production":"N/A","Website":"N/A","Response":"True"}