{"Title":"The Eighth Day","Year":"1996","Rated":"N/A","Released":"07 Mar 1997","Runtime":"118 min","Genre":"Comedy, Drama","Director":"Jaco Van Dormael","Writer":"Jaco Van Dormael","Actors":"Daniel Auteuil, Pascal Duquenne, Miou-Miou, Henri Garcin","Plot":"An unusual and wonderful friendship develops between a busy but unhappy salesman and a resident of a mental asylum.","Language":"French","Country":"Belgium, France, UK","Awards":"Nominated for 1 Golden Globe. Another 6 wins & 5 nominations.","Poster":"https://images-na.ssl-images-amazon.com/images/M/MV5BZDE4MzJiZGItNmU4ZS00MWEzLWE2NjAtMWMzMzcwMDJhYmM4XkEyXkFqcGdeQXVyMTAwMzUyOTc@._V1_SX300.jpg","Ratings":[{"Source":"Internet Movie Database","Value":"7.6/10"},{"Source":"Rotten Tomatoes","Value":"67%"}],"Metascore":"N/A","imdbRating":"7.6","imdbVotes":"7,462","imdbID":"tt0116581","Type":"movie","DVD":"N/A","BoxOffice":"N/A","Production":"Working Title Films","Website":"N/A","Response":"True"}