{"Title":"Rumble in the Bronx","Year":"1995","Rated":"R","Released":"23 Feb 1996","Runtime":"87 min","Genre":"Action, Comedy, Crime","Director":"Stanley Tong","Writer":"Edward Tang, Fibe Ma","Actors":"Jackie Chan, Anita Mui, Françoise Yip, Bill Tung","Plot":"A young man visiting and helping his uncle in New York City finds himself forced to fight a street gang and the mob with his martial art skills.","Language":"Cantonese, English","Country":"Hong Kong","Awards":"2 wins & 9 nominations.","Poster":"https://images-na.ssl-images-amazon.com/images/M/MV5BZTUxMzY1N2YtZjM5NC00MmUzLThkNzEtYjNiYzg0MzI4MDc5L2ltYWdlXkEyXkFqcGdeQXVyNTAyODkwOQ@@._V1_SX300.jpg","Ratings":[{"Source":"Internet Movie Database","Value":"6.7/10"},{"Source":"Rotten Tomatoes","Value":"79%"},{"Source":"Metacritic","Value":"61/100"}],"Metascore":"61","imdbRating":"6.7","imdbVotes":"31,313","imdbID":"tt0113326","Type":"movie","DVD":"04 Sep 2001","BoxOffice":"N/A","Production":"New Line Cinema","Website":"N/A","Response":"True"}