{"Title":"The People vs. Larry Flynt","Year":"1996","Rated":"R","Released":"10 Jan 1997","Runtime":"129 min","Genre":"Biography, Drama","Director":"Milos Forman","Writer":"Scott Alexander, Larry Karaszewski","Actors":"Woody Harrelson, Courtney Love, Edward Norton, Brett Harrelson","Plot":"A partially idealized film of the controversial pornography publisher and how he became a defender of free speech for all people.","Language":"English","Country":"USA","Awards":"Nominated for 2 Oscars. Another 22 wins & 31 nominations.","Poster":"https://images-na.ssl-images-amazon.com/images/M/MV5BMTY3NjA3OTY2Nl5BMl5BanBnXkFtZTgwMjAyNjQxMTE@._V1_SX300.jpg","Ratings":[{"Source":"Internet Movie Database","Value":"7.3/10"},{"Source":"Rotten Tomatoes","Value":"87%"},{"Source":"Metacritic","Value":"79/100"}],"Metascore":"79","imdbRating":"7.3","imdbVotes":"74,722","imdbID":"tt0117318","Type":"movie","DVD":"01 Jan 1998","BoxOffice":"N/A","Production":"Columbia Pictures","Website":"N/A","Response":"True"}