{"Title":"Plutonium Circus","Year":"1995","Rated":"N/A","Released":"13 Oct 1995","Runtime":"N/A","Genre":"Documentary","Director":"George Ratliff","Writer":"N/A","Actors":"Mavis Beslile, Bruce Friedrich, Charles Johnson III, Stanley Marsh","Plot":"Funny yet incisive look at the PANTEX Nuclear Weapons Plant, in Amarillo, TX, which was used for nuclear weapons assembly during the Cold War. The plant, which provides most of the jobs for...","Language":"English","Country":"USA","Awards":"3 wins.","Poster":"http://ia.media-imdb.com/images/M/MV5BMTc5MDAwNDE5N15BMl5BanBnXkFtZTcwNjEwMDcxMQ@@._V1_SX300.jpg","Ratings":[{"Source":"Internet Movie Database","Value":"6.3/10"}],"Metascore":"N/A","imdbRating":"6.3","imdbVotes":"63","imdbID":"tt0114147","Type":"movie","DVD":"N/A","BoxOffice":"N/A","Production":"N/A","Website":"N/A","Response":"True"}