{"Title":"A Perfect Candidate","Year":"1996","Rated":"N/A","Released":"19 Jun 1996","Runtime":"105 min","Genre":"Documentary","Director":"R.J. Cutler, David Van Taylor","Writer":"N/A","Actors":"Don Baker, Mark Goodin, Mark Merritt, Peter Baker","Plot":"The filmmakers follow Oliver North's unsuccessful 1994 bid for a Virginia Senate seat, focusing on North's campaign strategist, Mark Goodin, and a Washington Post reporter. Mudslinging ...","Language":"English","Country":"USA","Awards":"1 nomination.","Poster":"https://images-na.ssl-images-amazon.com/images/M/MV5BMTMzMjgyMjI2N15BMl5BanBnXkFtZTcwMzg1NTUyMQ@@._V1_SX300.jpg","Ratings":[{"Source":"Internet Movie Database","Value":"7.3/10"},{"Source":"Rotten Tomatoes","Value":"88%"}],"Metascore":"N/A","imdbRating":"7.3","imdbVotes":"245","imdbID":"tt0117320","Type":"movie","DVD":"20 Apr 2004","BoxOffice":"N/A","Production":"Seventh Art Releasing","Website":"N/A","Response":"True"}