{"Title":"On Golden Pond","Year":"1981","Rated":"PG","Released":"12 Feb 1982","Runtime":"109 min","Genre":"Drama","Director":"Mark Rydell","Writer":"Ernest Thompson (screenplay), Ernest Thompson (based on his play)","Actors":"Katharine Hepburn, Henry Fonda, Jane Fonda, Doug McKeon","Plot":"Norman is a curmudgeon with an estranged relationship with his daughter Chelsea. At Golden Pond, he and his wife nevertheless agree to care for Billy, the son of Chelsea's new boyfriend, and a most unexpected relationship blooms.","Language":"English","Country":"UK, USA","Awards":"Won 3 Oscars. Another 11 wins & 23 nominations.","Poster":"https://images-na.ssl-images-amazon.com/images/M/MV5BNDg3MTIzMTYxNl5BMl5BanBnXkFtZTcwMjAxNzY0MQ@@._V1_SX300.jpg","Ratings":[{"Source":"Internet Movie Database","Value":"7.7/10"},{"Source":"Rotten Tomatoes","Value":"92%"}],"Metascore":"N/A","imdbRating":"7.7","imdbVotes":"22,319","imdbID":"tt0082846","Type":"movie","DVD":"20 Mar 2001","BoxOffice":"N/A","Production":"Twentieth Century Fox Home Entertainment","Website":"N/A","Response":"True"}