{"Title":"Drop Dead Fred","Year":"1991","Rated":"PG-13","Released":"24 May 1991","Runtime":"103 min","Genre":"Comedy, Drama, Fantasy","Director":"Ate de Jong","Writer":"Elizabeth Livingston (story), Carlos Davis, Anthony Fingleton","Actors":"Phoebe Cates, Rik Mayall, Marsha Mason, Tim Matheson","Plot":"A young woman finds her already unstable life rocked by the presence of a rambunctious imaginary friend from childhood.","Language":"English","Country":"USA, UK","Awards":"N/A","Poster":"https://images-na.ssl-images-amazon.com/images/M/MV5BMDNkZWIzZjktYWNkMi00MTQ2LWIyMTgtMmJhOGRiZDZlNmU4XkEyXkFqcGdeQXVyNTUyMzE4Mzg@._V1_SX300.jpg","Ratings":[{"Source":"Internet Movie Database","Value":"5.8/10"},{"Source":"Rotten Tomatoes","Value":"9%"}],"Metascore":"N/A","imdbRating":"5.8","imdbVotes":"22,757","imdbID":"tt0101775","Type":"movie","DVD":"22 Jul 2003","BoxOffice":"N/A","Production":"New Line Cinema","Website":"N/A","Response":"True"}