{"Title":"The Abyss","Year":"1989","Rated":"PG-13","Released":"09 Aug 1989","Runtime":"145 min","Genre":"Adventure, Drama, Romance","Director":"James Cameron","Writer":"James Cameron","Actors":"Ed Harris, Mary Elizabeth Mastrantonio, Michael Biehn, Leo Burmester","Plot":"A civilian diving team is enlisted to search for a lost nuclear submarine and face danger while encountering an alien aquatic species.","Language":"English","Country":"USA","Awards":"Won 1 Oscar. Another 6 wins & 13 nominations.","Poster":"https://images-na.ssl-images-amazon.com/images/M/MV5BYWMzMDNlMDQtMTYyYi00OTM3LTllZDYtYThhMTk5MzNhZTRhXkEyXkFqcGdeQXVyMDUyOTUyNQ@@._V1_SX300.jpg","Ratings":[{"Source":"Internet Movie Database","Value":"7.6/10"},{"Source":"Rotten Tomatoes","Value":"89%"},{"Source":"Metacritic","Value":"62/100"}],"Metascore":"62","imdbRating":"7.6","imdbVotes":"136,647","imdbID":"tt0096754","Type":"movie","DVD":"07 Nov 2000","BoxOffice":"N/A","Production":"20th Century Fox Film Corporat","Website":"N/A","Response":"True"}