{"Title":"The Fog","Year":"1980","Rated":"R","Released":"08 Feb 1980","Runtime":"89 min","Genre":"Horror, Thriller","Director":"John Carpenter","Writer":"John Carpenter, Debra Hill","Actors":"Adrienne Barbeau, Jamie Lee Curtis, Janet Leigh, John Houseman","Plot":"Legend says that Antonio Bay was built in 1880 with blood money obtained from shipwrecked lepers, which no one believes. On the eve of the town's centennial, many plan to attend the celebrations, including the murdered lepers.","Language":"English","Country":"USA","Awards":"1 win & 2 nominations.","Poster":"https://images-na.ssl-images-amazon.com/images/M/MV5BNmMwMWM1MWMtOGJlYS00NmIyLWI0MjYtNjJkNDI5OWQ2YjE2XkEyXkFqcGdeQXVyMTQxNzMzNDI@._V1_SX300.jpg","Ratings":[{"Source":"Internet Movie Database","Value":"6.8/10"},{"Source":"Rotten Tomatoes","Value":"71%"}],"Metascore":"N/A","imdbRating":"6.8","imdbVotes":"48,741","imdbID":"tt0080749","Type":"movie","DVD":"27 Aug 2002","BoxOffice":"N/A","Production":"AVCO Embassy Pictures","Website":"N/A","Response":"True"}