{"Title":"Before and After","Year":"1996","Rated":"PG-13","Released":"23 Feb 1996","Runtime":"108 min","Genre":"Crime, Drama, Mystery","Director":"Barbet Schroeder","Writer":"Rosellen Brown (book), Ted Tally (screenplay)","Actors":"Meryl Streep, Liam Neeson, Edward Furlong, Julia Weldon","Plot":"Two parents deal with the effects when their son is accused of murdering his girlfriend.","Language":"English","Country":"USA","Awards":"N/A","Poster":"https://images-na.ssl-images-amazon.com/images/M/MV5BMTgwODk4NDkzNF5BMl5BanBnXkFtZTcwMjA0MjUyMQ@@._V1_SX300.jpg","Ratings":[{"Source":"Internet Movie Database","Value":"6.1/10"},{"Source":"Rotten Tomatoes","Value":"32%"}],"Metascore":"N/A","imdbRating":"6.1","imdbVotes":"6,914","imdbID":"tt0115645","Type":"movie","DVD":"06 Apr 2004","BoxOffice":"N/A","Production":"Disney","Website":"N/A","Response":"True"}