{"Title":"Jean de Florette","Year":"1986","Rated":"PG","Released":"28 Aug 1987","Runtime":"120 min","Genre":"Crime, Drama","Director":"Claude Berri","Writer":"Claude Berri (adaptation), Gérard Brach (adaptation), Marcel Pagnol (novel)","Actors":"Yves Montand, Gérard Depardieu, Daniel Auteuil, Elisabeth Depardieu","Plot":"A greedy landowner and his backward nephew conspire to block the only water source for an adjoining property in order to bankrupt the owner and force him to sell.","Language":"French","Country":"Switzerland, France, Italy","Awards":"Nominated for 1 Golden Globe. Another 11 wins & 16 nominations.","Poster":"https://images-na.ssl-images-amazon.com/images/M/MV5BMTgxNDc1NTE2OF5BMl5BanBnXkFtZTcwMjczNzA2NA@@._V1_SX300.jpg","Ratings":[{"Source":"Internet Movie Database","Value":"8.1/10"},{"Source":"Rotten Tomatoes","Value":"100%"}],"Metascore":"N/A","imdbRating":"8.1","imdbVotes":"20,350","imdbID":"tt0091288","Type":"movie","DVD":"23 Jan 2001","BoxOffice":"N/A","Production":"MGM Home Entertainment","Website":"N/A","Response":"True"}