{"Title":"Manon of the Spring","Year":"1986","Rated":"PG","Released":"04 Dec 1987","Runtime":"113 min","Genre":"Drama","Director":"Claude Berri","Writer":"Claude Berri (adaptation), Gérard Brach (adaptation), Marcel Pagnol (novel)","Actors":"Yves Montand, Daniel Auteuil, Emmanuelle Béart, Hippolyte Girardot","Plot":"A beautiful but shy shepherdess plots vengeance on the men whose greedy conspiracy to acquire her father's land caused his death years earlier.","Language":"French","Country":"Switzerland, Italy, France","Awards":"Nominated for 1 BAFTA Film Award. Another 4 wins & 2 nominations.","Poster":"https://images-na.ssl-images-amazon.com/images/M/MV5BMTcxMzkzMTM5Nl5BMl5BanBnXkFtZTcwODkzNzA2NA@@._V1_SX300.jpg","Ratings":[{"Source":"Internet Movie Database","Value":"8.0/10"},{"Source":"Rotten Tomatoes","Value":"80%"}],"Metascore":"N/A","imdbRating":"8.0","imdbVotes":"17,366","imdbID":"tt0091480","Type":"movie","DVD":"23 Jan 2001","BoxOffice":"N/A","Production":"Orion Classics","Website":"N/A","Response":"True"}