{"Title":"Talking About Sex","Year":"1994","Rated":"NOT RATED","Released":"N/A","Runtime":"87 min","Genre":"Comedy, Drama, Romance","Director":"Aaron Speiser","Writer":"Carl Nelson (screenplay), Aaron Speiser (screenplay), Aaron Speiser (story)","Actors":"Kim Wayans, Daniel Beer, Daria Lynn, Randy Powell","Plot":"N/A","Language":"English","Country":"USA","Awards":"N/A","Poster":"N/A","Ratings":[{"Source":"Internet Movie Database","Value":"6.1/10"}],"Metascore":"N/A","imdbRating":"6.1","imdbVotes":"27","imdbID":"tt0111357","Type":"movie","DVD":"29 Oct 1996","BoxOffice":"N/A","Production":"N/A","Website":"N/A","Response":"True"}