{"Title":"Private Benjamin","Year":"1980","Rated":"R","Released":"10 Oct 1980","Runtime":"109 min","Genre":"Comedy, War","Director":"Howard Zieff","Writer":"Nancy Meyers, Charles Shyer, Harvey Miller","Actors":"Goldie Hawn, Eileen Brennan, Armand Assante, Robert Webber","Plot":"A sheltered young high society woman joins the United States Army on a whim and finds herself in a more difficult situation than she ever expected.","Language":"English","Country":"USA","Awards":"Nominated for 3 Oscars. Another 1 win & 3 nominations.","Poster":"https://images-na.ssl-images-amazon.com/images/M/MV5BMjIyNjkxMjUyMF5BMl5BanBnXkFtZTgwMzU0MjEyMDE@._V1_SX300.jpg","Ratings":[{"Source":"Internet Movie Database","Value":"6.1/10"},{"Source":"Rotten Tomatoes","Value":"88%"}],"Metascore":"N/A","imdbRating":"6.1","imdbVotes":"18,966","imdbID":"tt0081375","Type":"movie","DVD":"01 May 2001","BoxOffice":"N/A","Production":"Warner Bros. Pictures","Website":"N/A","Response":"True"}