{"Title":"Hustler White","Year":"1996","Rated":"UNRATED","Released":"19 Jul 1996","Runtime":"79 min","Genre":"Drama, Romance","Director":"Rick Castro, Bruce La Bruce","Writer":"Bruce La Bruce, Rick Castro","Actors":"Tony Ward, Bruce La Bruce, Kevin P. Scott, Ivar Johnson","Plot":"Reminiscent of Sunset Boulevard, Hustler White transposes the action from the silver screen's old movie backlots to contemporary male prostitution and the porn industry. Said to be an homage to classic Hollywood cinema.","Language":"English","Country":"Germany, Canada","Awards":"N/A","Poster":"https://images-na.ssl-images-amazon.com/images/M/MV5BMTI0MTA5NzUyNF5BMl5BanBnXkFtZTcwMTk1MzMyMQ@@._V1_SX300.jpg","Ratings":[{"Source":"Internet Movie Database","Value":"6.0/10"}],"Metascore":"N/A","imdbRating":"6.0","imdbVotes":"966","imdbID":"tt0116587","Type":"movie","DVD":"09 Jul 2002","BoxOffice":"N/A","Production":"N/A","Website":"N/A","Response":"True"}