{"Title":"Dadetown","Year":"1995","Rated":"N/A","Released":"18 Sep 1996","Runtime":"93 min","Genre":"Drama","Director":"Russ Hexter","Writer":"Russ Hexter, John Housley","Actors":"Jim Pryor, Stephen Beals, Fred Worrell, Edith Meeks","Plot":"Interviews in the Michael Moore/\"Roger and Me\" tradition examine life in small-town America, class conflicts and the collapse of an upstate New York community, Dadetown, when the town's ...","Language":"English","Country":"USA","Awards":"N/A","Poster":"https://images-na.ssl-images-amazon.com/images/M/MV5BZWQ2MDY3NGMtODg5Zi00YzI1LTkyM2QtNzAzODNlM2M1M2I3XkEyXkFqcGdeQXVyMzU0NzkwMDg@._V1_SX300.jpg","Ratings":[{"Source":"Internet Movie Database","Value":"7.2/10"}],"Metascore":"N/A","imdbRating":"7.2","imdbVotes":"191","imdbID":"tt0112777","Type":"movie","DVD":"N/A","BoxOffice":"N/A","Production":"N/A","Website":"N/A","Response":"True"}