{"Title":"Everything Relative","Year":"1996","Rated":"R","Released":"13 Sep 1996","Runtime":"110 min","Genre":"Drama","Director":"Sharon Pollack","Writer":"Sharon Pollack","Actors":"Monica Bell, Carol Schneider, Ellen McLaughlin, Gabriella Messina","Plot":"Old college chums get together for a weekend reunion that is bound to open old wounds and perhaps heal them. New romances find a spark while old ones rekindle.","Language":"English","Country":"USA","Awards":"N/A","Poster":"http://ia.media-imdb.com/images/M/MV5BMTc1Mjc2MzExMV5BMl5BanBnXkFtZTcwNzEyMTUyMQ@@._V1_SX300.jpg","Ratings":[{"Source":"Internet Movie Database","Value":"6.1/10"},{"Source":"Rotten Tomatoes","Value":"25%"}],"Metascore":"N/A","imdbRating":"6.1","imdbVotes":"163","imdbID":"tt0116245","Type":"movie","DVD":"26 Nov 2002","BoxOffice":"N/A","Production":"Wolfe Video","Website":"N/A","Response":"True"}