{"Title":"Margaret's Museum","Year":"1995","Rated":"R","Released":"26 Jan 1996","Runtime":"114 min","Genre":"Drama","Director":"Mort Ransen","Writer":"Sheldon Currie (story \"The Glace Bay Miner's Museum\"), Gerald Wexler, Mort Ransen","Actors":"Helena Bonham Carter, Clive Russell, Craig Anthony Olejnik, Kate Nelligan","Plot":"Margaret MacNiel, a girl living in a Cape Breton coal mining town, finds her life changing when she meets Neil Currie, a cheerful bagpipe-playing dishwasher. Unfortunately, neither of them are able to escape the industry around them.","Language":"English, Scottish Gaelic, Cantonese","Country":"Canada, UK","Awards":"10 wins & 6 nominations.","Poster":"http://ia.media-imdb.com/images/M/MV5BMTc3NjY0Mjk4MV5BMl5BanBnXkFtZTcwNTAzMzUyMQ@@._V1_SX300.jpg","Ratings":[{"Source":"Internet Movie Database","Value":"7.3/10"},{"Source":"Rotten Tomatoes","Value":"67%"}],"Metascore":"N/A","imdbRating":"7.3","imdbVotes":"1,196","imdbID":"tt0113774","Type":"movie","DVD":"13 May 2008","BoxOffice":"N/A","Production":"Cabin Fever Entertainment","Website":"N/A","Response":"True"}