{"Title":"Entertaining Angels: The Dorothy Day Story","Year":"1996","Rated":"PG-13","Released":"27 Sep 1996","Runtime":"110 min","Genre":"Biography, Drama, Romance","Director":"Michael Ray Rhodes","Writer":"John Wells","Actors":"Moira Kelly, Martin Sheen, Lenny von Dohlen, Melinda Dillon","Plot":"The phrase \"entertaining angels\" refers to the practice of treating all guests--be they kings or peasants--as if they were visiting angels. This is the challenge for all humble Christians ...","Language":"English","Country":"USA","Awards":"N/A","Poster":"https://images-na.ssl-images-amazon.com/images/M/MV5BMTU5Nzc5MTYyNl5BMl5BanBnXkFtZTcwMDkwMTQyMQ@@._V1_SX300.jpg","Ratings":[{"Source":"Internet Movie Database","Value":"6.4/10"},{"Source":"Rotten Tomatoes","Value":"50%"}],"Metascore":"N/A","imdbRating":"6.4","imdbVotes":"341","imdbID":"tt0116212","Type":"movie","DVD":"20 Dec 2005","BoxOffice":"N/A","Production":"Paulist Productions","Website":"N/A","Response":"True"}