{"Title":"Hoogste tijd","Year":"1995","Rated":"N/A","Released":"27 Sep 1996","Runtime":"98 min","Genre":"Drama","Director":"Frans Weisz","Writer":"Jan Blokker, Harry Mulisch (novel)","Actors":"Rijk de Gooyer, Josse De Pauw, Kitty Courbois, Camilla Siegertsz","Plot":"Old entertainer gets a last chance to play a serious role.","Language":"Dutch","Country":"Belgium, Netherlands, USA","Awards":"1 win & 1 nomination.","Poster":"http://ia.media-imdb.com/images/M/MV5BMjEwNDQxMTg5M15BMl5BanBnXkFtZTcwNTg5NTMyMQ@@._V1_SX300.jpg","Ratings":[{"Source":"Internet Movie Database","Value":"7.1/10"}],"Metascore":"N/A","imdbRating":"7.1","imdbVotes":"114","imdbID":"tt0113328","Type":"movie","DVD":"N/A","BoxOffice":"N/A","Production":"N/A","Website":"N/A","Response":"True"}