{"Title":"Get Over It","Year":"1996","Rated":"N/A","Released":"04 Oct 1996","Runtime":"78 min","Genre":"Comedy, Drama","Director":"Nick Katsapetses","Writer":"Nick Katsapetses","Actors":"Christian Canterbury, Dave McCrea, Deborah Cordell, Nick Katsapetses","Plot":"Steven is depressed because he's just been dumped by his boyfriend Derek. When Pam brings together a bunch of Steven's friends to cheer him up, things don't go exactly as planned.","Language":"English","Country":"USA","Awards":"N/A","Poster":"N/A","Ratings":[{"Source":"Internet Movie Database","Value":"7.5/10"}],"Metascore":"N/A","imdbRating":"7.5","imdbVotes":"14","imdbID":"tt0116403","Type":"movie","DVD":"N/A","BoxOffice":"N/A","Production":"N/A","Website":"N/A","Response":"True"}