{"Title":"Three Lives and Only One Death","Year":"1996","Rated":"N/A","Released":"11 Oct 1996","Runtime":"123 min","Genre":"Comedy, Crime","Director":"Raoul Ruiz","Writer":"Pascal Bonitzer, Raoul Ruiz","Actors":"Marcello Mastroianni, Anna Galiena, Marisa Paredes, Melvil Poupaud","Plot":"Take a walk into the weird world of filmmaker Raul Ruiz as he takes us to Paris for a twisted ride. A man which shares four names and four personalities (which is the real one?) is the link...","Language":"French","Country":"France, Portugal","Awards":"2 wins & 1 nomination.","Poster":"https://images-na.ssl-images-amazon.com/images/M/MV5BOWE5MWYwYjYtY2RlOS00Yzk1LThkYWYtZWJkNzcxMjE5NjBhXkEyXkFqcGdeQXVyMTAxMDQ0ODk@._V1_SX300.jpg","Ratings":[{"Source":"Internet Movie Database","Value":"7.2/10"},{"Source":"Rotten Tomatoes","Value":"56%"}],"Metascore":"N/A","imdbRating":"7.2","imdbVotes":"831","imdbID":"tt0117968","Type":"movie","DVD":"17 Mar 1998","BoxOffice":"N/A","Production":"Gémini Films","Website":"N/A","Response":"True"}