{"Title":"Snowriders","Year":"1996","Rated":"UNRATED","Released":"16 Oct 1996","Runtime":"96 min","Genre":"Documentary, Sport","Director":"Kurt Miller, Peter Speek","Writer":"Warren Miller","Actors":"Paul Miller, Warren Miller, Travis Ramos, Brad Vancour","Plot":"Nothing beats the original; Warren Miller's Snowriders is the definition of epic. With skiers and riders like John Egan, Brad Vancour, Jeremy Bloom, and JT Holmes you're definitely going to...","Language":"English","Country":"USA","Awards":"N/A","Poster":"https://images-na.ssl-images-amazon.com/images/M/MV5BNjM0MzY3NjU2MF5BMl5BanBnXkFtZTcwMzU5MTEyMQ@@._V1_SX300.jpg","Ratings":[{"Source":"Internet Movie Database","Value":"7.6/10"}],"Metascore":"N/A","imdbRating":"7.6","imdbVotes":"41","imdbID":"tt0117677","Type":"movie","DVD":"N/A","BoxOffice":"N/A","Production":"N/A","Website":"N/A","Response":"True"}