{"Title":"Curtis's Charm","Year":"1995","Rated":"N/A","Released":"18 Oct 1996","Runtime":"74 min","Genre":"Comedy, Drama","Director":"John L'Ecuyer","Writer":"Jim Carroll (story), John L'Ecuyer","Actors":"Maurice Dean Wint, Callum Keith Rennie, Rachael Crawford, Barbara Barnes-Hopkins","Plot":"This film, based on a Jim Carroll short story, recounts the tale of Curtis and his encounter with voodoo. Curtis is a drug addict who has become paranoid, thinking that his wife's mother ...","Language":"English","Country":"Canada","Awards":"2 wins & 1 nomination.","Poster":"N/A","Ratings":[{"Source":"Internet Movie Database","Value":"5.2/10"}],"Metascore":"N/A","imdbRating":"5.2","imdbVotes":"188","imdbID":"tt0112759","Type":"movie","DVD":"N/A","BoxOffice":"N/A","Production":"N/A","Website":"N/A","Response":"True"}