{"Title":"When We Were Kings","Year":"1996","Rated":"PG","Released":"14 Feb 1997","Runtime":"88 min","Genre":"Documentary, Sport","Director":"Leon Gast","Writer":"N/A","Actors":"Muhammad Ali, George Foreman, Don King, James Brown","Plot":"A documentary of the 1974 heavyweight championship bout in Zaire, \"The Rumble in the Jungle,\" between champion George Foreman and underdog challenger Muhammad Ali.","Language":"English","Country":"USA","Awards":"Won 1 Oscar. Another 9 wins & 4 nominations.","Poster":"https://images-na.ssl-images-amazon.com/images/M/MV5BMTQ4NjU3MzI3NF5BMl5BanBnXkFtZTgwMjYyODU3MDI@._V1_SX300.jpg","Ratings":[{"Source":"Internet Movie Database","Value":"8.0/10"},{"Source":"Rotten Tomatoes","Value":"98%"},{"Source":"Metacritic","Value":"83/100"}],"Metascore":"83","imdbRating":"8.0","imdbVotes":"12,825","imdbID":"tt0118147","Type":"movie","DVD":"14 Sep 1999","BoxOffice":"N/A","Production":"Gramercy Pictures","Website":"N/A","Response":"True"}