{"Title":"The Wrong Trousers","Year":"1993","Rated":"UNRATED","Released":"17 Dec 1993","Runtime":"30 min","Genre":"Animation, Short, Comedy","Director":"Nick Park","Writer":"Nick Park, Bob Baker, Brian Sibley (additional contributions by), Nick Park (characters)","Actors":"Peter Sallis","Plot":"Wallace is used by a criminal penguin in a robbery involving mechanical trousers.","Language":"English","Country":"UK","Awards":"Won 1 Oscar. Another 12 wins.","Poster":"https://images-na.ssl-images-amazon.com/images/M/MV5BNDBmNGU4MTEtMmI2Mi00NjU1LTgxNTktMDQ1MDE0Y2MwMjYwXkEyXkFqcGdeQXVyNTAyODkwOQ@@._V1_SX300.jpg","Ratings":[{"Source":"Internet Movie Database","Value":"8.4/10"},{"Source":"Rotten Tomatoes","Value":"100%"}],"Metascore":"N/A","imdbRating":"8.4","imdbVotes":"42,540","imdbID":"tt0108598","Type":"movie","DVD":"01 Aug 1995","BoxOffice":"N/A","Production":"N/A","Website":"N/A","Response":"True"}