{"Title":"Happiness Is in the Field","Year":"1995","Rated":"N/A","Released":"31 Jan 1997","Runtime":"106 min","Genre":"Comedy","Director":"Étienne Chatiliez","Writer":"Florence Quentin","Actors":"Michel Serrault, Eddy Mitchell, Sabine Azéma, Carmen Maura","Plot":"Francis, the boss of a small plumbing supply company, is harassed by tax collectors, striking employees, and an impossible wife and daughter. His only joy is sharing lunch with his friend ...","Language":"French","Country":"France","Awards":"1 win & 5 nominations.","Poster":"https://images-na.ssl-images-amazon.com/images/M/MV5BMTcxMzM5MDAxMF5BMl5BanBnXkFtZTcwNzUxNDMzMQ@@._V1_SX300.jpg","Ratings":[{"Source":"Internet Movie Database","Value":"7.0/10"}],"Metascore":"N/A","imdbRating":"7.0","imdbVotes":"2,239","imdbID":"tt0112556","Type":"movie","DVD":"N/A","BoxOffice":"N/A","Production":"N/A","Website":"N/A","Response":"True"}