{"Title":"The Return of Martin Guerre","Year":"1982","Rated":"N/A","Released":"26 Aug 1983","Runtime":"122 min","Genre":"Biography, Crime, Drama","Director":"Daniel Vigne","Writer":"Jean-Claude Carrière, Janet Lewis (novel), Daniel Vigne, Natalie Zemon Davis","Actors":"Gérard Depardieu, Nathalie Baye, Maurice Barrier, Bernard-Pierre Donnadieu","Plot":"In medieval France, some villagers challenge a man's claim of identity when he (as he says) returns home from some time in the army.","Language":"French","Country":"France","Awards":"Nominated for 1 Oscar. Another 6 wins & 3 nominations.","Poster":"https://images-na.ssl-images-amazon.com/images/M/MV5BMTU4NzQxMDkxMV5BMl5BanBnXkFtZTcwODA4NTUyMQ@@._V1_SX300.jpg","Ratings":[{"Source":"Internet Movie Database","Value":"7.4/10"},{"Source":"Rotten Tomatoes","Value":"100%"}],"Metascore":"N/A","imdbRating":"7.4","imdbVotes":"3,272","imdbID":"tt0084589","Type":"movie","DVD":"15 Jan 2002","BoxOffice":"N/A","Production":"Wellspring Media Inc.","Website":"N/A","Response":"True"}