{"Title":"Faust","Year":"1994–1997","Rated":"N/A","Released":"15 Apr 1994","Runtime":"60 min","Genre":"Action, Crime","Director":"N/A","Writer":"N/A","Actors":"Heiner Lauterbach, Stephanie Bothor, Ünal Gümüs","Plot":"N/A","Language":"German","Country":"Germany","Awards":"N/A","Poster":"https://images-na.ssl-images-amazon.com/images/M/MV5BYmZkYTBhODktYThiNC00ZGUwLThmOWQtOGI2NzBjNDNjNDNkXkEyXkFqcGdeQXVyMzE2MzMyNDE@._V1_SX300.jpg","Metascore":"N/A","imdbRating":"3.1","imdbVotes":"24","imdbID":"tt0111959","Type":"series","totalSeasons":"4","Response":"True"}