{"Title":"He Walked by Night","Year":"1948","Rated":"APPROVED","Released":"10 May 1949","Runtime":"79 min","Genre":"Crime, Film-Noir, Thriller","Director":"Alfred L. Werker, Anthony Mann","Writer":"Crane Wilbur (story), Crane Wilbur (screenplay), John C. Higgins (screenplay), Harry Essex (additional dialogue)","Actors":"Richard Basehart, Scott Brady, Roy Roberts, Whit Bissell","Plot":"This film-noir piece, told in semi-documentary style, follows police on the hunt for a resourceful criminal who shoots and kills a cop.","Language":"English, Spanish, Chinese","Country":"USA","Awards":"1 win.","Poster":"https://images-na.ssl-images-amazon.com/images/M/MV5BOTVlZDYyYjUtZmIzZC00ZjVlLWJkMDAtZGI1ZDNlZjQ0ODI2L2ltYWdlL2ltYWdlXkEyXkFqcGdeQXVyNjc1NTYyMjg@._V1_SX300.jpg","Ratings":[{"Source":"Internet Movie Database","Value":"7.2/10"},{"Source":"Rotten Tomatoes","Value":"83%"}],"Metascore":"N/A","imdbRating":"7.2","imdbVotes":"3,304","imdbID":"tt0040427","Type":"movie","DVD":"02 Dec 2003","BoxOffice":"N/A","Production":"Eagle-Lion","Website":"N/A","Response":"True"}