{"Title":"Raw Deal","Year":"1948","Rated":"APPROVED","Released":"26 May 1948","Runtime":"79 min","Genre":"Crime, Drama, Film-Noir","Director":"Anthony Mann","Writer":"Leopold Atlas, John C. Higgins, Arnold B. Armstrong (suggested by a story by), Audrey Ashley (suggested by a story by)","Actors":"Dennis O'Keefe, Claire Trevor, Marsha Hunt, John Ireland","Plot":"Joe Sullivan has taken the rap for Rick who double-crosses him with a flawed escape plan and other means intended to get rid of him.","Language":"English","Country":"USA","Awards":"N/A","Poster":"https://images-na.ssl-images-amazon.com/images/M/MV5BMjI1MjQzMjQ2MF5BMl5BanBnXkFtZTgwNDY0MjE3MjE@._V1_SX300.jpg","Ratings":[{"Source":"Internet Movie Database","Value":"7.4/10"},{"Source":"Rotten Tomatoes","Value":"100%"}],"Metascore":"N/A","imdbRating":"7.4","imdbVotes":"2,794","imdbID":"tt0040723","Type":"movie","DVD":"31 May 2005","BoxOffice":"N/A","Production":"Edward Small Productions","Website":"N/A","Response":"True"}