{"Title":"T-Men","Year":"1947","Rated":"APPROVED","Released":"29 Apr 1948","Runtime":"92 min","Genre":"Crime, Film-Noir, Thriller","Director":"Anthony Mann","Writer":"John C. Higgins, Virginia Kellogg (story)","Actors":"Dennis O'Keefe, Mary Meade, Alfred Ryder, Wallace Ford","Plot":"Two US Treasury agents hunt a successful counterfeiting ring.","Language":"English, Italian","Country":"USA","Awards":"N/A","Poster":"https://images-na.ssl-images-amazon.com/images/M/MV5BMjExMjE0NjcwM15BMl5BanBnXkFtZTcwMDY2ODQzMQ@@._V1_SX300.jpg","Ratings":[{"Source":"Internet Movie Database","Value":"7.0/10"},{"Source":"Rotten Tomatoes","Value":"100%"}],"Metascore":"N/A","imdbRating":"7.0","imdbVotes":"2,012","imdbID":"tt0039881","Type":"movie","DVD":"30 Apr 2002","BoxOffice":"N/A","Production":"Edward Small Productions","Website":"N/A","Response":"True"}