{"Title":"Here Comes Cookie","Year":"1935","Rated":"APPROVED","Released":"10 Sep 1935","Runtime":"65 min","Genre":"Comedy, Music","Director":"Norman Z. McLeod","Writer":"Don Hartman (story), Sam Mintz (story), Don Hartman (screenplay)","Actors":"George Burns, Gracie Allen, George Barbier, Betty Furness","Plot":"Alarmed that his younger daughter is about to marry a gold-digger, a millionaire turns over the fortune to her ditsy older sister for safe-keeping to his ultimate regret. protection.","Language":"English","Country":"USA","Awards":"N/A","Poster":"http://ia.media-imdb.com/images/M/MV5BMjAyNDQ4NTg0NF5BMl5BanBnXkFtZTcwODM4OTQxMQ@@._V1_SX300.jpg","Ratings":[{"Source":"Internet Movie Database","Value":"6.3/10"}],"Metascore":"N/A","imdbRating":"6.3","imdbVotes":"116","imdbID":"tt0026465","Type":"movie","DVD":"15 Oct 1996","BoxOffice":"N/A","Production":"Paramount Pictures","Website":"N/A","Response":"True"}