{"Title":"Love in Bloom","Year":"1935","Rated":"N/A","Released":"20 Apr 1935","Runtime":"75 min","Genre":"Comedy, Romance","Director":"Elliott Nugent","Writer":"Frank R. Adams (original screenplay), J.P. McEvoy (adaptation), John P. Medbury (additional dialogue), Keene Thompson (adaptation)","Actors":"George Burns, Gracie Allen, Joe Morrison, Dixie Lee","Plot":"A young girl runs away from her carnival family to make it in New York and becomes involved with a handsome young songwriter.","Language":"English","Country":"USA","Awards":"N/A","Poster":"http://ia.media-imdb.com/images/M/MV5BMjAyNTM4NzY0OV5BMl5BanBnXkFtZTcwNzQ4MTEyMQ@@._V1_SX300.jpg","Ratings":[{"Source":"Internet Movie Database","Value":"6.1/10"}],"Metascore":"N/A","imdbRating":"6.1","imdbVotes":"95","imdbID":"tt0026656","Type":"movie","DVD":"04 Feb 2003","BoxOffice":"N/A","Production":"Paramount Pictures","Website":"N/A","Response":"True"}