{"Title":"Anne Frank Remembered","Year":"1995","Rated":"PG","Released":"08 Jun 1995","Runtime":"122 min","Genre":"Documentary, Biography, War","Director":"Jon Blair","Writer":"Jon Blair, Anne Frank (diary)","Actors":"Kenneth Branagh, Janny Brandes-Brilslijper, Glenn Close, Rose De Liema","Plot":"Using previously unreleased archival material in addition to contemporary interviews, this academy award-winning documentary tells the story of the Frank family and presents the first ...","Language":"English","Country":"UK, USA, Netherlands","Awards":"Won 1 Oscar. Another 8 wins & 5 nominations.","Poster":"https://images-na.ssl-images-amazon.com/images/M/MV5BNTMyOTkxMzA5N15BMl5BanBnXkFtZTcwNjU3MTUyMQ@@._V1_SX300.jpg","Ratings":[{"Source":"Internet Movie Database","Value":"8.1/10"},{"Source":"Rotten Tomatoes","Value":"97%"}],"Metascore":"N/A","imdbRating":"8.1","imdbVotes":"826","imdbID":"tt0112373","Type":"movie","DVD":"06 Apr 2004","BoxOffice":"N/A","Production":"Sony Pictures Home Entertainment","Website":"N/A","Response":"True"}