{"Title":"Six of a Kind","Year":"1934","Rated":"PASSED","Released":"09 Feb 1934","Runtime":"62 min","Genre":"Comedy","Director":"Leo McCarey","Writer":"Keene Thompson (story), Douglas MacLean (story), Walter DeLeon (screen play), Harry Ruskin (screen play)","Actors":"Charles Ruggles, Mary Boland, W.C. Fields, George Burns","Plot":"When a respectable middle-class couple take a cross-country trip by auto, they share expenses with a decidedly oddball couple, none of whom know the car carries embezzled funds.","Language":"English","Country":"USA","Awards":"N/A","Poster":"https://images-na.ssl-images-amazon.com/images/M/MV5BMTY5NzQ5MjU0NV5BMl5BanBnXkFtZTgwMzIyMzQwMjE@._V1_SX300.jpg","Ratings":[{"Source":"Internet Movie Database","Value":"6.9/10"}],"Metascore":"N/A","imdbRating":"6.9","imdbVotes":"494","imdbID":"tt0025799","Type":"movie","DVD":"15 Oct 1996","BoxOffice":"N/A","Production":"Paramount Pictures","Website":"N/A","Response":"True"}