{"Title":"The Tin Drum","Year":"1979","Rated":"R","Released":"11 Apr 1980","Runtime":"142 min","Genre":"Drama, War","Director":"Volker Schlöndorff","Writer":"Günter Grass (novel), Jean-Claude Carrière, Volker Schlöndorff, Franz Seitz, Günter Grass (additional dialogue)","Actors":"Mario Adorf, Angela Winkler, David Bennent, Katharina Thalbach","Plot":"Danzig in the 1920s/1930s. Oskar Matzerath, son of a local dealer, is a most unusual boy. Equipped with full intellect right from his birth he decides at his third birthday not to grow up ...","Language":"German, Italian, Hebrew, Polish, Russian, Latin","Country":"West Germany, France, Poland, Yugoslavia","Awards":"Won 1 Oscar. Another 15 wins & 5 nominations.","Poster":"https://images-na.ssl-images-amazon.com/images/M/MV5BMTc5NjEzNjU0N15BMl5BanBnXkFtZTcwOTI1OTUyMQ@@._V1_SX300.jpg","Ratings":[{"Source":"Internet Movie Database","Value":"7.6/10"},{"Source":"Rotten Tomatoes","Value":"79%"}],"Metascore":"N/A","imdbRating":"7.6","imdbVotes":"18,416","imdbID":"tt0078875","Type":"movie","DVD":"12 Oct 1999","BoxOffice":"N/A","Production":"Kinowelt","Website":"N/A","Response":"True"}