{"Title":"The Ruling Class","Year":"1972","Rated":"R","Released":"25 May 1972","Runtime":"154 min","Genre":"Comedy, Drama, Musical","Director":"Peter Medak","Writer":"Peter Barnes (screenplay), Peter Barnes (play)","Actors":"Hugh Owens, Harry Andrews, Arthur Lowe, William Mervyn","Plot":"A member of the House of Lords dies, leaving his estate to his son. Unfortunately, his son thinks he is Jesus Christ. The other, somewhat more respectable, members of their family plot to steal the estate from him. Murder and mayhem ensue.","Language":"English, French, Italian, German, Latin","Country":"UK","Awards":"Nominated for 1 Oscar. Another 2 wins & 3 nominations.","Poster":"https://images-na.ssl-images-amazon.com/images/M/MV5BZmQyZDI5ZmItZGExNy00YzJmLWE3NmYtNTBiMjcwMWFkNzkxXkEyXkFqcGdeQXVyMjI4MjA5MzA@._V1_SX300.jpg","Ratings":[{"Source":"Internet Movie Database","Value":"7.6/10"},{"Source":"Rotten Tomatoes","Value":"82%"}],"Metascore":"N/A","imdbRating":"7.6","imdbVotes":"4,867","imdbID":"tt0069198","Type":"movie","DVD":"30 Oct 2001","BoxOffice":"N/A","Production":"Keep Films","Website":"N/A","Response":"True"}