{"Title":"Mina Tannenbaum","Year":"1994","Rated":"N/A","Released":"26 May 1995","Runtime":"128 min","Genre":"Drama","Director":"Martine Dugowson","Writer":"Martine Dugowson","Actors":"Romane Bohringer, Elsa Zylberstein, Florence Thomassin, Jean-Philippe Écoffey","Plot":"The film tells the story of two girls who are of totally different character. They know each other since their childhood and were friends until they became teenagers. But growing up and ...","Language":"French","Country":"Netherlands, France, Belgium","Awards":"2 wins & 2 nominations.","Poster":"https://images-na.ssl-images-amazon.com/images/M/MV5BMTgzOTMxNTc3NV5BMl5BanBnXkFtZTcwOTE5MjcxMQ@@._V1_SX300.jpg","Ratings":[{"Source":"Internet Movie Database","Value":"7.4/10"}],"Metascore":"N/A","imdbRating":"7.4","imdbVotes":"849","imdbID":"tt0110521","Type":"movie","DVD":"19 Nov 1996","BoxOffice":"N/A","Production":"N/A","Website":"N/A","Response":"True"}