{"Title":"The Bloody Child","Year":"1996","Rated":"N/A","Released":"26 Oct 1996","Runtime":"85 min","Genre":"Crime, Drama","Director":"Nina Menkes","Writer":"N/A","Actors":"Russ Little, Tinka Menkes, Robert Muller, Jack O'Hara","Plot":"N/A","Language":"English","Country":"USA","Awards":"1 nomination.","Poster":"https://images-na.ssl-images-amazon.com/images/M/MV5BMTQ4OTI1MTMwN15BMl5BanBnXkFtZTcwNTQ3MjUzMQ@@._V1_SX300.jpg","Ratings":[{"Source":"Internet Movie Database","Value":"3.9/10"}],"Metascore":"N/A","imdbRating":"3.9","imdbVotes":"116","imdbID":"tt0115715","Type":"movie","DVD":"23 Jan 2007","BoxOffice":"N/A","Production":"Menkesfilm","Website":"N/A","Response":"True"}