{"Title":"Dear God","Year":"1996","Rated":"PG","Released":"01 Nov 1996","Runtime":"112 min","Genre":"Comedy","Director":"Garry Marshall","Writer":"Warren Leight, Ed Kaplan","Actors":"Greg Kinnear, Laurie Metcalf, Maria Pitillo, Tim Conway","Plot":"When letters written to God start getting results, and replies, people everywhere are amazed. The post office, however, is annoyed.","Language":"English","Country":"USA","Awards":"N/A","Poster":"https://images-na.ssl-images-amazon.com/images/M/MV5BMTcwNDc4OTQwNV5BMl5BanBnXkFtZTcwNTAzMjUyMQ@@._V1_SX300.jpg","Ratings":[{"Source":"Internet Movie Database","Value":"5.3/10"},{"Source":"Rotten Tomatoes","Value":"12%"}],"Metascore":"N/A","imdbRating":"5.3","imdbVotes":"3,208","imdbID":"tt0116059","Type":"movie","DVD":"27 Jan 2004","BoxOffice":"N/A","Production":"Paramount","Website":"N/A","Response":"True"}