{"Title":"Bad Moon","Year":"1996","Rated":"R","Released":"01 Nov 1996","Runtime":"80 min","Genre":"Horror","Director":"Eric Red","Writer":"Wayne Smith (novel), Eric Red (screenplay)","Actors":"Mariel Hemingway, Michael Paré, Mason Gamble, Ken Pogue","Plot":"One man's struggle to contain the curse he hides within... and his last-ditch attempt to free himself with the love of family. But when it looks as if he is losing his battle, and ...","Language":"English","Country":"USA","Awards":"N/A","Poster":"https://images-na.ssl-images-amazon.com/images/M/MV5BODZmZGU3MjktZGUyMi00Njc5LWFkMjgtNTQyMDA5ODI4NTIwXkEyXkFqcGdeQXVyMTQxNzMzNDI@._V1_SX300.jpg","Ratings":[{"Source":"Internet Movie Database","Value":"5.7/10"},{"Source":"Rotten Tomatoes","Value":"38%"}],"Metascore":"N/A","imdbRating":"5.7","imdbVotes":"4,198","imdbID":"tt0115610","Type":"movie","DVD":"03 Oct 2000","BoxOffice":"N/A","Production":"Warner Home Video","Website":"N/A","Response":"True"}