{"Title":"American Dream","Year":"1990","Rated":"PG-13","Released":"06 Oct 1990","Runtime":"98 min","Genre":"Documentary","Director":"Barbara Kopple, Cathy Caplan, Thomas Haneke, Lawrence Silk","Writer":"N/A","Actors":"Jesse Jackson, Juan Munoz, Ray Rogers, Nina Xining Zuo","Plot":"Chronicles the six-month strike at Hormel in Austin, Minnesota, in 1985-86. The local union, P-9 of the Food and Commercial Workers, overwhelmingly rejects a contract offer with a $2/hour ...","Language":"English","Country":"USA, UK","Awards":"Won 1 Oscar. Another 9 wins & 3 nominations.","Poster":"http://ia.media-imdb.com/images/M/MV5BMTI0MzM4MjUwMF5BMl5BanBnXkFtZTcwMjM5MTUyMQ@@._V1_SX300.jpg","Ratings":[{"Source":"Internet Movie Database","Value":"8.0/10"},{"Source":"Rotten Tomatoes","Value":"100%"}],"Metascore":"N/A","imdbRating":"8.0","imdbVotes":"605","imdbID":"tt0099028","Type":"movie","DVD":"02 Mar 2004","BoxOffice":"N/A","Production":"Prestige","Website":"http://www.miramax.com/movie/american-dream","Response":"True"}