{"Title":"The Young Poisoner's Handbook","Year":"1995","Rated":"R","Released":"23 Feb 1996","Runtime":"99 min","Genre":"Crime, Drama","Director":"Benjamin Ross","Writer":"Jeff Rawle, Benjamin Ross","Actors":"Tobias Arnold, Ruth Sheen, Roger Lloyd Pack, Hugh O'Conor","Plot":"This film is based on a true story about a British teenager who allegedly poisoned family, friends, and co-workers. Graham is highly intelligent, but completely amoral. He becomes ...","Language":"English","Country":"UK, Germany, France","Awards":"1 win & 2 nominations.","Poster":"https://images-na.ssl-images-amazon.com/images/M/MV5BMTg0MTE5OTMzNV5BMl5BanBnXkFtZTcwMDM0MzkzMQ@@._V1_SX300.jpg","Ratings":[{"Source":"Internet Movie Database","Value":"7.1/10"},{"Source":"Rotten Tomatoes","Value":"86%"}],"Metascore":"N/A","imdbRating":"7.1","imdbVotes":"3,081","imdbID":"tt0115033","Type":"movie","DVD":"05 Apr 2005","BoxOffice":"N/A","Production":"Cabin Fever Entertainment","Website":"N/A","Response":"True"}