{"Title":"Best of the Best 3: No Turning Back","Year":"1995","Rated":"R","Released":"17 May 1995","Runtime":"90 min","Genre":"Action, Crime, Drama","Director":"Phillip Rhee","Writer":"Barry Gray (screenplay), Deborah Scott (screenplay)","Actors":"Phillip Rhee, Christopher McDonald, Gina Gershon, Mark Rolston","Plot":"A martial arts instructor comes to the defense of a schoolteacher who has taken a stand against a local white supremacist organization.","Language":"English","Country":"USA","Awards":"N/A","Poster":"https://images-na.ssl-images-amazon.com/images/M/MV5BMTk1Mzg0MzY0OV5BMl5BanBnXkFtZTYwMzA3MzQ5._V1_SX300.jpg","Ratings":[{"Source":"Internet Movie Database","Value":"4.8/10"}],"Metascore":"N/A","imdbRating":"4.8","imdbVotes":"1,548","imdbID":"tt0112483","Type":"movie","DVD":"03 Jan 1996","BoxOffice":"N/A","Production":"Miramax","Website":"N/A","Response":"True"}