{"Title":"Bob Roberts","Year":"1992","Rated":"R","Released":"04 Sep 1992","Runtime":"102 min","Genre":"Comedy, Drama","Director":"Tim Robbins","Writer":"Tim Robbins","Actors":"Tim Robbins, Giancarlo Esposito, Alan Rickman, Ray Wise","Plot":"A right-wing folk singer becomes a corrupt politician and runs a crooked election campaign. Only one independent muck-raking reporter is trying to stop him.","Language":"English","Country":"USA, UK","Awards":"Nominated for 1 Golden Globe. Another 4 wins & 2 nominations.","Poster":"https://images-na.ssl-images-amazon.com/images/M/MV5BMTY1NzI0Mjg3MV5BMl5BanBnXkFtZTcwMTQ4MjAyMQ@@._V1_SX300.jpg","Ratings":[{"Source":"Internet Movie Database","Value":"7.0/10"},{"Source":"Rotten Tomatoes","Value":"100%"}],"Metascore":"N/A","imdbRating":"7.0","imdbVotes":"11,832","imdbID":"tt0103850","Type":"movie","DVD":"17 Oct 2000","BoxOffice":"N/A","Production":"Paramount","Website":"N/A","Response":"True"}