{"Title":"Cinema Paradiso","Year":"1988","Rated":"R","Released":"23 Feb 1990","Runtime":"155 min","Genre":"Drama","Director":"Giuseppe Tornatore","Writer":"Giuseppe Tornatore (story), Giuseppe Tornatore (screenplay), Vanna Paoli (collaborating writer), Richard Epcar (english version)","Actors":"Antonella Attili, Enzo Cannavale, Isa Danieli, Leo Gullotta","Plot":"A filmmaker recalls his childhood, when he fell in love with the movies at his village's theater and formed a deep friendship with the theater's projectionist.","Language":"Italian","Country":"Italy, France","Awards":"Won 1 Oscar. Another 21 wins & 23 nominations.","Poster":"https://images-na.ssl-images-amazon.com/images/M/MV5BMjIzMTgzOTEwOF5BMl5BanBnXkFtZTgwNTUxNjcxMTE@._V1_SX300.jpg","Ratings":[{"Source":"Internet Movie Database","Value":"8.5/10"},{"Source":"Rotten Tomatoes","Value":"90%"},{"Source":"Metacritic","Value":"80/100"}],"Metascore":"80","imdbRating":"8.5","imdbVotes":"163,781","imdbID":"tt0095765","Type":"movie","DVD":"18 Feb 2003","BoxOffice":"$239,630.00","Production":"Miramax Films","Website":"http://www.miramax.com/movie/cinema-paradiso","Response":"True"}