{"Title":"The Cook, the Thief, His Wife & Her Lover","Year":"1989","Rated":"NC-17","Released":"06 Apr 1990","Runtime":"124 min","Genre":"Crime, Drama","Director":"Peter Greenaway","Writer":"Peter Greenaway","Actors":"Richard Bohringer, Michael Gambon, Helen Mirren, Alan Howard","Plot":"The wife of an abusive criminal finds solace in the arms of a kind regular guest in her husband's restaurant.","Language":"English","Country":"Netherlands, UK, France","Awards":"6 wins & 6 nominations.","Poster":"https://images-na.ssl-images-amazon.com/images/M/MV5BZTlmM2U5YmQtMTcxYy00MzgyLTkyMDItZjY5Yjc3OTJkMTAzXkEyXkFqcGdeQXVyMTQxNzMzNDI@._V1_SX300.jpg","Ratings":[{"Source":"Internet Movie Database","Value":"7.6/10"},{"Source":"Rotten Tomatoes","Value":"89%"}],"Metascore":"N/A","imdbRating":"7.6","imdbVotes":"28,109","imdbID":"tt0097108","Type":"movie","DVD":"13 Mar 2001","BoxOffice":"N/A","Production":"Trimark","Website":"N/A","Response":"True"}