{"Title":"The Double Life of Veronique","Year":"1991","Rated":"R","Released":"22 Nov 1991","Runtime":"98 min","Genre":"Drama, Fantasy, Music","Director":"Krzysztof Kieslowski","Writer":"Krzysztof Kieslowski, Krzysztof Piesiewicz","Actors":"Irène Jacob, Halina Gryglaszewska, Kalina Jedrusik, Aleksander Bardini","Plot":"Two parallel stories about two identical women; one living in Poland, the other in France. They don't know each other, but their lives are nevertheless profoundly connected.","Language":"French, Polish, Italian","Country":"France, Poland, Norway","Awards":"Nominated for 1 Golden Globe. Another 9 wins & 7 nominations.","Poster":"https://images-na.ssl-images-amazon.com/images/M/MV5BMTc3OTUyNjE3Ml5BMl5BanBnXkFtZTcwNzY4MzkzMQ@@._V1_SX300.jpg","Ratings":[{"Source":"Internet Movie Database","Value":"7.9/10"},{"Source":"Rotten Tomatoes","Value":"85%"},{"Source":"Metacritic","Value":"86/100"}],"Metascore":"86","imdbRating":"7.9","imdbVotes":"30,483","imdbID":"tt0101765","Type":"movie","DVD":"21 Nov 2006","BoxOffice":"N/A","Production":"Criterion Collection","Website":"N/A","Response":"True"}