{"Title":"Enchanted April","Year":"1991","Rated":"PG","Released":"05 Apr 1992","Runtime":"95 min","Genre":"Drama","Director":"Mike Newell","Writer":"Elizabeth von Arnim (novel), Peter Barnes","Actors":"Josie Lawrence, Miranda Richardson, Alfred Molina, Neville Phillips","Plot":"This slow-paced gem is about the civilizing influence of Italy on beleaguered Londoners both male and female and has its own civilizing influence on the viewer. It's almost like taking a ...","Language":"English, Italian","Country":"UK","Awards":"Nominated for 3 Oscars. Another 4 wins & 5 nominations.","Poster":"https://images-na.ssl-images-amazon.com/images/M/MV5BMTU3Nzc4Mjc3MV5BMl5BanBnXkFtZTcwNjMzMzU1MQ@@._V1_SX300.jpg","Ratings":[{"Source":"Internet Movie Database","Value":"7.4/10"},{"Source":"Rotten Tomatoes","Value":"82%"}],"Metascore":"N/A","imdbRating":"7.4","imdbVotes":"5,250","imdbID":"tt0101811","Type":"movie","DVD":"05 May 2009","BoxOffice":"N/A","Production":"Miramax","Website":"N/A","Response":"True"}