{"Title":"Paths of Glory","Year":"1957","Rated":"APPROVED","Released":"01 Nov 1957","Runtime":"88 min","Genre":"Drama, War","Director":"Stanley Kubrick","Writer":"Stanley Kubrick (screenplay), Calder Willingham (screenplay), Jim Thompson (screenplay), Humphrey Cobb (based on the novel \"Paths of Glory\" by)","Actors":"Kirk Douglas, Ralph Meeker, Adolphe Menjou, George Macready","Plot":"After refusing to attack an enemy position, a general accuses the soldiers of cowardice and their commanding officer must defend them.","Language":"English, German, Latin","Country":"USA","Awards":"Nominated for 1 BAFTA Film Award. Another 4 wins & 2 nominations.","Poster":"https://images-na.ssl-images-amazon.com/images/M/MV5BOTI5Nzc0OTMtYzBkMS00NjkxLThmM2UtNjM2ODgxN2M5NjNkXkEyXkFqcGdeQXVyNjQ2MjQ5NzM@._V1_SX300.jpg","Ratings":[{"Source":"Internet Movie Database","Value":"8.5/10"},{"Source":"Rotten Tomatoes","Value":"94%"}],"Metascore":"N/A","imdbRating":"8.5","imdbVotes":"128,745","imdbID":"tt0050825","Type":"movie","DVD":"15 May 2001","BoxOffice":"N/A","Production":"United Artists","Website":"N/A","Response":"True"}