{"Title":"The Grifters","Year":"1990","Rated":"R","Released":"25 Jan 1991","Runtime":"110 min","Genre":"Crime, Drama, Thriller","Director":"Stephen Frears","Writer":"Jim Thompson (novel), Donald E. Westlake (screenplay)","Actors":"Anjelica Huston, John Cusack, Annette Bening, Jan Munroe","Plot":"A small-time conman has torn loyalties between his estranged mother and new girlfriend--both of whom are high-stakes grifters with their own angles to play.","Language":"English","Country":"USA, Canada","Awards":"Nominated for 4 Oscars. Another 9 wins & 15 nominations.","Poster":"https://images-na.ssl-images-amazon.com/images/M/MV5BOTg0MTU0MDU5MV5BMl5BanBnXkFtZTgwOTU5Mzk4NjE@._V1_SX300.jpg","Ratings":[{"Source":"Internet Movie Database","Value":"7.0/10"},{"Source":"Rotten Tomatoes","Value":"90%"},{"Source":"Metacritic","Value":"86/100"}],"Metascore":"86","imdbRating":"7.0","imdbVotes":"21,507","imdbID":"tt0099703","Type":"movie","DVD":"30 Jun 1998","BoxOffice":"N/A","Production":"HBO Video","Website":"N/A","Response":"True"}