{"Title":"If Lucy Fell","Year":"1996","Rated":"R","Released":"08 Mar 1996","Runtime":"92 min","Genre":"Comedy, Romance","Director":"Eric Schaeffer","Writer":"Eric Schaeffer (story), Tony Spiridakis (story), Eric Schaeffer (screenplay)","Actors":"Sarah Jessica Parker, Eric Schaeffer, Ben Stiller, Elle Macpherson","Plot":"Joe and Lucy are roommates and best friends. Lucy, whose love life is embarrassingly dull, convinces Joe, who is infatuated with a neighbor he's never met, that if they don't have stable ...","Language":"English","Country":"USA","Awards":"N/A","Poster":"https://images-na.ssl-images-amazon.com/images/M/MV5BMTIyNjYyMjIyMV5BMl5BanBnXkFtZTcwNzE4OTUxMQ@@._V1_SX300.jpg","Ratings":[{"Source":"Internet Movie Database","Value":"4.9/10"},{"Source":"Rotten Tomatoes","Value":"18%"}],"Metascore":"N/A","imdbRating":"4.9","imdbVotes":"3,459","imdbID":"tt0116606","Type":"movie","DVD":"30 Jan 2001","BoxOffice":"N/A","Production":"Sony Pictures Home Entertainment","Website":"N/A","Response":"True"}