{"Title":"Hear My Song","Year":"1991","Rated":"R","Released":"01 Feb 1992","Runtime":"104 min","Genre":"Comedy, Drama, Music","Director":"Peter Chelsom","Writer":"Peter Chelsom (screenplay), Peter Chelsom (story), Adrian Dunbar","Actors":"Brian Flanagan, Constance Cowley, Marie Mullen, Phil Kelly","Plot":"Owner of a failing club seeks infamous Irish singer Josef Locke in order to bring business and success to his club","Language":"English","Country":"Ireland, UK","Awards":"Nominated for 1 Golden Globe. Another 4 wins & 3 nominations.","Poster":"https://images-na.ssl-images-amazon.com/images/M/MV5BOTMxMjAxNDEzNl5BMl5BanBnXkFtZTcwNDEwODAzMQ@@._V1_SX300.jpg","Ratings":[{"Source":"Internet Movie Database","Value":"7.2/10"},{"Source":"Rotten Tomatoes","Value":"93%"}],"Metascore":"N/A","imdbRating":"7.2","imdbVotes":"1,314","imdbID":"tt0102014","Type":"movie","DVD":"06 Aug 1992","BoxOffice":"N/A","Production":"Miramax Films","Website":"N/A","Response":"True"}