{"Title":"The English Patient","Year":"1996","Rated":"R","Released":"06 Dec 1996","Runtime":"162 min","Genre":"Drama, Romance, War","Director":"Anthony Minghella","Writer":"Michael Ondaatje (novel), Anthony Minghella (screenplay)","Actors":"Ralph Fiennes, Juliette Binoche, Willem Dafoe, Kristin Scott Thomas","Plot":"At the close of WWII, a young nurse tends to a badly-burned plane crash victim. His past is shown in flashbacks, revealing an involvement in a fateful love affair.","Language":"English, German, Italian, Arabic","Country":"USA, UK","Awards":"Won 9 Oscars. Another 50 wins & 66 nominations.","Poster":"https://images-na.ssl-images-amazon.com/images/M/MV5BOTkxZTdkNTQtM2QwOS00NzRlLWEyMGItYTcxOTE4NTgyNGVhXkEyXkFqcGdeQXVyMTQxNzMzNDI@._V1_SX300.jpg","Ratings":[{"Source":"Internet Movie Database","Value":"7.4/10"},{"Source":"Rotten Tomatoes","Value":"84%"},{"Source":"Metacritic","Value":"87/100"}],"Metascore":"87","imdbRating":"7.4","imdbVotes":"149,126","imdbID":"tt0116209","Type":"movie","DVD":"24 Mar 1998","BoxOffice":"N/A","Production":"Miramax Films","Website":"N/A","Response":"True"}