{"Title":"Mediterraneo","Year":"1991","Rated":"R","Released":"31 Jan 1991","Runtime":"96 min","Genre":"Comedy, Drama, War","Director":"Gabriele Salvatores","Writer":"Enzo Monteleone","Actors":"Diego Abatantuono, Claudio Bigagli, Giuseppe Cederna, Claudio Bisio","Plot":"In WW2, an Italian Army unit of misfits occupies an isolated non-strategic Greek island for the duration of the war.","Language":"Italian, English, Greek, Turkish","Country":"Italy","Awards":"Won 1 Oscar. Another 8 wins & 16 nominations.","Poster":"https://images-na.ssl-images-amazon.com/images/M/MV5BNTU0MzcwMjI0M15BMl5BanBnXkFtZTcwODAxNTUyMQ@@._V1_SX300.jpg","Ratings":[{"Source":"Internet Movie Database","Value":"7.4/10"},{"Source":"Rotten Tomatoes","Value":"77%"}],"Metascore":"N/A","imdbRating":"7.4","imdbVotes":"11,133","imdbID":"tt0102426","Type":"movie","DVD":"17 Mar 1993","BoxOffice":"N/A","Production":"Silvio Berlusconi Communications","Website":"N/A","Response":"True"}