{"Title":"Sex, Lies, and Videotape","Year":"1989","Rated":"R","Released":"22 Sep 1989","Runtime":"100 min","Genre":"Drama","Director":"Steven Soderbergh","Writer":"Steven Soderbergh","Actors":"James Spader, Andie MacDowell, Peter Gallagher, Laura San Giacomo","Plot":"A sexually repressed woman's husband is having an affair with her sister. The arrival of a visitor with a rather unusual fetish changes everything.","Language":"English","Country":"USA","Awards":"Nominated for 1 Oscar. Another 14 wins & 20 nominations.","Poster":"https://images-na.ssl-images-amazon.com/images/M/MV5BNDllYWVkOTQtZjRlMC00NWFjLWI0OGEtOWY4YzU4ZjMxYzg3XkEyXkFqcGdeQXVyMTQxNzMzNDI@._V1_SX300.jpg","Ratings":[{"Source":"Internet Movie Database","Value":"7.2/10"},{"Source":"Rotten Tomatoes","Value":"98%"},{"Source":"Metacritic","Value":"86/100"}],"Metascore":"86","imdbRating":"7.2","imdbVotes":"39,287","imdbID":"tt0098724","Type":"movie","DVD":"28 Aug 2001","BoxOffice":"N/A","Production":"Sony Pictures Home Entertainment","Website":"N/A","Response":"True"}