{"Title":"Passion Fish","Year":"1992","Rated":"R","Released":"11 Dec 1992","Runtime":"135 min","Genre":"Drama","Director":"John Sayles","Writer":"John Sayles","Actors":"Mary McDonnell, Angela Bassett, Lenore Banks, Will Mahoney","Plot":"May-Alice Culhane was a successful soap opera star, but a car accident has left her bound to a wheelchair. She returns to her now-empty family home in the bayous of Louisiana which she had ...","Language":"English","Country":"USA","Awards":"Nominated for 2 Oscars. Another 2 wins & 8 nominations.","Poster":"https://images-na.ssl-images-amazon.com/images/M/MV5BMjcyOTM0NTAzOF5BMl5BanBnXkFtZTYwNDIyMDU5._V1_SX300.jpg","Ratings":[{"Source":"Internet Movie Database","Value":"7.5/10"},{"Source":"Rotten Tomatoes","Value":"100%"}],"Metascore":"N/A","imdbRating":"7.5","imdbVotes":"4,342","imdbID":"tt0105107","Type":"movie","DVD":"30 Mar 1999","BoxOffice":"N/A","Production":"Sony Pictures Home Entertainment","Website":"N/A","Response":"True"}