{"Title":"Strictly Ballroom","Year":"1992","Rated":"PG","Released":"12 Feb 1993","Runtime":"94 min","Genre":"Comedy, Drama, Romance","Director":"Baz Luhrmann","Writer":"Baz Luhrmann (original idea), Baz Luhrmann (earlier screenplay), Andrew Bovell (earlier screenplay), Baz Luhrmann (screenplay), Craig Pearce (screenplay)","Actors":"Paul Mercurio, Tara Morice, Bill Hunter, Pat Thomson","Plot":"A maverick dancer risks his career by performing an unusual routine and sets out to succeed with a new partner.","Language":"English, Spanish","Country":"Australia","Awards":"Nominated for 1 Golden Globe. Another 19 wins & 11 nominations.","Poster":"https://images-na.ssl-images-amazon.com/images/M/MV5BZGFkMDgwNTUtMTA5NC00YzMzLTljY2EtMWFiNjQ4OTBjMWUzXkEyXkFqcGdeQXVyMTQxNzMzNDI@._V1_SX300.jpg","Ratings":[{"Source":"Internet Movie Database","Value":"7.2/10"},{"Source":"Metacritic","Value":"72/100"}],"Metascore":"72","imdbRating":"7.2","imdbVotes":"21,089","imdbID":"tt0105488","Type":"movie","DVD":"24 Apr 2003","BoxOffice":"N/A","Production":"N/A","Website":"N/A","Response":"True"}