{"Title":"The Thin Blue Line","Year":"1988","Rated":"NOT RATED","Released":"25 Aug 1988","Runtime":"103 min","Genre":"Documentary, Crime, Drama","Director":"Errol Morris","Writer":"Errol Morris","Actors":"Randall Adams, David Harris, Gus Rose, Jackie Johnson","Plot":"A film that successfully argued that a man was wrongly convicted for murder by a corrupt justice system in Dallas County, Texas.","Language":"English","Country":"USA","Awards":"12 wins & 5 nominations.","Poster":"https://images-na.ssl-images-amazon.com/images/M/MV5BMTE3MTViMDUtNjkxYy00NWY2LTg5MzEtYjFiNzRkMTgwYTJmXkEyXkFqcGdeQXVyMTQxNzMzNDI@._V1_SX300.jpg","Ratings":[{"Source":"Internet Movie Database","Value":"8.1/10"},{"Source":"Rotten Tomatoes","Value":"100%"},{"Source":"Metacritic","Value":"79/100"}],"Metascore":"79","imdbRating":"8.1","imdbVotes":"16,718","imdbID":"tt0096257","Type":"movie","DVD":"26 Jul 2005","BoxOffice":"N/A","Production":"HBO Video","Website":"N/A","Response":"True"}