{"Title":"Steal Big Steal Little","Year":"1995","Rated":"PG-13","Released":"29 Sep 1995","Runtime":"135 min","Genre":"Comedy","Director":"Andrew Davis","Writer":"Andrew Davis (story), Teresa Tucker-Davies (story), Frank Ray Perilli (story), Andrew Davis (screenplay), Lee Blessing (screenplay), Jeanne Blake (screenplay), Terry Kahn (screenplay)","Actors":"Andy Garcia, Alan Arkin, Rachel Ticotin, Joe Pantoliano","Plot":"Ruben and Robby are twin brothers, adopted by Mona, one of the wealthiest - and most eccentric - women in Santa Barbara. Ruben is devoted to Mona, but Robby is more devoted to her money. So...","Language":"English","Country":"USA","Awards":"N/A","Poster":"https://images-na.ssl-images-amazon.com/images/M/MV5BMTM3MzkzODY2OF5BMl5BanBnXkFtZTcwNjY1OTUyMQ@@._V1_SX300.jpg","Ratings":[{"Source":"Internet Movie Database","Value":"4.8/10"},{"Source":"Rotten Tomatoes","Value":"15%"}],"Metascore":"N/A","imdbRating":"4.8","imdbVotes":"806","imdbID":"tt0114536","Type":"movie","DVD":"01 Jun 2004","BoxOffice":"N/A","Production":"HBO Video","Website":"N/A","Response":"True"}