{"Title":"Madonna: Truth or Dare","Year":"1991","Rated":"R","Released":"24 May 1991","Runtime":"120 min","Genre":"Documentary, Music","Director":"Alek Keshishian","Writer":"N/A","Actors":"Madonna, Donna DeLory, Niki Harris, Luis Camacho","Plot":"Documentary following singer Madonna on her controversial Blond Ambition tour in 1990.","Language":"English","Country":"USA","Awards":"1 win & 3 nominations.","Poster":"https://images-na.ssl-images-amazon.com/images/M/MV5BMjA0NTI4Mjc1MF5BMl5BanBnXkFtZTcwMDMwOTAwMQ@@._V1_SX300.jpg","Ratings":[{"Source":"Internet Movie Database","Value":"6.1/10"},{"Source":"Rotten Tomatoes","Value":"83%"}],"Metascore":"N/A","imdbRating":"6.1","imdbVotes":"7,464","imdbID":"tt0102370","Type":"movie","DVD":"25 Jul 2000","BoxOffice":"N/A","Production":"Miramax Films","Website":"N/A","Response":"True"}