{"Title":"Paris Is Burning","Year":"1990","Rated":"R","Released":"01 Aug 1991","Runtime":"71 min","Genre":"Documentary","Director":"Jennie Livingston","Writer":"N/A","Actors":"Brooke Xtravaganza, André Christian, Dorian Corey, Paris Duprée","Plot":"A chronicle of New York's drag scene in the 1980s, focusing on balls, voguing and the ambitions and dreams of those who gave the era its warmth and vitality.","Language":"English","Country":"USA","Awards":"16 wins & 1 nomination.","Poster":"https://images-na.ssl-images-amazon.com/images/M/MV5BMTY2NTc4MjQwMV5BMl5BanBnXkFtZTcwNjg5MTAzMQ@@._V1_SX300.jpg","Ratings":[{"Source":"Internet Movie Database","Value":"8.1/10"},{"Source":"Rotten Tomatoes","Value":"100%"}],"Metascore":"N/A","imdbRating":"8.1","imdbVotes":"4,939","imdbID":"tt0100332","Type":"movie","DVD":"06 Sep 2005","BoxOffice":"N/A","Production":"Academy Entertainment","Website":"N/A","Response":"True"}