{"Title":"Up in Smoke","Year":"1978","Rated":"R","Released":"15 Sep 1978","Runtime":"86 min","Genre":"Comedy, Music","Director":"Lou Adler, Tommy Chong","Writer":"Tommy Chong, Cheech Marin","Actors":"Cheech Marin, Tommy Chong, Strother Martin, Edie Adams","Plot":"Two stoners unknowingly smuggle a van - made entirely of marijuana - from Mexico to L.A., with incompetent Sgt. Stedenko on their trail.","Language":"English, Spanish","Country":"USA","Awards":"N/A","Poster":"https://images-na.ssl-images-amazon.com/images/M/MV5BZjc0NWY4YTAtMzdiZi00NDk5LTgzODQtMjMzZThhNDUwYjc3XkEyXkFqcGdeQXVyNjE5MjUyOTM@._V1_SX300.jpg","Ratings":[{"Source":"Internet Movie Database","Value":"7.0/10"}],"Metascore":"N/A","imdbRating":"7.0","imdbVotes":"30,160","imdbID":"tt0078446","Type":"movie","DVD":"23 Sep 2008","BoxOffice":"N/A","Production":"N/A","Website":"N/A","Response":"True"}