{"Title":"Raiders of the Lost Ark","Year":"1981","Rated":"PG","Released":"12 Jun 1981","Runtime":"115 min","Genre":"Action, Adventure","Director":"Steven Spielberg","Writer":"Lawrence Kasdan (screenplay), George Lucas (story by), Philip Kaufman (story by)","Actors":"Harrison Ford, Karen Allen, Paul Freeman, Ronald Lacey","Plot":"Archaeologist and adventurer Indiana Jones is hired by the U.S. government to find the Ark of the Covenant before the Nazis.","Language":"English, German, Hebrew, Spanish, Arabic, Nepali","Country":"USA","Awards":"Won 4 Oscars. Another 30 wins & 23 nominations.","Poster":"https://images-na.ssl-images-amazon.com/images/M/MV5BMjA0ODEzMTc1Nl5BMl5BanBnXkFtZTcwODM2MjAxNA@@._V1_SX300.jpg","Ratings":[{"Source":"Internet Movie Database","Value":"8.5/10"},{"Source":"Rotten Tomatoes","Value":"94%"},{"Source":"Metacritic","Value":"85/100"}],"Metascore":"85","imdbRating":"8.5","imdbVotes":"700,382","imdbID":"tt0082971","Type":"movie","DVD":"21 Oct 2003","BoxOffice":"N/A","Production":"Paramount Pictures","Website":"http://www.indianajones.com/raiders/","Response":"True"}