{"Title":"Brazil","Year":"1985","Rated":"R","Released":"18 Dec 1985","Runtime":"132 min","Genre":"Drama, Sci-Fi","Director":"Terry Gilliam","Writer":"Terry Gilliam (screenplay), Tom Stoppard (screenplay), Charles McKeown (screenplay)","Actors":"Jonathan Pryce, Robert De Niro, Katherine Helmond, Ian Holm","Plot":"A bureaucrat in a retro-future world tries to correct an administrative error and himself becomes an enemy of the state.","Language":"English","Country":"UK","Awards":"Nominated for 2 Oscars. Another 8 wins & 3 nominations.","Poster":"https://images-na.ssl-images-amazon.com/images/M/MV5BMDM0YTM3Y2UtNzY5MC00OTc4LThhZTYtMmM0ZGZjMmU1ZjdmXkEyXkFqcGdeQXVyNjc1NTYyMjg@._V1_SX300.jpg","Ratings":[{"Source":"Internet Movie Database","Value":"8.0/10"},{"Source":"Rotten Tomatoes","Value":"98%"},{"Source":"Metacritic","Value":"88/100"}],"Metascore":"88","imdbRating":"8.0","imdbVotes":"158,348","imdbID":"tt0088846","Type":"movie","DVD":"31 Mar 1998","BoxOffice":"N/A","Production":"Universal Pictures","Website":"N/A","Response":"True"}