{"Title":"Dracula: Dead and Loving It","Year":"1995","Rated":"PG-13","Released":"22 Dec 1995","Runtime":"88 min","Genre":"Comedy, Fantasy, Horror","Director":"Mel Brooks","Writer":"Mel Brooks (screenplay), Rudy De Luca (screenplay), Steve Haberman (screenplay), Rudy De Luca (story), Steve Haberman (story), Bram Stoker (characters)","Actors":"Leslie Nielsen, Peter MacNicol, Steven Weber, Amy Yasbeck","Plot":"Mel Brooks' parody of the classic vampire story and its famous film adaptations.","Language":"English, German","Country":"USA, France","Awards":"N/A","Poster":"https://images-na.ssl-images-amazon.com/images/M/MV5BZWQ0ZDFmYzMtZGMyMi00NmYxLWE0MGYtYzM2ZGNhMTE1NTczL2ltYWdlL2ltYWdlXkEyXkFqcGdeQXVyMjM5ODMxODc@._V1_SX300.jpg","Ratings":[{"Source":"Internet Movie Database","Value":"5.8/10"},{"Source":"Rotten Tomatoes","Value":"11%"}],"Metascore":"N/A","imdbRating":"5.8","imdbVotes":"31,689","imdbID":"tt0112896","Type":"movie","DVD":"29 Jun 2004","BoxOffice":"N/A","Production":"WARNER BROTHERS PICTURES","Website":"N/A","Response":"True"}