{"Title":"Race the Sun","Year":"1996","Rated":"PG","Released":"22 Mar 1996","Runtime":"100 min","Genre":"Adventure, Comedy, Drama","Director":"Charles T. Kanganis","Writer":"Barry Morrow","Actors":"Halle Berry, Jim Belushi, Bill Hunter, Casey Affleck","Plot":"A bunch of high school misfits in Hawaii, introduced by their new teacher, attend a science fair in which they draw up inspiration to build their own solar car and win a trip to compete in the 1990 World Solar Challenge in Australia.","Language":"English, Hawaiian, Russian","Country":"USA","Awards":"N/A","Poster":"https://images-na.ssl-images-amazon.com/images/M/MV5BMTc3NzgzMzgxNF5BMl5BanBnXkFtZTcwNzMyMzUyMQ@@._V1_SX300.jpg","Ratings":[{"Source":"Internet Movie Database","Value":"5.3/10"},{"Source":"Rotten Tomatoes","Value":"22%"}],"Metascore":"N/A","imdbRating":"5.3","imdbVotes":"2,629","imdbID":"tt0117427","Type":"movie","DVD":"30 Apr 2002","BoxOffice":"N/A","Production":"Sony Pictures Home Entertainment","Website":"N/A","Response":"True"}