{"Title":"Aliens","Year":"1986","Rated":"R","Released":"18 Jul 1986","Runtime":"137 min","Genre":"Action, Adventure, Sci-Fi","Director":"James Cameron","Writer":"James Cameron (story by), David Giler (story by), Walter Hill (story by), Dan O'Bannon (based on characters created by), Ronald Shusett (based on characters created by), James Cameron (screenplay)","Actors":"Sigourney Weaver, Carrie Henn, Michael Biehn, Paul Reiser","Plot":"The moon from Alien (1979) has been colonized, but contact is lost. This time, the rescue team has impressive firepower, but will it be enough?","Language":"English","Country":"USA, UK","Awards":"Won 2 Oscars. Another 18 wins & 22 nominations.","Poster":"https://images-na.ssl-images-amazon.com/images/M/MV5BYzVlMWViZGEtYjEyYy00YWZmLThmZGEtYmM4MDZlN2Q5MmRmXkEyXkFqcGdeQXVyMTQxNzMzNDI@._V1_SX300.jpg","Ratings":[{"Source":"Internet Movie Database","Value":"8.4/10"},{"Source":"Rotten Tomatoes","Value":"98%"},{"Source":"Metacritic","Value":"87/100"}],"Metascore":"87","imdbRating":"8.4","imdbVotes":"518,005","imdbID":"tt0090605","Type":"movie","DVD":"01 Jun 1999","BoxOffice":"N/A","Production":"20th Century Fox Film Corporat","Website":"N/A","Response":"True"}