{"Title":"12 Angry Men","Year":"1957","Rated":"APPROVED","Released":"01 Apr 1957","Runtime":"96 min","Genre":"Crime, Drama","Director":"Sidney Lumet","Writer":"Reginald Rose (story), Reginald Rose (screenplay)","Actors":"Martin Balsam, John Fiedler, Lee J. Cobb, E.G. Marshall","Plot":"A jury holdout attempts to prevent a miscarriage of justice by forcing his colleagues to reconsider the evidence.","Language":"English","Country":"USA","Awards":"Nominated for 3 Oscars. Another 16 wins & 8 nominations.","Poster":"https://images-na.ssl-images-amazon.com/images/M/MV5BODQwOTc5MDM2N15BMl5BanBnXkFtZTcwODQxNTEzNA@@._V1_SX300.jpg","Ratings":[{"Source":"Internet Movie Database","Value":"8.9/10"},{"Source":"Rotten Tomatoes","Value":"100%"}],"Metascore":"N/A","imdbRating":"8.9","imdbVotes":"485,954","imdbID":"tt0050083","Type":"movie","DVD":"06 Mar 2001","BoxOffice":"N/A","Production":"Criterion Collection","Website":"http://www.criterion.com/films/27871-12-angry-men","Response":"True"}