{"Title":"Lawrence of Arabia","Year":"1962","Rated":"PG","Released":"11 Dec 1962","Runtime":"216 min","Genre":"Adventure, Biography, Drama","Director":"David Lean","Writer":"T.E. Lawrence (writings), Robert Bolt (screenplay), Michael Wilson (screenplay)","Actors":"Peter O'Toole, Alec Guinness, Anthony Quinn, Jack Hawkins","Plot":"The story of T.E. Lawrence, the English officer who successfully united and led the diverse, often warring, Arab tribes during World War I in order to fight the Turks.","Language":"English, Arabic, Turkish","Country":"UK, USA","Awards":"Won 7 Oscars. Another 23 wins & 14 nominations.","Poster":"https://images-na.ssl-images-amazon.com/images/M/MV5BYWY5ZjhjNGYtZmI2Ny00ODM0LWFkNzgtZmI1YzA2N2MxMzA0XkEyXkFqcGdeQXVyNjUwNzk3NDc@._V1_SX300.jpg","Ratings":[{"Source":"Internet Movie Database","Value":"8.3/10"},{"Source":"Rotten Tomatoes","Value":"97%"},{"Source":"Metacritic","Value":"100/100"}],"Metascore":"100","imdbRating":"8.3","imdbVotes":"204,626","imdbID":"tt0056172","Type":"movie","DVD":"03 Apr 2001","BoxOffice":"N/A","Production":"Columbia Pictures","Website":"N/A","Response":"True"}