{"Title":"The Transformers: The Movie","Year":"1986","Rated":"PG","Released":"08 Aug 1986","Runtime":"84 min","Genre":"Animation, Action, Adventure","Director":"Nelson Shin","Writer":"Ron Friedman","Actors":"Norman Alden, Jack Angel, Michael Bell, Gregg Berger","Plot":"The Autobots must stop a colossal planet consuming robot who goes after the Autobot Matrix of Leadership. At the same time, they must defend themselves against an all-out attack from the Decepticons.","Language":"English, Japanese","Country":"USA, Japan","Awards":"2 nominations.","Poster":"https://images-na.ssl-images-amazon.com/images/M/MV5BMTM2MzQ1NDA3OV5BMl5BanBnXkFtZTcwNjM2OTczMQ@@._V1_SX300.jpg","Ratings":[{"Source":"Internet Movie Database","Value":"7.3/10"},{"Source":"Rotten Tomatoes","Value":"55%"}],"Metascore":"N/A","imdbRating":"7.3","imdbVotes":"32,880","imdbID":"tt0092106","Type":"movie","DVD":"07 Nov 2000","BoxOffice":"N/A","Production":"De Laurentiis Entertainment Gr","Website":"N/A","Response":"True"}