{"Title":"A Clockwork Orange","Year":"1971","Rated":"R","Released":"02 Feb 1972","Runtime":"136 min","Genre":"Crime, Drama, Sci-Fi","Director":"Stanley Kubrick","Writer":"Stanley Kubrick (screenplay), Anthony Burgess (novel)","Actors":"Malcolm McDowell, Patrick Magee, Michael Bates, Warren Clarke","Plot":"In future Britain, Alex DeLarge, a charismatic and psycopath delinquent, who likes to practice crimes and ultra-violence with his gang, is jailed and volunteers for an experimental aversion therapy developed by the government in an effort to solve society's crime problem - but not all goes according to plan.","Language":"English","Country":"UK, USA","Awards":"Nominated for 4 Oscars. Another 8 wins & 17 nominations.","Poster":"https://images-na.ssl-images-amazon.com/images/M/MV5BMTY3MjM1Mzc4N15BMl5BanBnXkFtZTgwODM0NzAxMDE@._V1_SX300.jpg","Ratings":[{"Source":"Internet Movie Database","Value":"8.3/10"},{"Source":"Rotten Tomatoes","Value":"90%"},{"Source":"Metacritic","Value":"78/100"}],"Metascore":"78","imdbRating":"8.3","imdbVotes":"592,977","imdbID":"tt0066921","Type":"movie","DVD":"29 Jun 1999","BoxOffice":"N/A","Production":"Warner Bros.","Website":"N/A","Response":"True"}