{"Title":"To Kill a Mockingbird","Year":"1962","Rated":"NOT RATED","Released":"16 Mar 1963","Runtime":"129 min","Genre":"Crime, Drama","Director":"Robert Mulligan","Writer":"Harper Lee (based on her novel \"To Kill a Mockingbird\"), Horton Foote (screenplay)","Actors":"Gregory Peck, John Megna, Frank Overton, Rosemary Murphy","Plot":"Atticus Finch, a lawyer in the Depression-era South, defends a black man against an undeserved rape charge, and his children against prejudice.","Language":"English","Country":"USA","Awards":"Won 3 Oscars. Another 10 wins & 16 nominations.","Poster":"https://images-na.ssl-images-amazon.com/images/M/MV5BMjA4MzI1NDY2Nl5BMl5BanBnXkFtZTcwMTcyODc5Mw@@._V1_SX300.jpg","Ratings":[{"Source":"Internet Movie Database","Value":"8.3/10"},{"Source":"Rotten Tomatoes","Value":"91%"}],"Metascore":"N/A","imdbRating":"8.3","imdbVotes":"228,005","imdbID":"tt0056592","Type":"movie","DVD":"28 Apr 1998","BoxOffice":"N/A","Production":"Universal International Pictur","Website":"N/A","Response":"True"}