{"Title":"Apocalypse Now","Year":"1979","Rated":"R","Released":"15 Aug 1979","Runtime":"153 min","Genre":"Drama, War","Director":"Francis Ford Coppola","Writer":"John Milius, Francis Ford Coppola, Michael Herr (narration)","Actors":"Marlon Brando, Martin Sheen, Robert Duvall, Frederic Forrest","Plot":"During the Vietnam War, Captain Willard is sent on a dangerous mission into Cambodia to assassinate a renegade colonel who has set himself up as a god among a local tribe.","Language":"English, French, Vietnamese","Country":"USA","Awards":"Won 2 Oscars. Another 18 wins & 32 nominations.","Poster":"https://images-na.ssl-images-amazon.com/images/M/MV5BODViM2VjYWYtMzU5Ny00ZjczLWEzNjMtODZmNGMwZDAxNzJkXkEyXkFqcGdeQXVyNjUwNzk3NDc@._V1_SX300.jpg","Ratings":[{"Source":"Internet Movie Database","Value":"8.5/10"},{"Source":"Rotten Tomatoes","Value":"97%"},{"Source":"Metacritic","Value":"90/100"}],"Metascore":"90","imdbRating":"8.5","imdbVotes":"475,191","imdbID":"tt0078788","Type":"movie","DVD":"20 Nov 2001","BoxOffice":"N/A","Production":"United Artists","Website":"http://www.zoetrope.com/zoe_films.cgi?page=films&action=show_one&film_id=13","Response":"True"}