{"Title":"Star Wars: Episode VI - Return of the Jedi","Year":"1983","Rated":"PG","Released":"25 May 1983","Runtime":"131 min","Genre":"Action, Adventure, Fantasy","Director":"Richard Marquand","Writer":"Lawrence Kasdan (screenplay), George Lucas (screenplay), George Lucas (story by)","Actors":"Mark Hamill, Harrison Ford, Carrie Fisher, Billy Dee Williams","Plot":"After rescuing Han Solo from the palace of Jabba the Hutt, the rebels attempt to destroy the second Death Star, while Luke struggles to make Vader return from the dark side of the Force.","Language":"English","Country":"USA","Awards":"Nominated for 4 Oscars. Another 20 wins & 16 nominations.","Poster":"https://images-na.ssl-images-amazon.com/images/M/MV5BODllZjg2YjUtNWEzNy00ZGY2LTgyZmQtYTkxNDYyOWM3OTUyXkEyXkFqcGdeQXVyMTQxNzMzNDI@._V1_SX300.jpg","Ratings":[{"Source":"Internet Movie Database","Value":"8.4/10"},{"Source":"Rotten Tomatoes","Value":"80%"},{"Source":"Metacritic","Value":"53/100"}],"Metascore":"53","imdbRating":"8.4","imdbVotes":"736,981","imdbID":"tt0086190","Type":"movie","DVD":"12 Sep 2006","BoxOffice":"N/A","Production":"Twentieth Century Fox","Website":"http://www.starwars.com/episode-vi/","Response":"True"}