{"Title":"Wings of Desire","Year":"1987","Rated":"PG-13","Released":"06 May 1988","Runtime":"128 min","Genre":"Drama, Fantasy, Romance","Director":"Wim Wenders","Writer":"Wim Wenders, Peter Handke (screenplay), Richard Reitinger (screenplay)","Actors":"Bruno Ganz, Solveig Dommartin, Otto Sander, Curt Bois","Plot":"An angel tires of overseeing human activity and wishes to become human when he falls in love with a mortal.","Language":"German, English, French, Turkish, Hebrew, Spanish, Japanese","Country":"West Germany, France","Awards":"Nominated for 1 BAFTA Film Award. Another 18 wins & 10 nominations.","Poster":"https://images-na.ssl-images-amazon.com/images/M/MV5BMTcwMTk1MTUzMl5BMl5BanBnXkFtZTcwODAwNTQ4Mg@@._V1_SX300.jpg","Ratings":[{"Source":"Internet Movie Database","Value":"8.1/10"},{"Source":"Rotten Tomatoes","Value":"98%"},{"Source":"Metacritic","Value":"79/100"}],"Metascore":"79","imdbRating":"8.1","imdbVotes":"49,962","imdbID":"tt0093191","Type":"movie","DVD":"01 Jul 2003","BoxOffice":"N/A","Production":"Criterion Collection","Website":"N/A","Response":"True"}