{"Title":"The Third Man","Year":"1949","Rated":"APPROVED","Released":"31 Aug 1949","Runtime":"93 min","Genre":"Film-Noir, Mystery, Thriller","Director":"Carol Reed","Writer":"Graham Greene (by), Graham Greene (screen play)","Actors":"Joseph Cotten, Alida Valli, Orson Welles, Trevor Howard","Plot":"Pulp novelist Holly Martins travels to shadowy, postwar Vienna, only to find himself investigating the mysterious death of an old friend, Harry Lime.","Language":"English, German, Russian","Country":"UK","Awards":"Won 1 Oscar. Another 4 wins & 4 nominations.","Poster":"https://images-na.ssl-images-amazon.com/images/M/MV5BZjQxYmRkMjgtMmZkZi00ZDYyLTk5OTktZWZjZTEzNGZlMWEwXkEyXkFqcGdeQXVyNDYyMDk5MTU@._V1_SX300.jpg","Ratings":[{"Source":"Internet Movie Database","Value":"8.3/10"},{"Source":"Rotten Tomatoes","Value":"100%"}],"Metascore":"N/A","imdbRating":"8.3","imdbVotes":"120,198","imdbID":"tt0041959","Type":"movie","DVD":"30 Nov 1999","BoxOffice":"N/A","Production":"Rialto Pictures","Website":"http://www.rialtopictures.com/thirdman","Response":"True"}