{"Title":"Goodfellas","Year":"1990","Rated":"R","Released":"21 Sep 1990","Runtime":"146 min","Genre":"Biography, Crime, Drama","Director":"Martin Scorsese","Writer":"Nicholas Pileggi (book), Nicholas Pileggi (screenplay), Martin Scorsese (screenplay)","Actors":"Robert De Niro, Ray Liotta, Joe Pesci, Lorraine Bracco","Plot":"Henry Hill and his friends work their way up through the mob hierarchy.","Language":"English, Italian","Country":"USA","Awards":"Won 1 Oscar. Another 37 wins & 35 nominations.","Poster":"https://images-na.ssl-images-amazon.com/images/M/MV5BNThjMzczMjctZmIwOC00NTQ4LWJhZWItZDdhNTk5ZTdiMWFlXkEyXkFqcGdeQXVyNDYyMDk5MTU@._V1_SX300.jpg","Ratings":[{"Source":"Internet Movie Database","Value":"8.7/10"},{"Source":"Rotten Tomatoes","Value":"97%"},{"Source":"Metacritic","Value":"89/100"}],"Metascore":"89","imdbRating":"8.7","imdbVotes":"773,445","imdbID":"tt0099685","Type":"movie","DVD":"26 Mar 1997","BoxOffice":"N/A","Production":"Warner Bros.","Website":"N/A","Response":"True"}