{"Title":"Alien","Year":"1979","Rated":"R","Released":"22 Jun 1979","Runtime":"117 min","Genre":"Horror, Sci-Fi","Director":"Ridley Scott","Writer":"Dan O'Bannon (story), Ronald Shusett (story), Dan O'Bannon (screenplay)","Actors":"Tom Skerritt, Sigourney Weaver, Veronica Cartwright, Harry Dean Stanton","Plot":"After a space merchant vessel perceives an unknown transmission as distress call, their landing on the source moon finds one of the crew attacked by a mysterious life-form, and soon realize that its life cycle has merely begun.","Language":"English, Spanish","Country":"UK, USA","Awards":"Won 1 Oscar. Another 16 wins & 19 nominations.","Poster":"https://images-na.ssl-images-amazon.com/images/M/MV5BNDNhN2IxZWItNGEwYS00ZDNhLThiM2UtODU3NWJlZjBkYjQxXkEyXkFqcGdeQXVyMTQxNzMzNDI@._V1_SX300.jpg","Ratings":[{"Source":"Internet Movie Database","Value":"8.5/10"},{"Source":"Rotten Tomatoes","Value":"97%"},{"Source":"Metacritic","Value":"83/100"}],"Metascore":"83","imdbRating":"8.5","imdbVotes":"603,670","imdbID":"tt0078748","Type":"movie","DVD":"06 Jan 2004","BoxOffice":"N/A","Production":"20th Century Fox","Website":"http://www.foxmovies.com/index1.html","Response":"True"}