{"Title":"The Making of 'Army of Darkness'","Year":"1993","Rated":"N/A","Released":"01 Feb 1993","Runtime":"N/A","Genre":"Documentary, Short, Action","Director":"N/A","Writer":"N/A","Actors":"Bruce Campbell, Embeth Davidtz, Bridget Fonda","Plot":"N/A","Language":"English","Country":"USA","Awards":"N/A","Poster":"N/A","Ratings":[],"Metascore":"N/A","imdbRating":"N/A","imdbVotes":"N/A","imdbID":"tt2651324","Type":"movie","DVD":"N/A","BoxOffice":"N/A","Production":"N/A","Website":"N/A","Response":"True"}