{"Title":"The Big Blue","Year":"1988","Rated":"R","Released":"19 Aug 1988","Runtime":"168 min","Genre":"Adventure, Drama, Sport","Director":"Luc Besson","Writer":"Luc Besson (story), Luc Besson (screenplay), Robert Garland (screenplay), Marilyn Goldin (screenplay), Jacques Mayol (screenplay), Marc Perrier (screenplay)","Actors":"Rosanna Arquette, Jean-Marc Barr, Jean Reno, Paul Shenar","Plot":"The rivalry between Enzo and Jacques, two childhood friends and now world-renowned free divers, becomes a beautiful and perilous journey into oneself and the unknown.","Language":"English, French, Italian","Country":"France","Awards":"3 wins & 6 nominations.","Poster":"https://images-na.ssl-images-amazon.com/images/M/MV5BMjM3NDgzNDQzMF5BMl5BanBnXkFtZTgwOTg0NjE0MDE@._V1_SX300.jpg","Ratings":[{"Source":"Internet Movie Database","Value":"7.6/10"},{"Source":"Rotten Tomatoes","Value":"63%"},{"Source":"Metacritic","Value":"35/100"}],"Metascore":"35","imdbRating":"7.6","imdbVotes":"39,459","imdbID":"tt0095250","Type":"movie","DVD":"15 Aug 2000","BoxOffice":"$80,804.00","Production":"20th Century-Fox","Website":"N/A","Response":"True"}