{"Title":"Ran","Year":"1985","Rated":"R","Released":"01 Jun 1985","Runtime":"162 min","Genre":"Action, Drama","Director":"Akira Kurosawa","Writer":"Akira Kurosawa (screenplay), Hideo Oguni (screenplay), Masato Ide (screenplay), William Shakespeare (play)","Actors":"Tatsuya Nakadai, Akira Terao, Jinpachi Nezu, Daisuke Ryû","Plot":"In Medieval Japan, an elderly warlord retires, handing over his empire to his three sons. However, he vastly underestimates how the new-found power will corrupt them and cause them to turn on each other...and him.","Language":"Japanese","Country":"Japan, France","Awards":"Won 1 Oscar. Another 27 wins & 22 nominations.","Poster":"https://images-na.ssl-images-amazon.com/images/M/MV5BZDBjZTM4ZmEtOTA5ZC00NTQzLTkyNzYtMmUxNGU2YjI5YjU5L2ltYWdlXkEyXkFqcGdeQXVyNTAyODkwOQ@@._V1_SX300.jpg","Ratings":[{"Source":"Internet Movie Database","Value":"8.2/10"},{"Source":"Rotten Tomatoes","Value":"96%"},{"Source":"Metacritic","Value":"96/100"}],"Metascore":"96","imdbRating":"8.2","imdbVotes":"82,287","imdbID":"tt0089881","Type":"movie","DVD":"22 Nov 2005","BoxOffice":"N/A","Production":"Rialto Pictures","Website":"N/A","Response":"True"}