{"Title":"The Killer","Year":"1989","Rated":"R","Released":"01 Sep 1990","Runtime":"111 min","Genre":"Action, Crime, Drama","Director":"John Woo","Writer":"John Woo","Actors":"Yun-Fat Chow, Danny Lee, Sally Yeh, Kong Chu","Plot":"A disillusioned assassin accepts one last hit in hopes of using his earnings to restore vision to a singer he accidentally blinded, only to be double-crossed by his boss.","Language":"Cantonese, Mandarin, Japanese","Country":"Hong Kong","Awards":"2 wins & 5 nominations.","Poster":"https://images-na.ssl-images-amazon.com/images/M/MV5BZjMzMjdhZmMtOTQ3NC00OWM2LWIxODUtNTEyYWY1N2JjNjYxXkEyXkFqcGdeQXVyMjYzMDI3OTY@._V1_SX300.jpg","Ratings":[{"Source":"Internet Movie Database","Value":"7.9/10"},{"Source":"Rotten Tomatoes","Value":"100%"}],"Metascore":"N/A","imdbRating":"7.9","imdbVotes":"39,763","imdbID":"tt0097202","Type":"movie","DVD":"01 Jan 1998","BoxOffice":"N/A","Production":"Kino","Website":"N/A","Response":"True"}