{"Title":"Psycho","Year":"1960","Rated":"APPROVED","Released":"08 Sep 1960","Runtime":"109 min","Genre":"Horror, Mystery, Thriller","Director":"Alfred Hitchcock","Writer":"Joseph Stefano (screenplay), Robert Bloch (novel)","Actors":"Anthony Perkins, Vera Miles, John Gavin, Janet Leigh","Plot":"A Phoenix secretary embezzles $40,000 from her employer's client, goes on the run, and checks into a remote motel run by a young man under the domination of his mother.","Language":"English","Country":"USA","Awards":"Nominated for 4 Oscars. Another 5 wins & 9 nominations.","Poster":"https://images-na.ssl-images-amazon.com/images/M/MV5BMDI3OWRmOTEtOWJhYi00N2JkLTgwNGItMjdkN2U0NjFiZTYwXkEyXkFqcGdeQXVyMTQxNzMzNDI@._V1_SX300.jpg","Ratings":[{"Source":"Internet Movie Database","Value":"8.5/10"},{"Source":"Rotten Tomatoes","Value":"96%"}],"Metascore":"N/A","imdbRating":"8.5","imdbVotes":"450,321","imdbID":"tt0054215","Type":"movie","DVD":"06 Mar 2001","BoxOffice":"N/A","Production":"Paramount Pictures","Website":"N/A","Response":"True"}