{"Title":"Boomerang","Year":"1992","Rated":"R","Released":"01 Jul 1992","Runtime":"117 min","Genre":"Comedy, Drama, Romance","Director":"Reginald Hudlin","Writer":"Eddie Murphy (story), Barry W. Blaustein (screenplay), David Sheffield (screenplay)","Actors":"Eddie Murphy, Robin Givens, Halle Berry, David Alan Grier","Plot":"A successful executive and womanizer finds his lifestyle choices have turned back on him when his new female boss turns out to be an even bigger deviant than he is.","Language":"English, French","Country":"USA","Awards":"1 win & 4 nominations.","Poster":"https://images-na.ssl-images-amazon.com/images/M/MV5BZDZmZDU5MGYtMTU3YS00NDczLWJmOTQtOTdlODk2NmMxZjllXkEyXkFqcGdeQXVyMTQxNzMzNDI@._V1_SX300.jpg","Ratings":[{"Source":"Internet Movie Database","Value":"5.4/10"},{"Source":"Rotten Tomatoes","Value":"40%"},{"Source":"Metacritic","Value":"45/100"}],"Metascore":"45","imdbRating":"5.4","imdbVotes":"21,029","imdbID":"tt0103859","Type":"movie","DVD":"24 Sep 2002","BoxOffice":"N/A","Production":"Paramount Pictures","Website":"N/A","Response":"True"}