{"Title":"The Blues Brothers","Year":"1980","Rated":"R","Released":"20 Jun 1980","Runtime":"133 min","Genre":"Action, Comedy, Crime","Director":"John Landis","Writer":"Dan Aykroyd, John Landis","Actors":"John Belushi, Dan Aykroyd, James Brown, Cab Calloway","Plot":"Jake Blues, just out from prison, puts together his old band to save the Catholic home where he and brother Elwood were raised.","Language":"English","Country":"USA","Awards":"1 win.","Poster":"https://images-na.ssl-images-amazon.com/images/M/MV5BMzdhOTJmYmQtMmE0OS00ZDMyLWFkZDItZmZmMGJlNGUyNjNhXkEyXkFqcGdeQXVyNDk3NzU2MTQ@._V1_SX300.jpg","Ratings":[{"Source":"Internet Movie Database","Value":"7.9/10"},{"Source":"Rotten Tomatoes","Value":"85%"}],"Metascore":"N/A","imdbRating":"7.9","imdbVotes":"149,219","imdbID":"tt0080455","Type":"movie","DVD":"30 Aug 2005","BoxOffice":"N/A","Production":"Universal Pictures","Website":"http://bluesbrothers.com/","Response":"True"}