{"Title":"The Godfather: Part II","Year":"1974","Rated":"R","Released":"20 Dec 1974","Runtime":"202 min","Genre":"Crime, Drama","Director":"Francis Ford Coppola","Writer":"Francis Ford Coppola (screenplay), Mario Puzo (screenplay), Mario Puzo (novel)","Actors":"Al Pacino, Robert Duvall, Diane Keaton, Robert De Niro","Plot":"The early life and career of Vito Corleone in 1920s New York is portrayed while his son, Michael, expands and tightens his grip on the family crime syndicate.","Language":"English, Italian, Spanish, Latin, Sicilian","Country":"USA","Awards":"Won 6 Oscars. Another 10 wins & 20 nominations.","Poster":"https://images-na.ssl-images-amazon.com/images/M/MV5BMjZiNzIxNTQtNDc5Zi00YWY1LThkMTctMDgzYjY4YjI1YmQyL2ltYWdlL2ltYWdlXkEyXkFqcGdeQXVyNjU0OTQ0OTY@._V1_SX300.jpg","Ratings":[{"Source":"Internet Movie Database","Value":"9.0/10"},{"Source":"Rotten Tomatoes","Value":"97%"},{"Source":"Metacritic","Value":"80/100"}],"Metascore":"80","imdbRating":"9.0","imdbVotes":"845,231","imdbID":"tt0071562","Type":"movie","DVD":"24 May 2005","BoxOffice":"N/A","Production":"Paramount Pictures","Website":"http://www.thegodfather.com/","Response":"True"}