{"Title":"Full Metal Jacket","Year":"1987","Rated":"R","Released":"10 Jul 1987","Runtime":"116 min","Genre":"Drama, War","Director":"Stanley Kubrick","Writer":"Gustav Hasford (novel), Stanley Kubrick (screenplay), Michael Herr (screenplay), Gustav Hasford (screenplay)","Actors":"Matthew Modine, Adam Baldwin, Vincent D'Onofrio, R. Lee Ermey","Plot":"A pragmatic U.S. Marine observes the dehumanizing effects the Vietnam War has on his fellow recruits from their brutal boot camp training to the bloody street fighting in Hue.","Language":"English, Vietnamese","Country":"UK, USA","Awards":"Nominated for 1 Oscar. Another 7 wins & 9 nominations.","Poster":"https://images-na.ssl-images-amazon.com/images/M/MV5BNzc2ZThkOGItZGY5YS00MDYwLTkyOTAtNDRmZWIwMGRhYTc0L2ltYWdlXkEyXkFqcGdeQXVyNjU0OTQ0OTY@._V1_SX300.jpg","Ratings":[{"Source":"Internet Movie Database","Value":"8.3/10"},{"Source":"Rotten Tomatoes","Value":"95%"},{"Source":"Metacritic","Value":"78/100"}],"Metascore":"78","imdbRating":"8.3","imdbVotes":"515,137","imdbID":"tt0093058","Type":"movie","DVD":"29 Jun 1999","BoxOffice":"N/A","Production":"Warner Bros.","Website":"N/A","Response":"True"}