{"Title":"Henry V","Year":"1989","Rated":"PG-13","Released":"08 Nov 1989","Runtime":"137 min","Genre":"Action, Biography, Drama","Director":"Kenneth Branagh","Writer":"William Shakespeare (by), Kenneth Branagh (adapted for the screen by)","Actors":"Derek Jacobi, Kenneth Branagh, Simon Shepherd, James Larkin","Plot":"In the midst of the Hundred Years' War, the young King Henry V of England embarks on the conquest of France in 1415.","Language":"English, French","Country":"UK","Awards":"Won 1 Oscar. Another 9 wins & 13 nominations.","Poster":"https://images-na.ssl-images-amazon.com/images/M/MV5BMTI1ODg1Mjk5NF5BMl5BanBnXkFtZTcwNzQyNjUxMQ@@._V1_SX300.jpg","Ratings":[{"Source":"Internet Movie Database","Value":"7.7/10"},{"Source":"Rotten Tomatoes","Value":"100%"},{"Source":"Metacritic","Value":"83/100"}],"Metascore":"83","imdbRating":"7.7","imdbVotes":"24,160","imdbID":"tt0097499","Type":"movie","DVD":"18 Jul 2000","BoxOffice":"N/A","Production":"MGM Home Entertainment","Website":"N/A","Response":"True"}