{"Title":"Amadeus","Year":"1984","Rated":"R","Released":"19 Sep 1984","Runtime":"160 min","Genre":"Biography, Drama, History","Director":"Milos Forman","Writer":"Peter Shaffer (original stage play), Peter Shaffer (original screenplay)","Actors":"F. Murray Abraham, Tom Hulce, Elizabeth Berridge, Roy Dotrice","Plot":"The incredible story of Wolfgang Amadeus Mozart, told by his peer and secret rival Antonio Salieri - now confined to an insane asylum.","Language":"English, Italian, Latin, German","Country":"USA, France","Awards":"Won 8 Oscars. Another 33 wins & 14 nominations.","Poster":"https://images-na.ssl-images-amazon.com/images/M/MV5BMTg5NDkwMTk5N15BMl5BanBnXkFtZTYwODg3MDk2._V1_SX300.jpg","Ratings":[{"Source":"Internet Movie Database","Value":"8.3/10"},{"Source":"Rotten Tomatoes","Value":"95%"},{"Source":"Metacritic","Value":"93/100"}],"Metascore":"93","imdbRating":"8.3","imdbVotes":"287,352","imdbID":"tt0086879","Type":"movie","DVD":"16 Dec 1997","BoxOffice":"N/A","Production":"Warner Bros. Pictures","Website":"http://movies.warnerbros.com/amadeus","Response":"True"}