{"Title":"The Quiet Man","Year":"1952","Rated":"NOT RATED","Released":"14 Sep 1952","Runtime":"129 min","Genre":"Comedy, Drama, Romance","Director":"John Ford","Writer":"Frank S. Nugent (screenplay), Maurice Walsh (from the story by)","Actors":"John Wayne, Maureen O'Hara, Barry Fitzgerald, Ward Bond","Plot":"A retired American boxer returns to the village of his birth in Ireland, where he finds love.","Language":"English, Irish","Country":"USA","Awards":"Won 2 Oscars. Another 8 wins & 8 nominations.","Poster":"https://images-na.ssl-images-amazon.com/images/M/MV5BMWM1ZDhlM2MtNDNmMi00MDk4LTg5MjgtODE4ODk1MjYxOTIwXkEyXkFqcGdeQXVyNjc0MzMzNjA@._V1_SX300.jpg","Ratings":[{"Source":"Internet Movie Database","Value":"7.9/10"},{"Source":"Rotten Tomatoes","Value":"90%"}],"Metascore":"N/A","imdbRating":"7.9","imdbVotes":"28,074","imdbID":"tt0045061","Type":"movie","DVD":"20 Feb 2001","BoxOffice":"N/A","Production":"Republic Pictures","Website":"N/A","Response":"True"}