{"Title":"Once Upon a Time in America","Year":"1984","Rated":"R","Released":"01 Jun 1984","Runtime":"229 min","Genre":"Crime, Drama","Director":"Sergio Leone","Writer":"Harry Grey (novel), Leonardo Benvenuti (screenplay), Piero De Bernardi (screenplay), Enrico Medioli (screenplay), Franco Arcalli (screenplay), Franco Ferrini (screenplay), Sergio Leone (screenplay), Stuart Kaminsky (additional dialogue)","Actors":"Robert De Niro, James Woods, Elizabeth McGovern, Joe Pesci","Plot":"A former Prohibition-era Jewish gangster returns to the Lower East Side of Manhattan over thirty years later, where he once again must confront the ghosts and regrets of his old life.","Language":"English, Italian, French","Country":"Italy, USA","Awards":"Nominated for 2 Golden Globes. Another 11 wins & 7 nominations.","Poster":"https://images-na.ssl-images-amazon.com/images/M/MV5BMGFkNWI4MTMtNGQ0OC00MWVmLTk3MTktOGYxN2Y2YWVkZWE2XkEyXkFqcGdeQXVyNjU0OTQ0OTY@._V1_SX300.jpg","Ratings":[{"Source":"Internet Movie Database","Value":"8.4/10"},{"Source":"Rotten Tomatoes","Value":"89%"}],"Metascore":"N/A","imdbRating":"8.4","imdbVotes":"234,428","imdbID":"tt0087843","Type":"movie","DVD":"10 Jun 2003","BoxOffice":"N/A","Production":"Warner Home Video","Website":"N/A","Response":"True"}