{"Title":"Raging Bull","Year":"1980","Rated":"R","Released":"19 Dec 1980","Runtime":"129 min","Genre":"Biography, Drama, Sport","Director":"Martin Scorsese","Writer":"Jake LaMotta (based on the book by), Joseph Carter (with), Peter Savage (with), Paul Schrader (screenplay), Mardik Martin (screenplay)","Actors":"Robert De Niro, Cathy Moriarty, Joe Pesci, Frank Vincent","Plot":"An emotionally self-destructive boxer's journey through life, as the violence and temper that leads him to the top in the ring destroys his life outside it.","Language":"English","Country":"USA","Awards":"Won 2 Oscars. Another 22 wins & 26 nominations.","Poster":"https://images-na.ssl-images-amazon.com/images/M/MV5BMjIxOTg3OTc5MF5BMl5BanBnXkFtZTcwNzkwNjMwNA@@._V1_SX300.jpg","Ratings":[{"Source":"Internet Movie Database","Value":"8.2/10"},{"Source":"Rotten Tomatoes","Value":"97%"},{"Source":"Metacritic","Value":"92/100"}],"Metascore":"92","imdbRating":"8.2","imdbVotes":"248,142","imdbID":"tt0081398","Type":"movie","DVD":"01 Aug 2000","BoxOffice":"N/A","Production":"United Artists","Website":"N/A","Response":"True"}