{"Title":"Chungking Express","Year":"1994","Rated":"PG-13","Released":"08 Mar 1996","Runtime":"102 min","Genre":"Comedy, Drama, Romance","Director":"Kar-Wai Wong","Writer":"Kar-Wai Wong","Actors":"Brigitte Lin, Tony Chiu-Wai Leung, Faye Wong, Takeshi Kaneshiro","Plot":"Two melancholy Hong Kong policemen fall in love: one with a mysterious female underworld figure, the other with a beautiful and ethereal server at a late-night restaurant he frequents.","Language":"Cantonese, English, Japanese, Hindi, Mandarin","Country":"Hong Kong","Awards":"8 wins & 19 nominations.","Poster":"https://images-na.ssl-images-amazon.com/images/M/MV5BMGQ5MzljNzYtMDM1My00NmI0LThlYzQtMTg0ZmQ0MTk1YjkxXkEyXkFqcGdeQXVyNTAyODkwOQ@@._V1_SX300.jpg","Ratings":[{"Source":"Internet Movie Database","Value":"8.1/10"},{"Source":"Rotten Tomatoes","Value":"90%"},{"Source":"Metacritic","Value":"77/100"}],"Metascore":"77","imdbRating":"8.1","imdbVotes":"43,710","imdbID":"tt0109424","Type":"movie","DVD":"21 May 2002","BoxOffice":"N/A","Production":"Miramax","Website":"N/A","Response":"True"}