{"Title":"Annie Hall","Year":"1977","Rated":"PG","Released":"20 Apr 1977","Runtime":"93 min","Genre":"Comedy, Romance","Director":"Woody Allen","Writer":"Woody Allen, Marshall Brickman","Actors":"Woody Allen, Diane Keaton, Tony Roberts, Carol Kane","Plot":"Neurotic New York comedian Alvy Singer falls in love with the ditzy Annie Hall.","Language":"English, German","Country":"USA","Awards":"Won 4 Oscars. Another 26 wins & 8 nominations.","Poster":"https://images-na.ssl-images-amazon.com/images/M/MV5BMTU1NDM2MjkwM15BMl5BanBnXkFtZTcwODU3OTYwNA@@._V1_SX300.jpg","Ratings":[{"Source":"Internet Movie Database","Value":"8.1/10"},{"Source":"Rotten Tomatoes","Value":"99%"}],"Metascore":"N/A","imdbRating":"8.1","imdbVotes":"205,865","imdbID":"tt0075686","Type":"movie","DVD":"28 Apr 1998","BoxOffice":"N/A","Production":"United Artists","Website":"N/A","Response":"True"}