{"Title":"The Right Stuff","Year":"1983","Rated":"PG","Released":"17 Feb 1984","Runtime":"193 min","Genre":"Adventure, Biography, Drama","Director":"Philip Kaufman","Writer":"Philip Kaufman (written for the screen by), Tom Wolfe (based on the book by)","Actors":"Sam Shepard, Scott Glenn, Ed Harris, Dennis Quaid","Plot":"The story of the original Mercury 7 astronauts and their macho, seat-of-the-pants approach to the space program.","Language":"English, Russian","Country":"USA","Awards":"Won 4 Oscars. Another 7 wins & 15 nominations.","Poster":"https://images-na.ssl-images-amazon.com/images/M/MV5BOTUwMDA3MTYtZjhjMi00ODFmLTg5ZTAtYzgwN2NlODgzMmUwXkEyXkFqcGdeQXVyNjc1NTYyMjg@._V1_SX300.jpg","Ratings":[{"Source":"Internet Movie Database","Value":"7.9/10"},{"Source":"Rotten Tomatoes","Value":"98%"}],"Metascore":"N/A","imdbRating":"7.9","imdbVotes":"46,697","imdbID":"tt0086197","Type":"movie","DVD":"27 Aug 1997","BoxOffice":"N/A","Production":"Warner Bros. Pictures","Website":"N/A","Response":"True"}