{"Title":"Stalker","Year":"1979","Rated":"NOT RATED","Released":"17 Apr 1980","Runtime":"163 min","Genre":"Drama, Sci-Fi","Director":"Andrei Tarkovsky","Writer":"Arkadiy Strugatskiy (novel), Boris Strugatskiy (novel), Arkadiy Strugatskiy (screenplay), Boris Strugatskiy (screenplay)","Actors":"Alisa Freyndlikh, Aleksandr Kaydanovskiy, Anatoliy Solonitsyn, Nikolay Grinko","Plot":"A guide leads two men through an area known as the Zone to find a room that grants wishes.","Language":"Russian","Country":"Soviet Union","Awards":"2 wins & 1 nomination.","Poster":"https://images-na.ssl-images-amazon.com/images/M/MV5BNDY2NjU0NDAxOF5BMl5BanBnXkFtZTgwNjQ4MTI2MTE@._V1_SX300.jpg","Ratings":[{"Source":"Internet Movie Database","Value":"8.1/10"},{"Source":"Rotten Tomatoes","Value":"100%"}],"Metascore":"N/A","imdbRating":"8.1","imdbVotes":"74,140","imdbID":"tt0079944","Type":"movie","DVD":"15 Oct 2002","BoxOffice":"N/A","Production":"Zweites Deutsches Fernsehen","Website":"N/A","Response":"True"}