{"Title":"The Sting","Year":"1973","Rated":"PG","Released":"25 Dec 1973","Runtime":"129 min","Genre":"Comedy, Crime, Drama","Director":"George Roy Hill","Writer":"David S. Ward","Actors":"Paul Newman, Robert Redford, Robert Shaw, Charles Durning","Plot":"In Chicago in September 1936, a young con man seeking revenge for his murdered partner teams up with a master of the big con to win a fortune from a criminal banker.","Language":"English","Country":"USA","Awards":"Won 7 Oscars. Another 10 wins & 6 nominations.","Poster":"https://images-na.ssl-images-amazon.com/images/M/MV5BMTY5MjM1OTAyOV5BMl5BanBnXkFtZTgwMDkwODg4MDE@._V1._CR52,57,915,1388_SX89_AL_.jpg_V1_SX300.jpg","Ratings":[{"Source":"Internet Movie Database","Value":"8.3/10"},{"Source":"Rotten Tomatoes","Value":"93%"},{"Source":"Metacritic","Value":"84/100"}],"Metascore":"84","imdbRating":"8.3","imdbVotes":"187,182","imdbID":"tt0070735","Type":"movie","DVD":"06 Sep 2005","BoxOffice":"N/A","Production":"Universal Pictures","Website":"N/A","Response":"True"}