{"Title":"Harold and Maude","Year":"1971","Rated":"PG","Released":"20 Dec 1971","Runtime":"91 min","Genre":"Comedy, Drama, Romance","Director":"Hal Ashby","Writer":"Colin Higgins","Actors":"Ruth Gordon, Bud Cort, Vivian Pickles, Cyril Cusack","Plot":"Young, rich, and obsessed with death, Harold finds himself changed forever when he meets lively septuagenarian Maude at a funeral.","Language":"English","Country":"USA","Awards":"Nominated for 2 Golden Globes. Another 2 wins & 1 nomination.","Poster":"https://images-na.ssl-images-amazon.com/images/M/MV5BY2M5Mzg3NjctZTlkNy00MTU0LWFlYTQtY2E2Y2M4NjNiNzllXkEyXkFqcGdeQXVyMTAwMzUyOTc@._V1_SX300.jpg","Ratings":[{"Source":"Internet Movie Database","Value":"8.0/10"},{"Source":"Rotten Tomatoes","Value":"86%"}],"Metascore":"N/A","imdbRating":"8.0","imdbVotes":"58,877","imdbID":"tt0067185","Type":"movie","DVD":"27 Jun 2000","BoxOffice":"N/A","Production":"Paramount Pictures","Website":"N/A","Response":"True"}