{"Title":"Trust","Year":"1990","Rated":"R","Released":"20 Sep 1991","Runtime":"107 min","Genre":"Comedy, Drama","Director":"Hal Hartley","Writer":"Hal Hartley","Actors":"Adrienne Shelly, Martin Donovan, Rebecca Nelson, John MacKay","Plot":"After being thrown away from home, Maria encounters a lady who complains of not having children. Almost getting raped, she ends up in an abandoned house, where she meets Matthew. When a baby is kidnapped Maria sets out to find the lady.","Language":"English","Country":"UK, USA","Awards":"4 wins & 2 nominations.","Poster":"https://images-na.ssl-images-amazon.com/images/M/MV5BNTQxMjM2MjQ0OF5BMl5BanBnXkFtZTcwMzYzMzYyOQ@@._V1_SX300.jpg","Ratings":[{"Source":"Internet Movie Database","Value":"7.5/10"},{"Source":"Rotten Tomatoes","Value":"82%"},{"Source":"Metacritic","Value":"67/100"}],"Metascore":"67","imdbRating":"7.5","imdbVotes":"7,489","imdbID":"tt0103130","Type":"movie","DVD":"20 Feb 1992","BoxOffice":"N/A","Production":"Republic Pictures Home Video","Website":"N/A","Response":"True"}