{"Title":"The Seventh Seal","Year":"1957","Rated":"NOT RATED","Released":"13 Oct 1958","Runtime":"96 min","Genre":"Drama, Fantasy","Director":"Ingmar Bergman","Writer":"Ingmar Bergman (play), Ingmar Bergman (screenplay)","Actors":"Gunnar Björnstrand, Bengt Ekerot, Nils Poppe, Max von Sydow","Plot":"A man seeks answers about life, death, and the existence of God as he plays chess against the Grim Reaper during the Black Plague.","Language":"Swedish, Latin","Country":"Sweden","Awards":"7 wins & 1 nomination.","Poster":"https://images-na.ssl-images-amazon.com/images/M/MV5BM2I1ZWU4YjMtYzU0My00YmMzLWFmNTAtZDJhZGYwMmI3YWQ5XkEyXkFqcGdeQXVyNjU0OTQ0OTY@._V1_SX300.jpg","Ratings":[{"Source":"Internet Movie Database","Value":"8.2/10"},{"Source":"Rotten Tomatoes","Value":"92%"}],"Metascore":"N/A","imdbRating":"8.2","imdbVotes":"119,538","imdbID":"tt0050976","Type":"movie","DVD":"17 Nov 2009","BoxOffice":"N/A","Production":"Janus Films","Website":"N/A","Response":"True"}