{"Title":"Local Hero","Year":"1983","Rated":"PG","Released":"18 Feb 1983","Runtime":"111 min","Genre":"Comedy, Drama","Director":"Bill Forsyth","Writer":"Bill Forsyth","Actors":"Burt Lancaster, Peter Riegert, Fulton Mackay, Denis Lawson","Plot":"An American oil company sends a man to Scotland to buy up an entire village where they want to build a refinery. But things don't go as expected.","Language":"English, Russian, Japanese","Country":"UK","Awards":"Won 1 BAFTA Film Award. Another 3 wins & 6 nominations.","Poster":"https://images-na.ssl-images-amazon.com/images/M/MV5BODhiMmM3YzQtZjMwNy00YTdkLTkwOTItZDhjYWE1ZTVlNmExXkEyXkFqcGdeQXVyMjI4MjA5MzA@._V1_SX300.jpg","Ratings":[{"Source":"Internet Movie Database","Value":"7.5/10"},{"Source":"Rotten Tomatoes","Value":"100%"}],"Metascore":"N/A","imdbRating":"7.5","imdbVotes":"16,640","imdbID":"tt0085859","Type":"movie","DVD":"21 Sep 1999","BoxOffice":"N/A","Production":"Warner Home Video","Website":"N/A","Response":"True"}