{"Title":"The Star Maker","Year":"1995","Rated":"R","Released":"08 Mar 1996","Runtime":"113 min","Genre":"Drama, Romance","Director":"Giuseppe Tornatore","Writer":"Giuseppe Tornatore (story), Fabio Rinaudo (screenplay), Giuseppe Tornatore (screenplay)","Actors":"Sergio Castellitto, Tiziana Lodato, Franco Scaldati, Leopoldo Trieste","Plot":"A photographer and the types of people he encounters.","Language":"Italian, Sicilian, Spanish","Country":"Italy","Awards":"Nominated for 1 Oscar. Another 13 wins & 13 nominations.","Poster":"https://images-na.ssl-images-amazon.com/images/M/MV5BMjE0MTE1ODI3MF5BMl5BanBnXkFtZTcwMTMwMTkxMQ@@._V1_SX300.jpg","Ratings":[{"Source":"Internet Movie Database","Value":"7.3/10"},{"Source":"Rotten Tomatoes","Value":"75%"}],"Metascore":"N/A","imdbRating":"7.3","imdbVotes":"3,898","imdbID":"tt0114808","Type":"movie","DVD":"04 Feb 2003","BoxOffice":"N/A","Production":"Miramax Films","Website":"N/A","Response":"True"}