{"Title":"The Terminator","Year":"1984","Rated":"R","Released":"26 Oct 1984","Runtime":"107 min","Genre":"Action, Sci-Fi","Director":"James Cameron","Writer":"James Cameron, Gale Anne Hurd, William Wisher Jr. (additional dialogue)","Actors":"Arnold Schwarzenegger, Michael Biehn, Linda Hamilton, Paul Winfield","Plot":"A seemingly indestructible humanoid cyborg is sent from 2029 to 1984 to assassinate a waitress, whose unborn son will lead humanity in a war against the machines, while a soldier from that war is sent to protect her at all costs.","Language":"English, Spanish","Country":"UK, USA","Awards":"5 wins & 6 nominations.","Poster":"https://images-na.ssl-images-amazon.com/images/M/MV5BODE1MDczNTUxOV5BMl5BanBnXkFtZTcwMTA0NDQyNA@@._V1_SX300.jpg","Ratings":[{"Source":"Internet Movie Database","Value":"8.0/10"},{"Source":"Rotten Tomatoes","Value":"100%"},{"Source":"Metacritic","Value":"83/100"}],"Metascore":"83","imdbRating":"8.0","imdbVotes":"634,231","imdbID":"tt0088247","Type":"movie","DVD":"03 Sep 1997","BoxOffice":"N/A","Production":"Orion Pictures Corporation","Website":"http://www.terminator1.com/","Response":"True"}