{"Title":"Glory","Year":"1989","Rated":"R","Released":"16 Feb 1990","Runtime":"122 min","Genre":"Biography, Drama, History","Director":"Edward Zwick","Writer":"Kevin Jarre (screenplay), Lincoln Kirstein (book), Peter Burchard (book), Robert Gould Shaw (letters)","Actors":"Matthew Broderick, Denzel Washington, Cary Elwes, Morgan Freeman","Plot":"Robert Gould Shaw leads the U.S. Civil War's first all-black volunteer company, fighting prejudices from both his own Union Army, and the Confederates.","Language":"English","Country":"USA","Awards":"Won 3 Oscars. Another 11 wins & 16 nominations.","Poster":"https://images-na.ssl-images-amazon.com/images/M/MV5BMTQxNDEwZGItZGI1Yy00YjU0LTlkY2YtMGEzODQ0ZjZjMzBhL2ltYWdlXkEyXkFqcGdeQXVyNjUwNzk3NDc@._V1_SX300.jpg","Ratings":[{"Source":"Internet Movie Database","Value":"7.9/10"},{"Source":"Rotten Tomatoes","Value":"93%"}],"Metascore":"N/A","imdbRating":"7.9","imdbVotes":"105,022","imdbID":"tt0097441","Type":"movie","DVD":"01 Jan 1998","BoxOffice":"N/A","Production":"TriStar","Website":"N/A","Response":"True"}