{"Title":"Manhattan","Year":"1979","Rated":"R","Released":"25 Apr 1979","Runtime":"96 min","Genre":"Comedy, Drama, Romance","Director":"Woody Allen","Writer":"Woody Allen, Marshall Brickman","Actors":"Woody Allen, Diane Keaton, Michael Murphy, Mariel Hemingway","Plot":"The life of a divorced television writer dating a teenage girl is further complicated when he falls in love with his best friend's mistress.","Language":"English","Country":"USA","Awards":"Nominated for 2 Oscars. Another 15 wins & 21 nominations.","Poster":"https://images-na.ssl-images-amazon.com/images/M/MV5BMzdmY2I3MmEtOGFiZi00MTg1LWIxY2QtNWUwM2NmNWNlY2U5XkEyXkFqcGdeQXVyNDk3NzU2MTQ@._V1_SX300.jpg","Ratings":[{"Source":"Internet Movie Database","Value":"8.0/10"},{"Source":"Rotten Tomatoes","Value":"98%"},{"Source":"Metacritic","Value":"83/100"}],"Metascore":"83","imdbRating":"8.0","imdbVotes":"109,274","imdbID":"tt0079522","Type":"movie","DVD":"04 Jul 2000","BoxOffice":"N/A","Production":"United Artists","Website":"N/A","Response":"True"}