{"Title":"Miller's Crossing","Year":"1990","Rated":"R","Released":"05 Oct 1990","Runtime":"115 min","Genre":"Crime, Drama, Thriller","Director":"Joel Coen, Ethan Coen","Writer":"Joel Coen, Ethan Coen","Actors":"Gabriel Byrne, Marcia Gay Harden, John Turturro, Jon Polito","Plot":"Tom Regan, an advisor to a Prohibition-era crime boss, tries to keep the peace between warring mobs but gets caught in divided loyalties.","Language":"English, Italian, Irish, Yiddish","Country":"USA","Awards":"3 wins & 7 nominations.","Poster":"https://images-na.ssl-images-amazon.com/images/M/MV5BMTY2Njk3MTAzM15BMl5BanBnXkFtZTgwMTY5Mzk4NjE@._V1_SX300.jpg","Ratings":[{"Source":"Internet Movie Database","Value":"7.8/10"},{"Source":"Rotten Tomatoes","Value":"91%"},{"Source":"Metacritic","Value":"66/100"}],"Metascore":"66","imdbRating":"7.8","imdbVotes":"108,029","imdbID":"tt0100150","Type":"movie","DVD":"20 May 2003","BoxOffice":"N/A","Production":"20th Century Fox","Website":"N/A","Response":"True"}