{"Title":"Dead Poets Society","Year":"1989","Rated":"PG","Released":"09 Jun 1989","Runtime":"128 min","Genre":"Comedy, Drama","Director":"Peter Weir","Writer":"Tom Schulman","Actors":"Robin Williams, Robert Sean Leonard, Ethan Hawke, Josh Charles","Plot":"English teacher John Keating inspires his students to look at poetry with a different perspective of authentic knowledge and feelings.","Language":"English, Latin","Country":"USA","Awards":"Won 1 Oscar. Another 18 wins & 19 nominations.","Poster":"https://images-na.ssl-images-amazon.com/images/M/MV5BOGYwYWNjMzgtNGU4ZC00NWQ2LWEwZjUtMzE1Zjc3NjY3YTU1XkEyXkFqcGdeQXVyMTQxNzMzNDI@._V1_SX300.jpg","Ratings":[{"Source":"Internet Movie Database","Value":"8.0/10"},{"Source":"Rotten Tomatoes","Value":"85%"},{"Source":"Metacritic","Value":"79/100"}],"Metascore":"79","imdbRating":"8.0","imdbVotes":"292,845","imdbID":"tt0097165","Type":"movie","DVD":"10 Nov 1998","BoxOffice":"N/A","Production":"Buena Vista Pictures","Website":"N/A","Response":"True"}