{"Title":"The Graduate","Year":"1967","Rated":"APPROVED","Released":"22 Dec 1967","Runtime":"106 min","Genre":"Comedy, Drama","Director":"Mike Nichols","Writer":"Calder Willingham (screenplay), Buck Henry (screenplay), Charles Webb (based on the novel by)","Actors":"Anne Bancroft, Dustin Hoffman, Katharine Ross, William Daniels","Plot":"A disillusioned college graduate finds himself torn between his older lover and her daughter.","Language":"English","Country":"USA","Awards":"Won 1 Oscar. Another 20 wins & 16 nominations.","Poster":"https://images-na.ssl-images-amazon.com/images/M/MV5BMTQ0ODc4MDk4Nl5BMl5BanBnXkFtZTcwMTEzNzgzNA@@._V1_SX300.jpg","Ratings":[{"Source":"Internet Movie Database","Value":"8.0/10"},{"Source":"Rotten Tomatoes","Value":"89%"},{"Source":"Metacritic","Value":"77/100"}],"Metascore":"77","imdbRating":"8.0","imdbVotes":"217,781","imdbID":"tt0061722","Type":"movie","DVD":"19 Jun 2001","BoxOffice":"N/A","Production":"Embassy Pictures/Rialto Pictures","Website":"http://www.rialtopictures.com/thegraduate.html","Response":"True"}