{"Title":"Touch of Evil","Year":"1958","Rated":"PG-13","Released":"01 Feb 1958","Runtime":"95 min","Genre":"Crime, Drama, Film-Noir","Director":"Orson Welles","Writer":"Orson Welles (screenplay), Whit Masterson (based on the novel \"Badge Of Evil\" by)","Actors":"Charlton Heston, Janet Leigh, Orson Welles, Joseph Calleia","Plot":"A stark, perverse story of murder, kidnapping, and police corruption in a Mexican border town.","Language":"English, Spanish","Country":"USA","Awards":"6 wins & 1 nomination.","Poster":"https://images-na.ssl-images-amazon.com/images/M/MV5BMDFkMDEwM2MtOWY4MS00YWNhLTg5ZWItYzAxZTJlN2Y1NjBmXkEyXkFqcGdeQXVyNjc1NTYyMjg@._V1_SX300.jpg","Ratings":[{"Source":"Internet Movie Database","Value":"8.1/10"},{"Source":"Rotten Tomatoes","Value":"96%"}],"Metascore":"N/A","imdbRating":"8.1","imdbVotes":"77,112","imdbID":"tt0052311","Type":"movie","DVD":"31 Oct 2000","BoxOffice":"N/A","Production":"October Films","Website":"N/A","Response":"True"}