{"Title":"Au coeur de Nikita (The Making of Nikita)","Year":"1990","Rated":"N/A","Released":"N/A","Runtime":"26 min","Genre":"Documentary, Short","Director":"Bruno François-Boucher","Writer":"Bruno François-Boucher","Actors":"Jean-Hugues Anglade, Luc Besson, Tchéky Karyo, Jeanne Moreau","Plot":"N/A","Language":"French","Country":"France","Awards":"N/A","Poster":"N/A","Ratings":[],"Metascore":"N/A","imdbRating":"N/A","imdbVotes":"N/A","imdbID":"tt1650389","Type":"movie","DVD":"N/A","BoxOffice":"N/A","Production":"N/A","Website":"N/A","Response":"True"}