{"Title":"Flirting with Disaster","Year":"1996","Rated":"R","Released":"12 Apr 1996","Runtime":"92 min","Genre":"Comedy","Director":"David O. Russell","Writer":"David O. Russell","Actors":"Ben Stiller, Patricia Arquette, Téa Leoni, Mary Tyler Moore","Plot":"A young man, his wife, and his incompetent case worker travel across country to find his birth parents.","Language":"English","Country":"USA","Awards":"1 win & 8 nominations.","Poster":"https://images-na.ssl-images-amazon.com/images/M/MV5BNzM4NTAyMDE4MF5BMl5BanBnXkFtZTcwNjg1NDQ3Nw@@._V1_SX300.jpg","Ratings":[{"Source":"Internet Movie Database","Value":"6.8/10"},{"Source":"Rotten Tomatoes","Value":"87%"},{"Source":"Metacritic","Value":"81/100"}],"Metascore":"81","imdbRating":"6.8","imdbVotes":"15,442","imdbID":"tt0116324","Type":"movie","DVD":"15 Jun 1999","BoxOffice":"N/A","Production":"Miramax Films","Website":"http://www.miramax.com/movie/flirting-with-disaster/","Response":"True"}