{"Title":"The Bridge on the River Kwai","Year":"1957","Rated":"PG","Released":"14 Dec 1957","Runtime":"161 min","Genre":"Adventure, Drama, War","Director":"David Lean","Writer":"Pierre Boulle (novel), Carl Foreman (screenplay), Michael Wilson (screenplay)","Actors":"William Holden, Alec Guinness, Jack Hawkins, Sessue Hayakawa","Plot":"After settling his differences with a Japanese PoW camp commander, a British colonel co-operates to oversee his men's construction of a railway bridge for their captors - while oblivious to a plan by the Allies to destroy it.","Language":"English, Japanese, Thai","Country":"UK, USA","Awards":"Won 7 Oscars. Another 23 wins & 7 nominations.","Poster":"https://images-na.ssl-images-amazon.com/images/M/MV5BYjE1MzU4NWEtYjhjZS00NzM3LWIyYjQtMWU1M2VkNWYzMzMwXkEyXkFqcGdeQXVyNjc1NTYyMjg@._V1_SX300.jpg","Ratings":[{"Source":"Internet Movie Database","Value":"8.2/10"},{"Source":"Rotten Tomatoes","Value":"94%"}],"Metascore":"N/A","imdbRating":"8.2","imdbVotes":"158,255","imdbID":"tt0050212","Type":"movie","DVD":"21 Nov 2000","BoxOffice":"N/A","Production":"Columbia Pictures","Website":"N/A","Response":"True"}