{"Title":"The Day the Earth Stood Still","Year":"1951","Rated":"APPROVED","Released":"N/A","Runtime":"92 min","Genre":"Drama, Sci-Fi","Director":"Robert Wise","Writer":"Edmund H. North (screen play), Harry Bates (based on a story by)","Actors":"Michael Rennie, Patricia Neal, Hugh Marlowe, Sam Jaffe","Plot":"An alien lands and tells the people of Earth that they must live peacefully or be destroyed as a danger to other planets.","Language":"English, French, Hindi, Russian","Country":"USA","Awards":"Won 1 Golden Globe. Another 2 wins & 1 nomination.","Poster":"https://images-na.ssl-images-amazon.com/images/M/MV5BYjUzNGQ0ZTUtNjMzNy00YmFjLTg2NjctM2UwODUzZGZlNDhhXkEyXkFqcGdeQXVyMDI2NDg0NQ@@._V1_SX300.jpg","Ratings":[{"Source":"Internet Movie Database","Value":"7.8/10"},{"Source":"Rotten Tomatoes","Value":"94%"}],"Metascore":"N/A","imdbRating":"7.8","imdbVotes":"66,189","imdbID":"tt0043456","Type":"movie","DVD":"04 Mar 2003","BoxOffice":"N/A","Production":"20th Century Fox","Website":"N/A","Response":"True"}