{"Title":"The Treasure of the Sierra Madre","Year":"1948","Rated":"APPROVED","Released":"24 Jan 1948","Runtime":"126 min","Genre":"Adventure, Drama, Western","Director":"John Huston","Writer":"John Huston (screenplay), B. Traven (based on the novel by)","Actors":"Humphrey Bogart, Walter Huston, Tim Holt, Bruce Bennett","Plot":"Fred Dobbs and Bob Curtin, two Americans searching for work in Mexico, convince an old prospector to help them mine for gold in the Sierra Madre Mountains.","Language":"English, Spanish","Country":"USA","Awards":"Won 3 Oscars. Another 12 wins & 5 nominations.","Poster":"https://images-na.ssl-images-amazon.com/images/M/MV5BMTQ4MzUzOTYwOV5BMl5BanBnXkFtZTgwNDA4MzgyMjE@._V1_SX300.jpg","Ratings":[{"Source":"Internet Movie Database","Value":"8.3/10"},{"Source":"Rotten Tomatoes","Value":"100%"}],"Metascore":"N/A","imdbRating":"8.3","imdbVotes":"83,770","imdbID":"tt0040897","Type":"movie","DVD":"30 Sep 2003","BoxOffice":"N/A","Production":"WARNER BROTHERS PICTURES","Website":"N/A","Response":"True"}