{"Title":"Bad Taste","Year":"1987","Rated":"UNRATED","Released":"01 Jun 1989","Runtime":"91 min","Genre":"Comedy, Horror, Sci-Fi","Director":"Peter Jackson","Writer":"Peter Jackson, Tony Hiles (additional material), Ken Hammon (additional material)","Actors":"Terry Potter, Pete O'Herne, Craig Smith, Mike Minett","Plot":"The population of a small town disappears and is replaced by aliens that chase human flesh for their intergalactic fast-food chain.","Language":"English","Country":"New Zealand","Awards":"1 win & 1 nomination.","Poster":"https://images-na.ssl-images-amazon.com/images/M/MV5BZjI5ZDY5OWYtOTIwMy00MzQ3LWFlM2EtYjMzODIzZGU0NGUxXkEyXkFqcGdeQXVyMTQxNzMzNDI@._V1_SX300.jpg","Ratings":[{"Source":"Internet Movie Database","Value":"6.7/10"},{"Source":"Rotten Tomatoes","Value":"68%"}],"Metascore":"N/A","imdbRating":"6.7","imdbVotes":"37,370","imdbID":"tt0092610","Type":"movie","DVD":"06 Aug 2002","BoxOffice":"N/A","Production":"WingNut Films","Website":"N/A","Response":"True"}