{"Title":"Duck Soup","Year":"1933","Rated":"NOT RATED","Released":"17 Nov 1933","Runtime":"68 min","Genre":"Comedy, Musical, War","Director":"Leo McCarey","Writer":"Bert Kalmar (story), Harry Ruby (story), Arthur Sheekman (additional dialogue), Nat Perrin (additional dialogue)","Actors":"The Marx Brothers, Groucho Marx, Harpo Marx, Chico Marx","Plot":"Rufus T. Firefly is named president/dictator of bankrupt Freedonia and declares war on neighboring Sylvania over the love of wealthy Mrs. Teasdale.","Language":"English","Country":"USA","Awards":"2 wins & 2 nominations.","Poster":"https://images-na.ssl-images-amazon.com/images/M/MV5BYmYxZGU2NWYtNzQxZS00NmEyLWIzN2YtMDk5MWM0ODc5ZTE4XkEyXkFqcGdeQXVyNTA4NzY1MzY@._V1_SX300.jpg","Ratings":[{"Source":"Internet Movie Database","Value":"8.0/10"},{"Source":"Rotten Tomatoes","Value":"94%"}],"Metascore":"N/A","imdbRating":"8.0","imdbVotes":"48,402","imdbID":"tt0023969","Type":"movie","DVD":"10 Oct 2000","BoxOffice":"N/A","Production":"Paramount Pictures","Website":"N/A","Response":"True"}