{"Title":"Better Off Dead...","Year":"1985","Rated":"PG","Released":"11 Oct 1985","Runtime":"97 min","Genre":"Comedy, Romance","Director":"Savage Steve Holland","Writer":"Savage Steve Holland","Actors":"John Cusack, David Ogden Stiers, Kim Darby, Demian Slade","Plot":"A teenager has to deal with his girlfriend dumping him among family crises, homicidal paper boys, and a rival skier.","Language":"English","Country":"USA","Awards":"N/A","Poster":"https://images-na.ssl-images-amazon.com/images/M/MV5BMzRmMjE0MzMtZmQzYi00NjQ1LTk5ODgtYWEzZDViODkxNWFjXkEyXkFqcGdeQXVyNTI4MjkwNjA@._V1_SX300.jpg","Ratings":[{"Source":"Internet Movie Database","Value":"7.2/10"},{"Source":"Rotten Tomatoes","Value":"82%"}],"Metascore":"N/A","imdbRating":"7.2","imdbVotes":"35,114","imdbID":"tt0088794","Type":"movie","DVD":"16 Jul 2002","BoxOffice":"N/A","Production":"CBS Entertainment Production","Website":"N/A","Response":"True"}