{"Title":"The Shining","Year":"1980","Rated":"R","Released":"13 Jun 1980","Runtime":"146 min","Genre":"Drama, Horror","Director":"Stanley Kubrick","Writer":"Stephen King (novel), Stanley Kubrick (screenplay), Diane Johnson (screenplay)","Actors":"Jack Nicholson, Shelley Duvall, Danny Lloyd, Scatman Crothers","Plot":"A family heads to an isolated hotel for the winter where an evil and spiritual presence influences the father into violence, while his psychic son sees horrific forebodings from the past and of the future.","Language":"English","Country":"UK, USA","Awards":"3 wins & 5 nominations.","Poster":"https://images-na.ssl-images-amazon.com/images/M/MV5BZWFlYmY2MGEtZjVkYS00YzU4LTg0YjQtYzY1ZGE3NTA5NGQxXkEyXkFqcGdeQXVyMTQxNzMzNDI@._V1_SX300.jpg","Ratings":[{"Source":"Internet Movie Database","Value":"8.4/10"},{"Source":"Rotten Tomatoes","Value":"87%"},{"Source":"Metacritic","Value":"61/100"}],"Metascore":"61","imdbRating":"8.4","imdbVotes":"654,937","imdbID":"tt0081505","Type":"movie","DVD":"29 Jun 1999","BoxOffice":"N/A","Production":"Warner Bros. Pictures","Website":"N/A","Response":"True"}