{"Title":"Stand by Me","Year":"1986","Rated":"R","Released":"22 Aug 1986","Runtime":"89 min","Genre":"Adventure, Drama","Director":"Rob Reiner","Writer":"Stephen King (novel), Raynold Gideon (screenplay), Bruce A. Evans (screenplay)","Actors":"Wil Wheaton, River Phoenix, Corey Feldman, Jerry O'Connell","Plot":"After the death of a friend, a writer recounts a boyhood journey to find the body of a missing boy.","Language":"English","Country":"USA","Awards":"Nominated for 1 Oscar. Another 4 wins & 10 nominations.","Poster":"https://images-na.ssl-images-amazon.com/images/M/MV5BMjIxODliZDYtMGMyYy00ZDQzLTgzOTMtMWY5YWEyNTBhNzk5L2ltYWdlL2ltYWdlXkEyXkFqcGdeQXVyMTQxNzMzNDI@._V1_SX300.jpg","Ratings":[{"Source":"Internet Movie Database","Value":"8.1/10"},{"Source":"Rotten Tomatoes","Value":"91%"}],"Metascore":"N/A","imdbRating":"8.1","imdbVotes":"288,742","imdbID":"tt0092005","Type":"movie","DVD":"29 Aug 2000","BoxOffice":"N/A","Production":"MCA Universal Home Video","Website":"N/A","Response":"True"}