{"Title":"The Neverending Story III","Year":"1994","Rated":"G","Released":"27 Oct 1994","Runtime":"95 min","Genre":"Adventure, Comedy, Family","Director":"Peter MacDonald","Writer":"Jeff Lieberman (screenplay), Karin Howard (story), Michael Ende (characters)","Actors":"Jason James Richter, Melody Kay, Jack Black, Carole Finn","Plot":"A young boy must restore order when a group of bullies steal the magical book that acts as a portal between Earth and the imaginary world of Fantasia.","Language":"English","Country":"Germany, USA","Awards":"1 nomination.","Poster":"https://images-na.ssl-images-amazon.com/images/M/MV5BMTAxMjY5OTg1MjJeQTJeQWpwZ15BbWU3MDk4MTgzMjE@._V1_SX300.jpg","Ratings":[{"Source":"Internet Movie Database","Value":"3.1/10"}],"Metascore":"N/A","imdbRating":"3.1","imdbVotes":"8,651","imdbID":"tt0110647","Type":"movie","DVD":"04 Jun 2002","BoxOffice":"N/A","Production":"Miramax","Website":"N/A","Response":"True"}