{"Title":"M","Year":"1931","Rated":"NOT RATED","Released":"31 Aug 1931","Runtime":"99 min","Genre":"Crime, Drama, Mystery","Director":"Fritz Lang","Writer":"Thea von Harbou (script), Fritz Lang (script)","Actors":"Peter Lorre, Ellen Widmann, Inge Landgut, Otto Wernicke","Plot":"When the police in a German city are unable to catch a child-murderer, other criminals join in the manhunt.","Language":"German","Country":"Germany","Awards":"2 wins.","Poster":"https://images-na.ssl-images-amazon.com/images/M/MV5BMTQyNjA5NzU5MV5BMl5BanBnXkFtZTgwMDk1MTA5MTE@._V1_SX300.jpg","Ratings":[{"Source":"Internet Movie Database","Value":"8.4/10"},{"Source":"Rotten Tomatoes","Value":"100%"}],"Metascore":"N/A","imdbRating":"8.4","imdbVotes":"104,893","imdbID":"tt0022100","Type":"movie","DVD":"20 Oct 1998","BoxOffice":"$17,599.00","Production":"Foremco","Website":"N/A","Response":"True"}