{"Title":"Evil Dead II","Year":"1987","Rated":"R","Released":"13 Mar 1987","Runtime":"84 min","Genre":"Comedy, Horror","Director":"Sam Raimi","Writer":"Sam Raimi, Scott Spiegel","Actors":"Bruce Campbell, Sarah Berry, Dan Hicks, Kassie Wesley DePaiva","Plot":"The lone survivor of an onslaught of flesh-possessing spirits holes up in a cabin with a group of strangers while the demons continue their attack.","Language":"English, Latin","Country":"USA","Awards":"5 nominations.","Poster":"https://images-na.ssl-images-amazon.com/images/M/MV5BMTA4Nzg5MjMwNzFeQTJeQWpwZ15BbWU4MDA2NDg4MDcx._V1_SX300.jpg","Ratings":[{"Source":"Internet Movie Database","Value":"7.8/10"},{"Source":"Rotten Tomatoes","Value":"98%"},{"Source":"Metacritic","Value":"69/100"}],"Metascore":"69","imdbRating":"7.8","imdbVotes":"119,466","imdbID":"tt0092991","Type":"movie","DVD":"04 Aug 1998","BoxOffice":"N/A","Production":"Rosebud Communications Releasing","Website":"N/A","Response":"True"}