{"Title":"The Great Escape","Year":"1963","Rated":"APPROVED","Released":"04 Jul 1963","Runtime":"172 min","Genre":"Adventure, Drama, History","Director":"John Sturges","Writer":"Paul Brickhill (book), James Clavell (screenplay), W.R. Burnett (screenplay)","Actors":"Steve McQueen, James Garner, Richard Attenborough, James Donald","Plot":"Allied prisoners of war plan for several hundred of their number to escape from a German camp during World War II.","Language":"English, German, French, Russian, Spanish","Country":"USA","Awards":"Nominated for 1 Oscar. Another 2 wins & 9 nominations.","Poster":"https://images-na.ssl-images-amazon.com/images/M/MV5BMjI2MTQwNDI3Nl5BMl5BanBnXkFtZTcwNDk4MTkzNA@@._V1_SX300.jpg","Ratings":[{"Source":"Internet Movie Database","Value":"8.2/10"}],"Metascore":"N/A","imdbRating":"8.2","imdbVotes":"175,547","imdbID":"tt0057115","Type":"movie","DVD":"11 Oct 2005","BoxOffice":"N/A","Production":"VCI","Website":"N/A","Response":"True"}