{"Title":"The Deer Hunter","Year":"1978","Rated":"R","Released":"23 Feb 1979","Runtime":"183 min","Genre":"Drama, War","Director":"Michael Cimino","Writer":"Michael Cimino (story), Deric Washburn (story), Louis Garfinkle (story), Quinn K. Redeker (story), Deric Washburn (screenplay)","Actors":"Robert De Niro, John Cazale, John Savage, Christopher Walken","Plot":"An in-depth examination of the ways in which the U.S. Vietnam War impacts and disrupts the lives of people in a small industrial town in Pennsylvania.","Language":"English, Russian, Vietnamese, French","Country":"USA","Awards":"Won 5 Oscars. Another 17 wins & 26 nominations.","Poster":"https://images-na.ssl-images-amazon.com/images/M/MV5BMTYzYmRmZTQtYjk2NS00MDdlLTkxMDAtMTE2YTM2ZmNlMTBkXkEyXkFqcGdeQXVyNjU0OTQ0OTY@._V1_SX300.jpg","Ratings":[{"Source":"Internet Movie Database","Value":"8.2/10"},{"Source":"Rotten Tomatoes","Value":"94%"},{"Source":"Metacritic","Value":"73/100"}],"Metascore":"73","imdbRating":"8.2","imdbVotes":"244,695","imdbID":"tt0077416","Type":"movie","DVD":"06 Sep 2005","BoxOffice":"N/A","Production":"Universal Pictures","Website":"N/A","Response":"True"}