{"Title":"Diva","Year":"1981","Rated":"R","Released":"23 Apr 1982","Runtime":"117 min","Genre":"Thriller","Director":"Jean-Jacques Beineix","Writer":"Daniel Odier (novel), Jean-Jacques Beineix (adaptation), Jean Van Hamme (adaptation), Jean-Jacques Beineix (dialogue)","Actors":"Wilhelmenia Fernandez, Frédéric Andréi, Richard Bohringer, Thuy An Luu","Plot":"Two tapes, two Parisian mob killers, one corrupt policeman, an opera fan, a teenage thief, and the coolest philosopher ever filmed. All these characters twist their way through an intricate and stylish French language thriller.","Language":"French, English, Italian","Country":"France","Awards":"Nominated for 1 BAFTA Film Award. Another 7 wins & 8 nominations.","Poster":"https://images-na.ssl-images-amazon.com/images/M/MV5BNjk0N2Y5Y2UtMjNlMS00N2IwLTk4ODgtMjkwZDViZjA0MDEyL2ltYWdlL2ltYWdlXkEyXkFqcGdeQXVyNjc1NTYyMjg@._V1_SX300.jpg","Ratings":[{"Source":"Internet Movie Database","Value":"7.3/10"},{"Source":"Rotten Tomatoes","Value":"98%"}],"Metascore":"N/A","imdbRating":"7.3","imdbVotes":"9,659","imdbID":"tt0082269","Type":"movie","DVD":"28 Oct 1997","BoxOffice":"N/A","Production":"Rialto Pictures","Website":"N/A","Response":"True"}