{"Title":"Groundhog Day","Year":"1993","Rated":"PG","Released":"12 Feb 1993","Runtime":"101 min","Genre":"Comedy, Fantasy, Romance","Director":"Harold Ramis","Writer":"Danny Rubin (screenplay), Harold Ramis (screenplay), Danny Rubin (story)","Actors":"Bill Murray, Andie MacDowell, Chris Elliott, Stephen Tobolowsky","Plot":"A weatherman finds himself inexplicably living the same day over and over again.","Language":"English, French, Italian","Country":"USA","Awards":"Won 1 BAFTA Film Award. Another 5 wins & 10 nominations.","Poster":"https://images-na.ssl-images-amazon.com/images/M/MV5BZWIxNzM5YzQtY2FmMS00Yjc3LWI1ZjUtNGVjMjMzZTIxZTIxXkEyXkFqcGdeQXVyNjU0OTQ0OTY@._V1_SX300.jpg","Ratings":[{"Source":"Internet Movie Database","Value":"8.0/10"},{"Source":"Rotten Tomatoes","Value":"96%"},{"Source":"Metacritic","Value":"72/100"}],"Metascore":"72","imdbRating":"8.0","imdbVotes":"464,521","imdbID":"tt0107048","Type":"movie","DVD":"29 Jan 2002","BoxOffice":"N/A","Production":"Columbia Pictures","Website":"N/A","Response":"True"}