{"Title":"Unforgiven","Year":"1992","Rated":"R","Released":"07 Aug 1992","Runtime":"131 min","Genre":"Drama, Western","Director":"Clint Eastwood","Writer":"David Webb Peoples","Actors":"Clint Eastwood, Gene Hackman, Morgan Freeman, Richard Harris","Plot":"Retired Old West gunslinger William Munny reluctantly takes on one last job, with the help of his old partner and a young man.","Language":"English","Country":"USA","Awards":"Won 4 Oscars. Another 36 wins & 29 nominations.","Poster":"https://images-na.ssl-images-amazon.com/images/M/MV5BODM3YWY4NmQtN2Y3Ni00OTg0LWFhZGQtZWE3ZWY4MTJlOWU4XkEyXkFqcGdeQXVyNjU0OTQ0OTY@._V1_SX300.jpg","Ratings":[{"Source":"Internet Movie Database","Value":"8.3/10"},{"Source":"Rotten Tomatoes","Value":"95%"},{"Source":"Metacritic","Value":"82/100"}],"Metascore":"82","imdbRating":"8.3","imdbVotes":"293,918","imdbID":"tt0105695","Type":"movie","DVD":"26 Mar 1997","BoxOffice":"N/A","Production":"Warner Bros. Pictures","Website":"N/A","Response":"True"}