{"Title":"The Manchurian Candidate","Year":"1962","Rated":"PG-13","Released":"24 Oct 1962","Runtime":"126 min","Genre":"Drama, Thriller","Director":"John Frankenheimer","Writer":"Richard Condon (based upon a novel by), George Axelrod (screenplay)","Actors":"Frank Sinatra, Laurence Harvey, Janet Leigh, Angela Lansbury","Plot":"A former prisoner of war is brainwashed as an unwitting assassin for an international Communist conspiracy.","Language":"English","Country":"USA","Awards":"Nominated for 2 Oscars. Another 5 wins & 6 nominations.","Poster":"https://images-na.ssl-images-amazon.com/images/M/MV5BOTY0ZTA1ZjUtN2MyNi00ZGRmLWExYmMtOTkyNzI1NGQ2Y2RlXkEyXkFqcGdeQXVyNjc1NTYyMjg@._V1_SX300.jpg","Ratings":[{"Source":"Internet Movie Database","Value":"8.0/10"},{"Source":"Rotten Tomatoes","Value":"98%"},{"Source":"Metacritic","Value":"94/100"}],"Metascore":"94","imdbRating":"8.0","imdbVotes":"62,755","imdbID":"tt0056218","Type":"movie","DVD":"15 May 2001","BoxOffice":"N/A","Production":"MGM/UA Classics","Website":"http://www.mgm.com/title_title.php?title_star=MANCHURI","Response":"True"}