{"Title":"Pump Up the Volume","Year":"1990","Rated":"R","Released":"22 Aug 1990","Runtime":"102 min","Genre":"Comedy, Drama, Music","Director":"Allan Moyle","Writer":"Allan Moyle","Actors":"Christian Slater, Annie Ross, Andy Romano, Scott Paulin","Plot":"Mark runs a pirate radio station and causes an uproar when he speaks his mind and enthralls fellow teens.","Language":"English","Country":"Canada, USA","Awards":"3 wins & 5 nominations.","Poster":"https://images-na.ssl-images-amazon.com/images/M/MV5BNzY2OTkzNzUyNl5BMl5BanBnXkFtZTgwNTY1NTk4NjE@._V1_SX300.jpg","Ratings":[{"Source":"Internet Movie Database","Value":"7.1/10"},{"Source":"Rotten Tomatoes","Value":"79%"},{"Source":"Metacritic","Value":"77/100"}],"Metascore":"77","imdbRating":"7.1","imdbVotes":"22,055","imdbID":"tt0100436","Type":"movie","DVD":"21 Dec 1999","BoxOffice":"N/A","Production":"Sony Pictures Home Entertainment","Website":"N/A","Response":"True"}