{"Title":"Arsenic and Old Lace","Year":"1944","Rated":"NOT RATED","Released":"23 Sep 1944","Runtime":"118 min","Genre":"Comedy, Crime, Thriller","Director":"Frank Capra","Writer":"Julius J. Epstein (screen play), Philip G. Epstein (screen play), Joseph Kesselring (play)","Actors":"Cary Grant, Priscilla Lane, Raymond Massey, Jack Carson","Plot":"A drama critic learns on his wedding day that his beloved maiden aunts are homicidal maniacs, and that insanity runs in his family.","Language":"English, German","Country":"USA","Awards":"1 nomination.","Poster":"https://images-na.ssl-images-amazon.com/images/M/MV5BZDVlNTBjMjctNjAzNS00ZGJhLTg2NzMtNzIwYTIzYTBiMDkyXkEyXkFqcGdeQXVyNTA4NzY1MzY@._V1_SX300.jpg","Ratings":[{"Source":"Internet Movie Database","Value":"8.0/10"},{"Source":"Rotten Tomatoes","Value":"88%"}],"Metascore":"N/A","imdbRating":"8.0","imdbVotes":"56,245","imdbID":"tt0036613","Type":"movie","DVD":"29 Aug 2000","BoxOffice":"N/A","Production":"Warner Bros. Pictures","Website":"N/A","Response":"True"}