{"Title":"Fried Green Tomatoes","Year":"1991","Rated":"PG-13","Released":"24 Jan 1992","Runtime":"130 min","Genre":"Drama","Director":"Jon Avnet","Writer":"Fannie Flagg (novel), Fannie Flagg (screenplay), Carol Sobieski (screenplay)","Actors":"Kathy Bates, Mary Stuart Masterson, Mary-Louise Parker, Jessica Tandy","Plot":"A housewife who is unhappy with her life befriends an old lady in a nursing home and is enthralled by the tales she tells of people she used to know.","Language":"English","Country":"USA","Awards":"Nominated for 2 Oscars. Another 6 wins & 8 nominations.","Poster":"https://images-na.ssl-images-amazon.com/images/M/MV5BMTU3NzI1NTkwMl5BMl5BanBnXkFtZTgwMzkwNTcxMTE@._V1_SX300.jpg","Ratings":[{"Source":"Internet Movie Database","Value":"7.7/10"},{"Source":"Rotten Tomatoes","Value":"73%"}],"Metascore":"N/A","imdbRating":"7.7","imdbVotes":"53,834","imdbID":"tt0101921","Type":"movie","DVD":"18 Apr 2000","BoxOffice":"N/A","Production":"Universal Pictures","Website":"N/A","Response":"True"}