{"Title":"Patton","Year":"1970","Rated":"GP","Released":"02 Apr 1970","Runtime":"172 min","Genre":"Biography, Drama, War","Director":"Franklin J. Schaffner","Writer":"Francis Ford Coppola (screen story and screenplay), Edmund H. North (screen story and screenplay), Ladislas Farago (based on factual material from Patton: Ordeal and Triumph), Omar N. Bradley (based on factual material from: A Soldier's Story)","Actors":"George C. Scott, Karl Malden, Stephen Young, Michael Strong","Plot":"The World War II phase of the career of the controversial American general, George S. Patton.","Language":"English, German, French, Russian, Arabic, Italian","Country":"USA","Awards":"Won 7 Oscars. Another 17 wins & 8 nominations.","Poster":"https://images-na.ssl-images-amazon.com/images/M/MV5BMmNhZmJhMmYtNjlkMC00MjhjLTk1NzMtMTNlMzYzNjZlMjNiXkEyXkFqcGdeQXVyMTQxNzMzNDI@._V1_SX300.jpg","Ratings":[{"Source":"Internet Movie Database","Value":"8.0/10"},{"Source":"Rotten Tomatoes","Value":"95%"},{"Source":"Metacritic","Value":"91/100"}],"Metascore":"91","imdbRating":"8.0","imdbVotes":"79,843","imdbID":"tt0066206","Type":"movie","DVD":"02 Nov 1999","BoxOffice":"N/A","Production":"Twentieth Century Fox Home Entertainment","Website":"N/A","Response":"True"}