{"Title":"Down by Law","Year":"1986","Rated":"R","Released":"30 Oct 1986","Runtime":"107 min","Genre":"Comedy, Crime, Drama","Director":"Jim Jarmusch","Writer":"Jim Jarmusch","Actors":"Tom Waits, John Lurie, Roberto Benigni, Nicoletta Braschi","Plot":"Two innocent people are arrested. An interesting third person, with broken English, joins them in their cell. On his idea, they decide to escape from the prison. Their journey is the rest of the movie.","Language":"English, Italian","Country":"USA, West Germany","Awards":"4 wins & 6 nominations.","Poster":"https://images-na.ssl-images-amazon.com/images/M/MV5BMTQ1NjA0OTIxMV5BMl5BanBnXkFtZTYwNDQ3NTk4._V1_SX300.jpg","Ratings":[{"Source":"Internet Movie Database","Value":"7.8/10"},{"Source":"Rotten Tomatoes","Value":"90%"}],"Metascore":"N/A","imdbRating":"7.8","imdbVotes":"38,014","imdbID":"tt0090967","Type":"movie","DVD":"22 Oct 2002","BoxOffice":"N/A","Production":"Twentieth Century Fox Home Entertainment","Website":"N/A","Response":"True"}