{"Title":"Akira","Year":"1988","Rated":"R","Released":"16 Jul 1988","Runtime":"124 min","Genre":"Animation, Action, Drama","Director":"Katsuhiro Ôtomo","Writer":"Katsuhiro Ôtomo (screenplay), Izô Hashimoto (screenplay), Katsuhiro Ôtomo (manga)","Actors":"Mitsuo Iwata, Nozomu Sasaki, Mami Koyama, Tesshô Genda","Plot":"A secret military project endangers Neo-Tokyo when it turns a biker gang member into a rampaging psychic psychopath that only two teenagers and a group of psychics can stop.","Language":"Japanese","Country":"Japan","Awards":"1 win.","Poster":"https://images-na.ssl-images-amazon.com/images/M/MV5BM2ZiZTk1ODgtMTZkNS00NTYxLWIxZTUtNWExZGYwZTRjODViXkEyXkFqcGdeQXVyMTE2MzA3MDM@._V1_SX300.jpg","Ratings":[{"Source":"Internet Movie Database","Value":"8.1/10"},{"Source":"Rotten Tomatoes","Value":"87%"}],"Metascore":"N/A","imdbRating":"8.1","imdbVotes":"113,664","imdbID":"tt0094625","Type":"movie","DVD":"17 Jul 2001","BoxOffice":"N/A","Production":"Streamline Pictures","Website":"N/A","Response":"True"}