{"Title":"Highlander","Year":"1986","Rated":"R","Released":"07 Mar 1986","Runtime":"116 min","Genre":"Action, Adventure, Fantasy","Director":"Russell Mulcahy","Writer":"Gregory Widen (story), Gregory Widen (screenplay), Peter Bellwood (screenplay), Larry Ferguson (screenplay)","Actors":"Christopher Lambert, Roxanne Hart, Clancy Brown, Sean Connery","Plot":"An immortal Scottish swordsman must confront the last of his immortal opponent, a murderously brutal barbarian who lusts for the fabled \"Prize\".","Language":"English","Country":"UK","Awards":"N/A","Poster":"https://images-na.ssl-images-amazon.com/images/M/MV5BMTYxMzc0NDk1NV5BMl5BanBnXkFtZTgwNTcyMDEyODE@._V1_SX300.jpg","Ratings":[{"Source":"Internet Movie Database","Value":"7.2/10"},{"Source":"Rotten Tomatoes","Value":"70%"},{"Source":"Metacritic","Value":"24/100"}],"Metascore":"24","imdbRating":"7.2","imdbVotes":"102,180","imdbID":"tt0091203","Type":"movie","DVD":"15 Mar 2000","BoxOffice":"N/A","Production":"20th Century Fox","Website":"N/A","Response":"True"}