{"Title":"Cool Hand Luke","Year":"1967","Rated":"PG","Released":"01 Nov 1967","Runtime":"126 min","Genre":"Crime, Drama","Director":"Stuart Rosenberg","Writer":"Donn Pearce (screenplay), Frank Pierson (screenplay), Donn Pearce (novel)","Actors":"Paul Newman, George Kennedy, J.D. Cannon, Lou Antonio","Plot":"A man refuses to conform to life in a rural prison.","Language":"English","Country":"USA","Awards":"Won 1 Oscar. Another 3 wins & 9 nominations.","Poster":"https://images-na.ssl-images-amazon.com/images/M/MV5BOWFlNzZhYmYtYTI5YS00MDQyLWIyNTUtNTRjMWUwNTEzNjA0XkEyXkFqcGdeQXVyNjUwNzk3NDc@._V1_SX300.jpg","Ratings":[{"Source":"Internet Movie Database","Value":"8.2/10"},{"Source":"Rotten Tomatoes","Value":"100%"}],"Metascore":"N/A","imdbRating":"8.2","imdbVotes":"126,661","imdbID":"tt0061512","Type":"movie","DVD":"03 Nov 1997","BoxOffice":"N/A","Production":"Warner Bros.","Website":"N/A","Response":"True"}