{"Title":"Cyrano de Bergerac","Year":"1990","Rated":"PG","Released":"01 Dec 1990","Runtime":"137 min","Genre":"Biography, Comedy, Drama","Director":"Jean-Paul Rappeneau","Writer":"Edmond Rostand (play), Jean-Paul Rappeneau (adaptation), Jean-Claude Carrière (adaptation)","Actors":"Gérard Depardieu, Anne Brochet, Vincent Perez, Jacques Weber","Plot":"Embarrassed by his large nose, a romantic poet/soldier romances his cousin by proxy.","Language":"French","Country":"France","Awards":"Won 1 Oscar. Another 30 wins & 24 nominations.","Poster":"https://images-na.ssl-images-amazon.com/images/M/MV5BMTk1MTI5ODc3Nl5BMl5BanBnXkFtZTcwNjkyNDYyMQ@@._V1_SX300.jpg","Ratings":[{"Source":"Internet Movie Database","Value":"7.6/10"},{"Source":"Rotten Tomatoes","Value":"100%"}],"Metascore":"N/A","imdbRating":"7.6","imdbVotes":"18,750","imdbID":"tt0099334","Type":"movie","DVD":"10 Feb 2004","BoxOffice":"N/A","Production":"Orion Home Video","Website":"N/A","Response":"True"}