{"Title":"Young Frankenstein","Year":"1974","Rated":"PG","Released":"15 Dec 1974","Runtime":"106 min","Genre":"Comedy","Director":"Mel Brooks","Writer":"Gene Wilder (screen story and screenplay), Mel Brooks (screen story and screenplay), Mary Shelley (based on characters in the novel \"Frankenstein\" by)","Actors":"Gene Wilder, Peter Boyle, Marty Feldman, Madeline Kahn","Plot":"An American grandson of the infamous scientist, struggling to prove that he is not as insane as people believe, is invited to Transylvania, where he discovers the process that reanimates a dead body.","Language":"English, German","Country":"USA","Awards":"Nominated for 2 Oscars. Another 10 wins & 5 nominations.","Poster":"https://images-na.ssl-images-amazon.com/images/M/MV5BMTEwNjg2MjM2ODFeQTJeQWpwZ15BbWU4MDQ1MDU5OTEx._V1_SX300.jpg","Ratings":[{"Source":"Internet Movie Database","Value":"8.0/10"},{"Source":"Rotten Tomatoes","Value":"93%"}],"Metascore":"N/A","imdbRating":"8.0","imdbVotes":"119,546","imdbID":"tt0072431","Type":"movie","DVD":"03 Nov 1998","BoxOffice":"N/A","Production":"20th Century Fox","Website":"N/A","Response":"True"}