{"Title":"Night on Earth","Year":"1991","Rated":"R","Released":"12 Dec 1991","Runtime":"129 min","Genre":"Comedy, Drama","Director":"Jim Jarmusch","Writer":"Jim Jarmusch","Actors":"Gena Rowlands, Winona Ryder, Lisanne Falk, Alan Randolph Scott","Plot":"An anthology of 5 different cab drivers in 5 American and European cities and their remarkable fares on the same eventful night.","Language":"English, French, Finnish, Italian, German","Country":"France, UK, Germany, USA, Japan","Awards":"1 win & 1 nomination.","Poster":"https://images-na.ssl-images-amazon.com/images/M/MV5BMTY0NTkxOTQwMF5BMl5BanBnXkFtZTcwNzQ4MzA1MQ@@._V1_SX300.jpg","Ratings":[{"Source":"Internet Movie Database","Value":"7.8/10"},{"Source":"Rotten Tomatoes","Value":"71%"}],"Metascore":"N/A","imdbRating":"7.8","imdbVotes":"42,795","imdbID":"tt0102536","Type":"movie","DVD":"04 Sep 2007","BoxOffice":"N/A","Production":"Criterion Collection","Website":"N/A","Response":"True"}