{"Title":"Raise the Red Lantern","Year":"1991","Rated":"PG","Released":"18 Dec 1991","Runtime":"125 min","Genre":"Drama, History, Romance","Director":"Yimou Zhang","Writer":"Su Tong (novel), Ni Zhen","Actors":"Li Gong, Saifei He, Cuifen Cao, Jingwu Ma","Plot":"A young woman becomes the fourth wife of a wealthy lord, and must learn to live with the strict rules and tensions within the household.","Language":"Mandarin","Country":"China, Hong Kong, Taiwan","Awards":"Nominated for 1 Oscar. Another 20 wins & 9 nominations.","Poster":"https://images-na.ssl-images-amazon.com/images/M/MV5BMjEzNjY5NDcwNV5BMl5BanBnXkFtZTcwNzEwMzg4NA@@._V1_SX300.jpg","Ratings":[{"Source":"Internet Movie Database","Value":"8.2/10"},{"Source":"Rotten Tomatoes","Value":"96%"}],"Metascore":"N/A","imdbRating":"8.2","imdbVotes":"21,793","imdbID":"tt0101640","Type":"movie","DVD":"14 Feb 2006","BoxOffice":"N/A","Production":"China Film Co-Production Corporation","Website":"N/A","Response":"True"}