{"Title":"Fantasia","Year":"1940","Rated":"G","Released":"25 Dec 1940","Runtime":"125 min","Genre":"Animation, Comedy, Family","Director":"James Algar, Samuel Armstrong, Ford Beebe Jr., Norman Ferguson, Jim Handley, T. Hee, Wilfred Jackson, Hamilton Luske, Bill Roberts, Paul Satterfield, Ben Sharpsteen","Writer":"Joe Grant (story direction), Dick Huemer (story direction), Lee Blair (story development), Elmer Plummer (story development), Phil Dike (story development), Sylvia Moberly-Holland (story development), Norman Wright (story development), Albert Heath (story development), Bianca Majolie (story development), Graham Heid (story development), Perce Pearce (story development), Carl Fallberg (story development), William Martin (story development and research), Leo Thiele (story development and research), Robert Sterner (story development and research), John McLeish (story development and research), Otto Englander (story development), Webb Smith (story development), Erdman Penner (story development), Joseph Sabo (story development), Bill Peet (story development), Vernon Stallings (story development), Campbell Grant (story development), Arthur Heinemann (story development), Phil Dike (story development)","Actors":"Leopold Stokowski, Deems Taylor","Plot":"A collection of animated interpretations of great works of Western classical music.","Language":"English","Country":"USA","Awards":"7 wins & 2 nominations.","Poster":"https://images-na.ssl-images-amazon.com/images/M/MV5BOGE4ZDQ2YWUtYTIzNi00NTI0LTkxMjQtODBjZjE4NjkxNGI4XkEyXkFqcGdeQXVyMTQxNzMzNDI@._V1_SX300.jpg","Ratings":[{"Source":"Internet Movie Database","Value":"7.8/10"},{"Source":"Rotten Tomatoes","Value":"96%"}],"Metascore":"N/A","imdbRating":"7.8","imdbVotes":"74,022","imdbID":"tt0032455","Type":"movie","DVD":"01 Nov 1991","BoxOffice":"N/A","Production":"Walt Disney Productions","Website":"N/A","Response":"True"}