{"Title":"High Noon","Year":"1952","Rated":"PG","Released":"30 Jul 1952","Runtime":"85 min","Genre":"Drama, Thriller, Western","Director":"Fred Zinnemann","Writer":"Carl Foreman (screenplay), John W. Cunningham (magazine story \"The Tin Star\")","Actors":"Gary Cooper, Thomas Mitchell, Lloyd Bridges, Katy Jurado","Plot":"A marshall, personally compelled to face a returning deadly enemy, finds that his own town refuses to help him.","Language":"English, Spanish","Country":"USA","Awards":"Won 4 Oscars. Another 13 wins & 10 nominations.","Poster":"https://images-na.ssl-images-amazon.com/images/M/MV5BOWIzZGUxZmItOThkMS00Y2QxLTg0MTYtMDdhMjRlNTNlYTI3L2ltYWdlXkEyXkFqcGdeQXVyNjc1NTYyMjg@._V1_SX300.jpg","Ratings":[{"Source":"Internet Movie Database","Value":"8.0/10"},{"Source":"Rotten Tomatoes","Value":"96%"},{"Source":"Metacritic","Value":"89/100"}],"Metascore":"89","imdbRating":"8.0","imdbVotes":"82,732","imdbID":"tt0044706","Type":"movie","DVD":"23 Oct 2001","BoxOffice":"N/A","Production":"United Artists","Website":"N/A","Response":"True"}