{"Title":"The Big Sleep","Year":"1946","Rated":"APPROVED","Released":"31 Aug 1946","Runtime":"114 min","Genre":"Crime, Film-Noir, Mystery","Director":"Howard Hawks","Writer":"William Faulkner (screen play), Leigh Brackett (screen play), Jules Furthman (screen play), Raymond Chandler (from the novel by)","Actors":"Humphrey Bogart, Lauren Bacall, John Ridgely, Martha Vickers","Plot":"Private detective Philip Marlowe is hired by a rich family. Before the complex case is over, he's seen murder, blackmail, and what might be love.","Language":"English","Country":"USA","Awards":"2 wins.","Poster":"https://images-na.ssl-images-amazon.com/images/M/MV5BNjg5MjM5MzY5M15BMl5BanBnXkFtZTgwNjg3MzgyMjE@._V1_SX300.jpg","Ratings":[{"Source":"Internet Movie Database","Value":"8.0/10"},{"Source":"Rotten Tomatoes","Value":"96%"}],"Metascore":"N/A","imdbRating":"8.0","imdbVotes":"66,632","imdbID":"tt0038355","Type":"movie","DVD":"15 Feb 2000","BoxOffice":"N/A","Production":"Warner Bros. Pictures","Website":"N/A","Response":"True"}