{"Title":"Somewhere in Time","Year":"1980","Rated":"PG","Released":"03 Oct 1980","Runtime":"103 min","Genre":"Drama, Fantasy, Romance","Director":"Jeannot Szwarc","Writer":"Richard Matheson (screenplay), Richard Matheson (novel)","Actors":"Christopher Reeve, Jane Seymour, Christopher Plummer, Teresa Wright","Plot":"A Chicago playwright uses self-hypnosis to travel back in time and meet the actress whose vintage portrait hangs in a grand hotel.","Language":"English","Country":"USA","Awards":"Nominated for 1 Oscar. Another 7 wins & 3 nominations.","Poster":"https://images-na.ssl-images-amazon.com/images/M/MV5BMTI3MTI4MzE3MV5BMl5BanBnXkFtZTcwOTMzNzAwMQ@@._V1_SX300.jpg","Ratings":[{"Source":"Internet Movie Database","Value":"7.3/10"},{"Source":"Rotten Tomatoes","Value":"59%"},{"Source":"Metacritic","Value":"29/100"}],"Metascore":"29","imdbRating":"7.3","imdbVotes":"21,720","imdbID":"tt0081534","Type":"movie","DVD":"31 Oct 2000","BoxOffice":"N/A","Production":"MCA Universal Home Video","Website":"N/A","Response":"True"}