{"Title":"Ben-Hur","Year":"1959","Rated":"G","Released":"29 Jan 1960","Runtime":"212 min","Genre":"Adventure, Drama, History","Director":"William Wyler","Writer":"Lew Wallace (novel), Karl Tunberg (screenplay)","Actors":"Charlton Heston, Jack Hawkins, Haya Harareet, Stephen Boyd","Plot":"When a Jewish prince is betrayed and sent into slavery by a Roman friend, he regains his freedom and comes back for revenge.","Language":"English","Country":"USA","Awards":"Won 11 Oscars. Another 16 wins & 13 nominations.","Poster":"https://images-na.ssl-images-amazon.com/images/M/MV5BNjgxY2JiZDYtZmMwOC00ZmJjLWJmODUtMTNmNWNmYWI5ODkwL2ltYWdlL2ltYWdlXkEyXkFqcGdeQXVyNjc1NTYyMjg@._V1_SX300.jpg","Ratings":[{"Source":"Internet Movie Database","Value":"8.1/10"},{"Source":"Rotten Tomatoes","Value":"86%"},{"Source":"Metacritic","Value":"90/100"}],"Metascore":"90","imdbRating":"8.1","imdbVotes":"171,989","imdbID":"tt0052618","Type":"movie","DVD":"13 Sep 2005","BoxOffice":"N/A","Production":"MGM","Website":"N/A","Response":"True"}