{"Title":"This Is Spinal Tap","Year":"1984","Rated":"R","Released":"02 Mar 1984","Runtime":"82 min","Genre":"Comedy, Music","Director":"Rob Reiner","Writer":"Christopher Guest, Michael McKean, Harry Shearer, Rob Reiner","Actors":"Rob Reiner, Kimberly Stringer, Chazz Dominguez, Shari Hall","Plot":"Spinal Tap, one of England's loudest bands, is chronicled by film director Marty DeBergi on what proves to be a fateful tour.","Language":"English","Country":"USA","Awards":"2 wins & 2 nominations.","Poster":"https://images-na.ssl-images-amazon.com/images/M/MV5BMTQ2MTIzMzg5Nl5BMl5BanBnXkFtZTgwOTc5NDI1MDE@._V1_SX300.jpg","Ratings":[{"Source":"Internet Movie Database","Value":"8.0/10"},{"Source":"Rotten Tomatoes","Value":"95%"},{"Source":"Metacritic","Value":"85/100"}],"Metascore":"85","imdbRating":"8.0","imdbVotes":"N/A","imdbID":"tt0088258","Type":"movie","DVD":"14 Jul 1998","BoxOffice":"N/A","Production":"MGM","Website":"N/A","Response":"True"}