{"Title":"Some Kind of Wonderful","Year":"1987","Rated":"PG-13","Released":"27 Feb 1987","Runtime":"95 min","Genre":"Drama, Romance","Director":"Howard Deutch","Writer":"John Hughes","Actors":"Eric Stoltz, Mary Stuart Masterson, Lea Thompson, Craig Sheffer","Plot":"When Keith goes out with Amanda, the girl of his dreams, Amanda's ex-boyfriend plans to get back at Keith. Meanwhile, Keith's best friend, tomboy Watts, realizes she has feelings for Keith.","Language":"English","Country":"USA","Awards":"1 win.","Poster":"https://images-na.ssl-images-amazon.com/images/M/MV5BMzM5ODExMjc5MV5BMl5BanBnXkFtZTgwODc3MjEyMDE@._V1_SX300.jpg","Ratings":[{"Source":"Internet Movie Database","Value":"7.1/10"},{"Source":"Rotten Tomatoes","Value":"80%"},{"Source":"Metacritic","Value":"55/100"}],"Metascore":"55","imdbRating":"7.1","imdbVotes":"21,008","imdbID":"tt0094006","Type":"movie","DVD":"20 Aug 2002","BoxOffice":"N/A","Production":"Paramount Home Video","Website":"N/A","Response":"True"}