{"Title":"Indiana Jones and the Last Crusade","Year":"1989","Rated":"PG-13","Released":"24 May 1989","Runtime":"127 min","Genre":"Action, Adventure, Fantasy","Director":"Steven Spielberg","Writer":"Jeffrey Boam (screenplay), George Lucas (story), Menno Meyjes (story), George Lucas (characters), Philip Kaufman (characters)","Actors":"Harrison Ford, Sean Connery, Denholm Elliott, Alison Doody","Plot":"When Dr. Henry Jones Sr. suddenly goes missing while pursuing the Holy Grail, eminent archaeologist Indiana Jones must follow in his father's footsteps and stop the Nazis.","Language":"English, German, Greek, Arabic","Country":"USA","Awards":"Won 1 Oscar. Another 6 wins & 20 nominations.","Poster":"https://images-na.ssl-images-amazon.com/images/M/MV5BMjNkMzc2N2QtNjVlNS00ZTk5LTg0MTgtODY2MDAwNTMwZjBjXkEyXkFqcGdeQXVyNDk3NzU2MTQ@._V1_SX300.jpg","Ratings":[{"Source":"Internet Movie Database","Value":"8.3/10"},{"Source":"Rotten Tomatoes","Value":"88%"},{"Source":"Metacritic","Value":"65/100"}],"Metascore":"65","imdbRating":"8.3","imdbVotes":"547,784","imdbID":"tt0097576","Type":"movie","DVD":"21 Oct 2003","BoxOffice":"N/A","Production":"Paramount Pictures","Website":"http://www.indianajones.com/","Response":"True"}