{"Title":"Being There","Year":"1979","Rated":"PG","Released":"26 May 1980","Runtime":"130 min","Genre":"Comedy, Drama","Director":"Hal Ashby","Writer":"Jerzy Kosinski (novel), Jerzy Kosinski (screenplay)","Actors":"Peter Sellers, Shirley MacLaine, Melvyn Douglas, Jack Warden","Plot":"A simple, sheltered gardener becomes an unlikely trusted advisor to a powerful businessman and an insider in Washington politics.","Language":"English, Russian, Italian","Country":"USA","Awards":"Won 1 Oscar. Another 12 wins & 15 nominations.","Poster":"https://images-na.ssl-images-amazon.com/images/M/MV5BODg0NTZmNTUtNzBhOC00ZjU2LWJjYmEtYjc2ODhkZWRhYmNmL2ltYWdlL2ltYWdlXkEyXkFqcGdeQXVyMTQxNzMzNDI@._V1_SX300.jpg","Ratings":[{"Source":"Internet Movie Database","Value":"8.0/10"},{"Source":"Rotten Tomatoes","Value":"96%"}],"Metascore":"N/A","imdbRating":"8.0","imdbVotes":"53,698","imdbID":"tt0078841","Type":"movie","DVD":"03 Apr 2001","BoxOffice":"N/A","Production":"Twentieth Century Fox Home Entertainment","Website":"N/A","Response":"True"}