{"Title":"Gandhi","Year":"1982","Rated":"PG","Released":"25 Feb 1983","Runtime":"191 min","Genre":"Biography, Drama, History","Director":"Richard Attenborough","Writer":"John Briley","Actors":"Ben Kingsley, Candice Bergen, Edward Fox, John Gielgud","Plot":"Gandhi's character is fully explained as a man of nonviolence. Through his patience, he is able to drive the British out of the subcontinent. And the stubborn nature of Jinnah and his commitment towards Pakistan is portrayed.","Language":"English","Country":"UK, India, USA","Awards":"Won 8 Oscars. Another 27 wins & 20 nominations.","Poster":"https://images-na.ssl-images-amazon.com/images/M/MV5BMzJiZDRmOWUtYjE2MS00Mjc1LTg1ZDYtNTQxYWJkZTg1OTM4XkEyXkFqcGdeQXVyNjUwNzk3NDc@._V1_SX300.jpg","Ratings":[{"Source":"Internet Movie Database","Value":"8.1/10"},{"Source":"Rotten Tomatoes","Value":"88%"}],"Metascore":"N/A","imdbRating":"8.1","imdbVotes":"182,001","imdbID":"tt0083987","Type":"movie","DVD":"28 Aug 2001","BoxOffice":"N/A","Production":"Columbia Pictures","Website":"N/A","Response":"True"}