{"Title":"The Unbearable Lightness of Being","Year":"1988","Rated":"R","Released":"05 Feb 1988","Runtime":"171 min","Genre":"Drama, Romance","Director":"Philip Kaufman","Writer":"Milan Kundera (novel), Jean-Claude Carrière (screenplay), Philip Kaufman (screenplay)","Actors":"Daniel Day-Lewis, Juliette Binoche, Lena Olin, Derek de Lint","Plot":"In 1968, a Czech doctor with an active sex life meets a woman who wants monogamy, and then the Soviet invasion further disrupts their lives.","Language":"English","Country":"USA","Awards":"Nominated for 2 Oscars. Another 7 wins & 11 nominations.","Poster":"https://images-na.ssl-images-amazon.com/images/M/MV5BMWU0ZGExMTctMzZhYy00YWU1LWE5YWUtYWNhNTEyYmM2MWU5XkEyXkFqcGdeQXVyNjUwNzk3NDc@._V1_SX300.jpg","Ratings":[{"Source":"Internet Movie Database","Value":"7.4/10"},{"Source":"Rotten Tomatoes","Value":"95%"}],"Metascore":"N/A","imdbRating":"7.4","imdbVotes":"28,191","imdbID":"tt0096332","Type":"movie","DVD":"28 Feb 2006","BoxOffice":"N/A","Production":"Orion Home Video","Website":"N/A","Response":"True"}