{"Title":"Real Genius","Year":"1985","Rated":"PG","Released":"07 Aug 1985","Runtime":"108 min","Genre":"Comedy, Romance, Sci-Fi","Director":"Martha Coolidge","Writer":"Neal Israel (screenplay), Neal Israel (story), Pat Proft (screenplay), Pat Proft (story), Pj Torokvei","Actors":"Val Kilmer, Gabriel Jarret, Michelle Meyrink, William Atherton","Plot":"Teenage geniuses deal with their abilities while developing a high-powered laser for a university project. When their professor intends to turn their work into a military weapon, they decide to ruin his plans.","Language":"English","Country":"USA","Awards":"2 wins & 2 nominations.","Poster":"https://images-na.ssl-images-amazon.com/images/M/MV5BNTQ5MzU3ODg0OF5BMl5BanBnXkFtZTgwODM0MzQxMDE@._V1_SX300.jpg","Ratings":[{"Source":"Internet Movie Database","Value":"7.0/10"},{"Source":"Rotten Tomatoes","Value":"75%"}],"Metascore":"N/A","imdbRating":"7.0","imdbVotes":"24,744","imdbID":"tt0089886","Type":"movie","DVD":"11 Jun 2002","BoxOffice":"N/A","Production":"Sony Pictures Home Entertainment","Website":"N/A","Response":"True"}