{"Title":"The Killing Fields","Year":"1984","Rated":"R","Released":"01 Feb 1985","Runtime":"141 min","Genre":"Biography, Drama, History","Director":"Roland Joffé","Writer":"Bruce Robinson (screenplay)","Actors":"Sam Waterston, Haing S. Ngor, John Malkovich, Julian Sands","Plot":"A journalist is trapped in Cambodia during tyrant Pol Pot's bloody \"Year Zero\" cleansing campaign, which claimed the lives of two million \"undesirable\" civilians.","Language":"English, French, Khmer, Russian","Country":"UK","Awards":"Won 3 Oscars. Another 24 wins & 22 nominations.","Poster":"https://images-na.ssl-images-amazon.com/images/M/MV5BMjE3OTEwMjk2Nl5BMl5BanBnXkFtZTcwOTgwNTMyMQ@@._V1_SX300.jpg","Ratings":[{"Source":"Internet Movie Database","Value":"7.9/10"},{"Source":"Rotten Tomatoes","Value":"93%"}],"Metascore":"N/A","imdbRating":"7.9","imdbVotes":"43,634","imdbID":"tt0087553","Type":"movie","DVD":"13 Mar 2001","BoxOffice":"N/A","Production":"Warner Home Video","Website":"N/A","Response":"True"}