{"Title":"Balto","Year":"1995","Rated":"G","Released":"22 Dec 1995","Runtime":"78 min","Genre":"Animation, Adventure, Drama","Director":"Simon Wells","Writer":"Cliff Ruby (screenplay), Elana Lesser (screenplay), David Steven Cohen (screenplay), Roger S.H. Schulman (screenplay)","Actors":"Kevin Bacon, Bob Hoskins, Bridget Fonda, Jim Cummings","Plot":"An outcast half-wolf risks his life to prevent a deadly epidemic from ravaging Nome, Alaska.","Language":"English","Country":"USA","Awards":"1 nomination.","Poster":"https://images-na.ssl-images-amazon.com/images/M/MV5BMjBhNmFlZjMtMzhlYy00NDBlLWFiMjctMmE0ZjgwOGM2MTNmXkEyXkFqcGdeQXVyNjExODE1MDc@._V1_SX300.jpg","Ratings":[{"Source":"Internet Movie Database","Value":"7.1/10"},{"Source":"Rotten Tomatoes","Value":"50%"}],"Metascore":"N/A","imdbRating":"7.1","imdbVotes":"31,845","imdbID":"tt0112453","Type":"movie","DVD":"19 Feb 2002","BoxOffice":"N/A","Production":"MCA Universal Home Video","Website":"N/A","Response":"True"}