{"Title":"Angela","Year":"1995","Rated":"N/A","Released":"01 Jan 1995","Runtime":"99 min","Genre":"Drama","Director":"Rebecca Miller","Writer":"Rebecca Miller","Actors":"Miranda Rhyne, Charlotte Eve Blythe, Anna Levine, John Ventimiglia","Plot":"N/A","Language":"English","Country":"USA","Awards":"4 wins & 1 nomination.","Poster":"https://images-na.ssl-images-amazon.com/images/M/MV5BMTg1OTIyODc1MF5BMl5BanBnXkFtZTcwNzUxMjkzMQ@@._V1_SX300.jpg","Ratings":[{"Source":"Internet Movie Database","Value":"6.5/10"}],"Metascore":"N/A","imdbRating":"6.5","imdbVotes":"656","imdbID":"tt0112364","Type":"movie","DVD":"26 Nov 2002","BoxOffice":"N/A","Production":"Tree Farm Productions","Website":"N/A","Response":"True"}