{"Title":"My Life as a Dog","Year":"1985","Rated":"UNRATED","Released":"01 May 1987","Runtime":"101 min","Genre":"Drama, Comedy","Director":"Lasse Hallström","Writer":"Reidar Jönsson (novel), Lasse Hallström, Reidar Jönsson, Brasse Brännström, Per Berglund","Actors":"Anton Glanzelius, Tomas von Brömssen, Anki Lidén, Melinda Kinnaman","Plot":"A boy and his brother don't get along well. In order to let their ill mother rest, they're separated and sent each one with their relatives.","Language":"Swedish","Country":"Sweden","Awards":"Nominated for 2 Oscars. Another 14 wins & 3 nominations.","Poster":"https://images-na.ssl-images-amazon.com/images/M/MV5BMjA3MDEyOTg1OV5BMl5BanBnXkFtZTYwNzY4Mzg5._V1_SX300.jpg","Ratings":[{"Source":"Internet Movie Database","Value":"7.7/10"},{"Source":"Rotten Tomatoes","Value":"100%"}],"Metascore":"N/A","imdbRating":"7.7","imdbVotes":"15,196","imdbID":"tt0089606","Type":"movie","DVD":"23 Feb 1999","BoxOffice":"N/A","Production":"Skouras Pictures","Website":"N/A","Response":"True"}