{"Title":"Forbidden Planet","Year":"1956","Rated":"APPROVED","Released":"22 Aug 1956","Runtime":"98 min","Genre":"Action, Adventure, Sci-Fi","Director":"Fred M. Wilcox","Writer":"Cyril Hume (screen play), Irving Block (based on a story by), Allen Adler (based on a story by)","Actors":"Walter Pidgeon, Anne Francis, Leslie Nielsen, Warren Stevens","Plot":"A starship crew goes to investigate the silence of a planet's colony only to find two survivors and a deadly secret that one of them has.","Language":"English","Country":"USA","Awards":"Nominated for 1 Oscar. Another 1 win & 1 nomination.","Poster":"https://images-na.ssl-images-amazon.com/images/M/MV5BOTdmODZkNmQtYjU4Mi00MTcyLTg5YmEtNmVjMWU1M2Y5NzgyXkEyXkFqcGdeQXVyNDYyMDk5MTU@._V1_SX300.jpg","Ratings":[{"Source":"Internet Movie Database","Value":"7.7/10"},{"Source":"Rotten Tomatoes","Value":"98%"}],"Metascore":"N/A","imdbRating":"7.7","imdbVotes":"35,947","imdbID":"tt0049223","Type":"movie","DVD":"18 Apr 2000","BoxOffice":"N/A","Production":"MGM Home Entertainment","Website":"N/A","Response":"True"}