{"Title":"Field of Dreams","Year":"1989","Rated":"PG","Released":"05 May 1989","Runtime":"107 min","Genre":"Drama, Family, Fantasy","Director":"Phil Alden Robinson","Writer":"W.P. Kinsella (book), Phil Alden Robinson (screenplay)","Actors":"Kevin Costner, Amy Madigan, Gaby Hoffmann, Ray Liotta","Plot":"An Iowa corn farmer, hearing voices, interprets them as a command to build a baseball diamond in his fields; he does, and the Chicago White Sox come.","Language":"English","Country":"USA","Awards":"Nominated for 3 Oscars. Another 6 wins & 10 nominations.","Poster":"https://images-na.ssl-images-amazon.com/images/M/MV5BNzk5OWY0YjAtYWU3ZS00Y2Q4LWFlNjItMzgwMTQ2MjIyMDFmL2ltYWdlL2ltYWdlXkEyXkFqcGdeQXVyMTQxNzMzNDI@._V1_SX300.jpg","Ratings":[{"Source":"Internet Movie Database","Value":"7.5/10"},{"Source":"Rotten Tomatoes","Value":"86%"},{"Source":"Metacritic","Value":"57/100"}],"Metascore":"57","imdbRating":"7.5","imdbVotes":"89,641","imdbID":"tt0097351","Type":"movie","DVD":"01 Jun 2004","BoxOffice":"N/A","Production":"Universal Pictures","Website":"http://www.fieldofdreamsdvd.com","Response":"True"}