{"Title":"The Man Who Would Be King","Year":"1975","Rated":"PG","Released":"18 Dec 1975","Runtime":"129 min","Genre":"Adventure","Director":"John Huston","Writer":"John Huston (screenplay), Gladys Hill (screenplay), Rudyard Kipling (based on the story by)","Actors":"Sean Connery, Michael Caine, Christopher Plummer, Saeed Jaffrey","Plot":"Two British soldiers in India decide to resign from the Army and set themselves up as deities in Kafiristan--a land where no white man has set foot since Alexander.","Language":"English","Country":"UK, USA","Awards":"Nominated for 4 Oscars. Another 4 nominations.","Poster":"https://images-na.ssl-images-amazon.com/images/M/MV5BZWQzYjBjZmQtZDFiOS00ZDQ1LWI4MDAtMDk1NGE1NDBhYjNhL2ltYWdlXkEyXkFqcGdeQXVyNjc1NTYyMjg@._V1_SX300.jpg","Ratings":[{"Source":"Internet Movie Database","Value":"7.9/10"},{"Source":"Rotten Tomatoes","Value":"96%"}],"Metascore":"N/A","imdbRating":"7.9","imdbVotes":"37,054","imdbID":"tt0073341","Type":"movie","DVD":"18 Nov 1997","BoxOffice":"N/A","Production":"WARNER BROTHERS PICTURES","Website":"N/A","Response":"True"}