{"Title":"Butch Cassidy and the Sundance Kid","Year":"1969","Rated":"PG","Released":"24 Oct 1969","Runtime":"110 min","Genre":"Biography, Crime, Drama","Director":"George Roy Hill","Writer":"William Goldman","Actors":"Paul Newman, Robert Redford, Katharine Ross, Strother Martin","Plot":"Two Western bank/train robbers flee to Bolivia when the law gets too close.","Language":"English, Spanish","Country":"USA","Awards":"Won 4 Oscars. Another 16 wins & 14 nominations.","Poster":"https://images-na.ssl-images-amazon.com/images/M/MV5BMTkyMTM2NDk5Nl5BMl5BanBnXkFtZTgwNzY1NzEyMDE@._V1_SX300.jpg","Ratings":[{"Source":"Internet Movie Database","Value":"8.1/10"},{"Source":"Rotten Tomatoes","Value":"89%"},{"Source":"Metacritic","Value":"58/100"}],"Metascore":"58","imdbRating":"8.1","imdbVotes":"161,614","imdbID":"tt0064115","Type":"movie","DVD":"16 May 2000","BoxOffice":"N/A","Production":"20th Century Fox","Website":"N/A","Response":"True"}