{"Title":"Paris, Texas","Year":"1984","Rated":"R","Released":"19 Sep 1984","Runtime":"147 min","Genre":"Drama","Director":"Wim Wenders","Writer":"L.M. Kit Carson (adaptation), Sam Shepard","Actors":"Harry Dean Stanton, Sam Berry, Bernhard Wicki, Dean Stockwell","Plot":"Travis Henderson, an aimless drifter who has been missing for four years, wanders out of the desert and must reconnect with society, himself, his life, and his family.","Language":"English","Country":"UK, France, West Germany","Awards":"Nominated for 1 Golden Globe. Another 16 wins & 9 nominations.","Poster":"https://images-na.ssl-images-amazon.com/images/M/MV5BM2RjMmU3ZWItYzBlMy00ZmJkLWE5YzgtNTVkODdhOWM3NGZhXkEyXkFqcGdeQXVyNDA5Mjg5MjA@._V1_SX300.jpg","Ratings":[{"Source":"Internet Movie Database","Value":"8.1/10"},{"Source":"Rotten Tomatoes","Value":"100%"}],"Metascore":"N/A","imdbRating":"8.1","imdbVotes":"53,870","imdbID":"tt0087884","Type":"movie","DVD":"14 Dec 2004","BoxOffice":"N/A","Production":"20th Century Fox","Website":"N/A","Response":"True"}