{"Title":"Until the End of the World","Year":"1991","Rated":"R","Released":"25 Dec 1991","Runtime":"158 min","Genre":"Action, Drama, Sci-Fi","Director":"Wim Wenders","Writer":"Peter Carey (screenplay), Wim Wenders (screenplay), Wim Wenders (original idea by), Solveig Dommartin (original idea by), Michael Almereyda","Actors":"Solveig Dommartin, Pietro Falcone, Enzo Turrin, Chick Ortega","Plot":"In 1999, Claire's life is forever changed after she survives a car crash. She rescues Sam and starts traveling around the world with him. Writer Eugene follows them and writes their story, as a way of recording dreams is being invented.","Language":"English, French, Italian, Japanese, German","Country":"Germany, France, Australia, USA","Awards":"1 win & 1 nomination.","Poster":"https://images-na.ssl-images-amazon.com/images/M/MV5BMTEwNjQzOTMyOTdeQTJeQWpwZ15BbWU4MDU3ODI4MDEx._V1_SX300.jpg","Ratings":[{"Source":"Internet Movie Database","Value":"6.8/10"},{"Source":"Rotten Tomatoes","Value":"87%"}],"Metascore":"N/A","imdbRating":"6.8","imdbVotes":"7,098","imdbID":"tt0101458","Type":"movie","DVD":"22 Jul 1992","BoxOffice":"N/A","Production":"Warner Home Video","Website":"N/A","Response":"True"}