{"Title":"When Harry Met Sally...","Year":"1989","Rated":"R","Released":"21 Jul 1989","Runtime":"96 min","Genre":"Comedy, Drama, Romance","Director":"Rob Reiner","Writer":"Nora Ephron","Actors":"Billy Crystal, Meg Ryan, Carrie Fisher, Bruno Kirby","Plot":"Harry and Sally have known each other for years, and are very good friends, but they fear sex would ruin the friendship.","Language":"English","Country":"USA","Awards":"Nominated for 1 Oscar. Another 4 wins & 15 nominations.","Poster":"https://images-na.ssl-images-amazon.com/images/M/MV5BMjE0ODEwNjM2NF5BMl5BanBnXkFtZTcwMjU2Mzg3NA@@._V1_SX300.jpg","Ratings":[{"Source":"Internet Movie Database","Value":"7.6/10"},{"Source":"Rotten Tomatoes","Value":"89%"},{"Source":"Metacritic","Value":"76/100"}],"Metascore":"76","imdbRating":"7.6","imdbVotes":"156,838","imdbID":"tt0098635","Type":"movie","DVD":"13 Oct 1998","BoxOffice":"N/A","Production":"Columbia Pictures","Website":"N/A","Response":"True"}