{"Title":"I Shot a Man in Vegas","Year":"1995","Rated":"R","Released":"18 Oct 1996","Runtime":"86 min","Genre":"Drama","Director":"Keoni Waxman","Writer":"Keoni Waxman","Actors":"John Stockwell, Janeane Garofalo, Brian Drillinger, Noelle Lippman","Plot":"Some friends meet each other at a bar in Vegas. After many drinks someone gets shot by his \"friend\". They decide to hide the body in the trunk of their car and drive to L.A. where they can ...","Language":"English","Country":"USA","Awards":"1 nomination.","Poster":"http://ia.media-imdb.com/images/M/MV5BNjg1OTM1MDMyMF5BMl5BanBnXkFtZTcwNjAwMjkzMQ@@._V1_SX300.jpg","Ratings":[{"Source":"Internet Movie Database","Value":"3.9/10"}],"Metascore":"N/A","imdbRating":"3.9","imdbVotes":"104","imdbID":"tt0113369","Type":"movie","DVD":"15 Jul 1997","BoxOffice":"N/A","Production":"Chroches","Website":"N/A","Response":"True"}