{"Title":"Parallel Sons","Year":"1995","Rated":"N/A","Released":"07 Nov 1996","Runtime":"93 min","Genre":"Drama, Romance","Director":"John G. Young","Writer":"John G. Young","Actors":"Gabriel Mann, Laurence Mason, Murphy Guyer, Graham Alex Johnson","Plot":"Seth is a youth with artistic leanings, a fascination with Black pop culture, and a dead-end life in an Adirondack village. He's alternatively sensitive and brutal with Kristen, who wants a...","Language":"English","Country":"USA","Awards":"3 wins & 1 nomination.","Poster":"http://ia.media-imdb.com/images/M/MV5BMTcxMTc4NjgzN15BMl5BanBnXkFtZTcwNTcyNTY1Mw@@._V1_SX300.jpg","Ratings":[{"Source":"Internet Movie Database","Value":"6.4/10"}],"Metascore":"N/A","imdbRating":"6.4","imdbVotes":"231","imdbID":"tt0114089","Type":"movie","DVD":"06 Sep 2005","BoxOffice":"N/A","Production":"N/A","Website":"N/A","Response":"True"}