{"Title":"Frankie Starlight","Year":"1995","Rated":"R","Released":"22 Nov 1995","Runtime":"101 min","Genre":"Drama, Romance, War","Director":"Michael Lindsay-Hogg","Writer":"Ronan O'Leary, Chet Raymo (novel), Chet Raymo (screenplay)","Actors":"Corban Walker, Niall Toibin, Owen Roe, Gabriel Byrne","Plot":"This is a story of a man (Walker), suffering from dwarfism, who writes an autobiographical account of his life. In flashbacks, we see how he was conceived to a woman (Parillaud) at the end ...","Language":"English","Country":"France, UK, Ireland, USA","Awards":"N/A","Poster":"https://images-na.ssl-images-amazon.com/images/M/MV5BMjAxMzU0MzI0OF5BMl5BanBnXkFtZTcwMjI3MzMyMQ@@._V1_SX300.jpg","Ratings":[{"Source":"Internet Movie Database","Value":"6.7/10"},{"Source":"Rotten Tomatoes","Value":"71%"}],"Metascore":"N/A","imdbRating":"6.7","imdbVotes":"772","imdbID":"tt0113107","Type":"movie","DVD":"21 May 1996","BoxOffice":"N/A","Production":"New Line Home Entertainment","Website":"N/A","Response":"True"}