{"Title":"Hype!","Year":"1996","Rated":"N/A","Released":"08 Nov 1996","Runtime":"84 min","Genre":"Documentary, History, Music","Director":"Doug Pray","Writer":"N/A","Actors":"7 Year Bitch, Valerie M. Agnew, Carrie Akre, Jeff Ament","Plot":"Documentary covering the growth and subsequent overexposure of the Seattle \"grunge\" music scene in the early 90s","Language":"English","Country":"USA","Awards":"1 win & 2 nominations.","Poster":"https://images-na.ssl-images-amazon.com/images/M/MV5BMTMxMDA3MjQyOF5BMl5BanBnXkFtZTcwMDczNjcyMQ@@._V1_SX300.jpg","Ratings":[{"Source":"Internet Movie Database","Value":"7.7/10"},{"Source":"Rotten Tomatoes","Value":"92%"}],"Metascore":"N/A","imdbRating":"7.7","imdbVotes":"1,918","imdbID":"tt0116589","Type":"movie","DVD":"21 Dec 2004","BoxOffice":"N/A","Production":"Lionsgate","Website":"N/A","Response":"True"}