{"Title":"Santa with Muscles","Year":"1996","Rated":"PG","Released":"08 Nov 1996","Runtime":"97 min","Genre":"Comedy","Director":"John Murlowski","Writer":"Jonathan Bond, Fred Mata, Dorrie Krum Raymond","Actors":"Hulk Hogan, Don Stark, Robin Curtis, Garrett Morris","Plot":"An evil millionaire believes he is Santa Claus after an accident renders him amnesiac.","Language":"English","Country":"USA","Awards":"N/A","Poster":"https://images-na.ssl-images-amazon.com/images/M/MV5BMTBkNmZhZGUtMzkyNi00ZThhLTg1YmQtMzUyNjA3MzA3MTAxXkEyXkFqcGdeQXVyNjA3OTI5MjA@._V1_SX300.jpg","Ratings":[{"Source":"Internet Movie Database","Value":"2.4/10"}],"Metascore":"N/A","imdbRating":"2.4","imdbVotes":"7,975","imdbID":"tt0117550","Type":"movie","DVD":"N/A","BoxOffice":"N/A","Production":"Cabin Fever Entertainment","Website":"N/A","Response":"True"}