{"Title":"Female Perversions","Year":"1996","Rated":"R","Released":"25 Apr 1997","Runtime":"119 min","Genre":"Drama, Thriller","Director":"Susan Streitfeld","Writer":"Louise J. Kaplan (book), Julie Hébert (screenplay), Susan Streitfeld (screenplay)","Actors":"Tilda Swinton, Amy Madigan, Karen Sillas, Frances Fisher","Plot":"An ambitious female attorney wallows in excess and meaningless sex with both male and female partners, while dealing with her personal life problems including helping her kleptomaniac sister.","Language":"English","Country":"Germany, USA","Awards":"2 nominations.","Poster":"https://images-na.ssl-images-amazon.com/images/M/MV5BMTI2OTk1NDA3NF5BMl5BanBnXkFtZTYwNTY1MTA5._V1_SX300.jpg","Ratings":[{"Source":"Internet Movie Database","Value":"5.5/10"},{"Source":"Rotten Tomatoes","Value":"64%"}],"Metascore":"N/A","imdbRating":"5.5","imdbVotes":"2,038","imdbID":"tt0116293","Type":"movie","DVD":"27 Nov 2001","BoxOffice":"N/A","Production":"Trimark","Website":"N/A","Response":"True"}