{"Title":"Mad Dog Time","Year":"1996","Rated":"R","Released":"08 Nov 1996","Runtime":"93 min","Genre":"Comedy, Crime, Drama","Director":"Larry Bishop","Writer":"Larry Bishop","Actors":"Ellen Barkin, Gabriel Byrne, Richard Dreyfuss, Jeff Goldblum","Plot":"With his boss in the madhouse, a mobster is temporary boss of the criminal empire just as vicious rivals threaten the control of the empire.","Language":"English","Country":"USA","Awards":"N/A","Poster":"https://images-na.ssl-images-amazon.com/images/M/MV5BMTY3NzU0MDc5OV5BMl5BanBnXkFtZTcwNjgxMjA0MQ@@._V1_SX300.jpg","Ratings":[{"Source":"Internet Movie Database","Value":"5.5/10"},{"Source":"Rotten Tomatoes","Value":"17%"}],"Metascore":"N/A","imdbRating":"5.5","imdbVotes":"2,380","imdbID":"tt0116953","Type":"movie","DVD":"02 Mar 2004","BoxOffice":"N/A","Production":"MGM/United Artists","Website":"N/A","Response":"True"}