{"Title":"Breathing Room","Year":"1996","Rated":"R","Released":"08 Nov 1996","Runtime":"90 min","Genre":"Comedy, Romance","Director":"Jon Sherman","Writer":"Tom Hughes (story), Tom Hughes, Jon Sherman","Actors":"Susan Floyd, Dan Futterman, Joanna Chang, Jianzhung Gu","Plot":"She's Kathy, a comix cartoonist; he's David, teaching English to new immigrants. It's New York City, with 29 shopping days left until Christmas, and they're in love. Or are they? Their ...","Language":"English","Country":"USA","Awards":"1 nomination.","Poster":"https://images-na.ssl-images-amazon.com/images/M/MV5BNTFmYTBhOWQtNGIzOC00ZTI1LTg4ZjctNDk3YTMyMTQzNzExXkEyXkFqcGdeQXVyMzU0NzkwMDg@._V1_SX300.jpg","Ratings":[{"Source":"Internet Movie Database","Value":"4.8/10"}],"Metascore":"N/A","imdbRating":"4.8","imdbVotes":"97","imdbID":"tt0115754","Type":"movie","DVD":"N/A","BoxOffice":"N/A","Production":"N/A","Website":"N/A","Response":"True"}