{"Title":"I'm Not Rappaport","Year":"1996","Rated":"PG-13","Released":"24 Dec 1996","Runtime":"135 min","Genre":"Comedy","Director":"Herb Gardner","Writer":"Herb Gardner (play), Herb Gardner (screenplay)","Actors":"Walter Matthau, Ossie Davis, Amy Irving, Craig T. Nelson","Plot":"Old Nat Moyer is a talker, a philosopher, and a troublemaker with a fanciful imagination. His companion is Midge Carter, who is half-blind, but still the super of an apartment house. When ...","Language":"English","Country":"USA","Awards":"N/A","Poster":"https://images-na.ssl-images-amazon.com/images/M/MV5BMTc2MTczMjgzNF5BMl5BanBnXkFtZTcwNTg2MzYyMQ@@._V1_SX300.jpg","Ratings":[{"Source":"Internet Movie Database","Value":"6.6/10"},{"Source":"Rotten Tomatoes","Value":"38%"}],"Metascore":"N/A","imdbRating":"6.6","imdbVotes":"1,340","imdbID":"tt0116601","Type":"movie","DVD":"03 Aug 2004","BoxOffice":"N/A","Production":"Universal Pictures","Website":"N/A","Response":"True"}