{"Title":"Blue Juice","Year":"1995","Rated":"R","Released":"15 Sep 1995","Runtime":"90 min","Genre":"Comedy, Drama, Romance","Director":"Carl Prechezer","Writer":"Peter Salmi (screenplay), Carl Prechezer (screenplay), Peter Salmi (original idea), Carl Prechezer (original idea), Tim Veglio (original idea)","Actors":"Sean Pertwee, Catherine Zeta-Jones, Steven Mackintosh, Ewan McGregor","Plot":"JC is at the end of his Twenties and is living with his girlfriend Chloe in a small coastal town in England. He is a surfer legend and some day, three of his friends show up, including ...","Language":"English","Country":"UK","Awards":"N/A","Poster":"https://images-na.ssl-images-amazon.com/images/M/MV5BMTkzMzEzNjAxMF5BMl5BanBnXkFtZTcwMjA0MjYxMQ@@._V1_SX300.jpg","Ratings":[{"Source":"Internet Movie Database","Value":"5.3/10"},{"Source":"Metacritic","Value":"64/100"}],"Metascore":"64","imdbRating":"5.3","imdbVotes":"2,185","imdbID":"tt0112537","Type":"movie","DVD":"05 Jun 2001","BoxOffice":"N/A","Production":"Trimark","Website":"N/A","Response":"True"}