{"Title":"Jade","Year":"1995","Rated":"R","Released":"13 Oct 1995","Runtime":"95 min","Genre":"Crime, Drama, Thriller","Director":"William Friedkin","Writer":"Joe Eszterhas","Actors":"David Caruso, Linda Fiorentino, Chazz Palminteri, Richard Crenna","Plot":"A bright assistant D.A. investigates a gruesome hatchet murder and hides a clue he found at the crime scene. Under professional threats and an attempt on his life, he goes on heartbroken because evidence point to the woman he still loves.","Language":"English","Country":"USA","Awards":"2 nominations.","Poster":"https://images-na.ssl-images-amazon.com/images/M/MV5BMTI1NzI3MTQ2Nl5BMl5BanBnXkFtZTYwNzM5NDQ5._V1_SX300.jpg","Ratings":[{"Source":"Internet Movie Database","Value":"5.2/10"},{"Source":"Rotten Tomatoes","Value":"14%"}],"Metascore":"N/A","imdbRating":"5.2","imdbVotes":"9,621","imdbID":"tt0113451","Type":"movie","DVD":"16 Feb 1999","BoxOffice":"N/A","Production":"Paramount","Website":"N/A","Response":"True"}