{"Title":"Alien 3","Year":"1992","Rated":"R","Released":"22 May 1992","Runtime":"114 min","Genre":"Action, Horror, Sci-Fi","Director":"David Fincher","Writer":"Dan O'Bannon (characters), Ronald Shusett (characters), Vincent Ward (story), David Giler (screenplay), Walter Hill (screenplay), Larry Ferguson (screenplay)","Actors":"Sigourney Weaver, Charles S. Dutton, Charles Dance, Paul McGann","Plot":"After her last encounter, Ripley crash-lands on Fiorina Fury 161, a maximum security prison. When a series of strange and deadly events occur shortly after her arrival, Ripley realizes that she brought along an unwelcome visitor.","Language":"English","Country":"USA","Awards":"Nominated for 1 Oscar. Another 5 wins & 19 nominations.","Poster":"https://images-na.ssl-images-amazon.com/images/M/MV5BNThhODA5Y2ItMzEzYy00MjE3LTgxYTUtNDIzYjc2ZTllODE0XkEyXkFqcGdeQXVyMTQxNzMzNDI@._V1_SX300.jpg","Ratings":[{"Source":"Internet Movie Database","Value":"6.4/10"},{"Source":"Rotten Tomatoes","Value":"44%"},{"Source":"Metacritic","Value":"59/100"}],"Metascore":"59","imdbRating":"6.4","imdbVotes":"219,255","imdbID":"tt0103644","Type":"movie","DVD":"01 Jun 1999","BoxOffice":"N/A","Production":"Twentieth Century Fox Home Entertainment","Website":"N/A","Response":"True"}