{"Title":"Amityville 3-D","Year":"1983","Rated":"PG","Released":"18 Nov 1983","Runtime":"105 min","Genre":"Horror","Director":"Richard Fleischer","Writer":"William Wales","Actors":"Tony Roberts, Tess Harper, Robert Joy, Candy Clark","Plot":"A reporter moves into the ominous Long Island house to debunk it of the recent supernatural events and becomes besieged by the evil manifestations which are connected to a hell-spawn demon lurking in the basement.","Language":"English","Country":"USA","Awards":"1 nomination.","Poster":"https://images-na.ssl-images-amazon.com/images/M/MV5BZTU5Y2YwOGUtM2UwMi00NjZiLWJkMTYtZTI0YzdmYTRhZmRkXkEyXkFqcGdeQXVyMTQxNzMzNDI@._V1_SX300.jpg","Ratings":[{"Source":"Internet Movie Database","Value":"4.0/10"},{"Source":"Rotten Tomatoes","Value":"0%"}],"Metascore":"N/A","imdbRating":"4.0","imdbVotes":"4,400","imdbID":"tt0085159","Type":"movie","DVD":"05 Apr 2005","BoxOffice":"N/A","Production":"Dino De Laurentiis Company","Website":"N/A","Response":"True"}