{"Title":"Amityville Dollhouse","Year":"1996","Rated":"R","Released":"18 Feb 1997","Runtime":"93 min","Genre":"Horror","Director":"Steve White","Writer":"Joshua Michael Stern","Actors":"Robin Thomas, Starr Andreeff, Allen Cutler, Rachel Duncan","Plot":"A children's doll house, which is a miniature of the infamous haunted Long Island house, is given to a young girl where the demonic evil soon comes out to cause more terror.","Language":"English","Country":"USA","Awards":"N/A","Poster":"https://images-na.ssl-images-amazon.com/images/M/MV5BMTIwOTg1ODE5MV5BMl5BanBnXkFtZTcwNTczNjcyMQ@@._V1_SX300.jpg","Ratings":[{"Source":"Internet Movie Database","Value":"4.1/10"}],"Metascore":"N/A","imdbRating":"4.1","imdbVotes":"1,575","imdbID":"tt0115535","Type":"movie","DVD":"28 Sep 2004","BoxOffice":"N/A","Production":"Republic Pictures Home Video","Website":"N/A","Response":"True"}