{"Title":"Amityville: A New Generation","Year":"1993","Rated":"R","Released":"29 Sep 1993","Runtime":"91 min","Genre":"Horror","Director":"John Murlowski","Writer":"Christopher DeFaria, Antonio Toro","Actors":"Ross Partridge, Julia Nickson, Lala Sloatman, David Naughton","Plot":"An old mirror from the haunted Long Island house finds its way into a photographer's family where the evil soon manifests itself to cause more terror and mayhem.","Language":"English","Country":"USA","Awards":"N/A","Poster":"https://images-na.ssl-images-amazon.com/images/M/MV5BMzc4NTg1NTY4NF5BMl5BanBnXkFtZTcwMjAzMjEzMQ@@._V1_SX300.jpg","Ratings":[{"Source":"Internet Movie Database","Value":"3.7/10"}],"Metascore":"N/A","imdbRating":"3.7","imdbVotes":"1,193","imdbID":"tt0106262","Type":"movie","DVD":"11 Oct 2005","BoxOffice":"N/A","Production":"Republic Pictures Home Video","Website":"N/A","Response":"True"}