{"Title":"Amityville II: The Possession","Year":"1982","Rated":"R","Released":"24 Sep 1982","Runtime":"104 min","Genre":"Horror","Director":"Damiano Damiani","Writer":"Tommy Lee Wallace (screenplay), Hans Holzer (book)","Actors":"James Olson, Burt Young, Rutanya Alda, Jack Magner","Plot":"A family moves into their new home, which proves to be evil, resulting in the demonic possession of the teenage son. Only the local priest can save him.","Language":"English","Country":"Mexico, USA, Italy","Awards":"1 nomination.","Poster":"https://images-na.ssl-images-amazon.com/images/M/MV5BZWUzMDczZjItYjkyYS00OTgwLTg0MTktNDk0YzRmYmRlNTAzXkEyXkFqcGdeQXVyMTQxNzMzNDI@._V1_SX300.jpg","Ratings":[{"Source":"Internet Movie Database","Value":"5.4/10"},{"Source":"Rotten Tomatoes","Value":"7%"}],"Metascore":"N/A","imdbRating":"5.4","imdbVotes":"7,894","imdbID":"tt0083550","Type":"movie","DVD":"05 Apr 2005","BoxOffice":"N/A","Production":"MGM","Website":"N/A","Response":"True"}