{"Title":"The Amityville Horror","Year":"1979","Rated":"R","Released":"27 Jul 1979","Runtime":"117 min","Genre":"Horror","Director":"Stuart Rosenberg","Writer":"Sandor Stern (screenplay), Jay Anson (based on the book by)","Actors":"James Brolin, Margot Kidder, Rod Steiger, Don Stroud","Plot":"Newlyweds move into a large house where a mass murder was committed, and experience strange manifestations which drive them away.","Language":"English","Country":"USA","Awards":"Nominated for 1 Oscar. Another 7 nominations.","Poster":"https://images-na.ssl-images-amazon.com/images/M/MV5BMTc0NDMyNTU3M15BMl5BanBnXkFtZTcwMjM0MTgwNA@@._V1_SX300.jpg","Ratings":[{"Source":"Internet Movie Database","Value":"6.2/10"},{"Source":"Rotten Tomatoes","Value":"24%"}],"Metascore":"N/A","imdbRating":"6.2","imdbVotes":"28,794","imdbID":"tt0078767","Type":"movie","DVD":"14 Aug 2001","BoxOffice":"N/A","Production":"American International Picture","Website":"N/A","Response":"True"}