{"Title":"The Amityville Curse","Year":"1990","Rated":"R","Released":"07 May 1990","Runtime":"91 min","Genre":"Horror","Director":"Tom Berry","Writer":"Hans Holzer (book), Michael Krueger (story), Doug Olson (story), Norvell Rose (story), Michael Krueger, Norvell Rose","Actors":"Kim Coates, Dawna Wightman, Helen Hughes, David Stein","Plot":"Five people spend the night in an abandoned house, the Amityville haunted house, and soon find themselves terrorized by assorted ghosts, venomous insects and ghostly apparitions.","Language":"English","Country":"Canada, USA","Awards":"N/A","Poster":"https://images-na.ssl-images-amazon.com/images/M/MV5BZDFkNGVjMGEtMGVlOS00ZTdjLWJiNGYtOWZkNTllNDA5ZmExXkEyXkFqcGdeQXVyMTQxNzMzNDI@._V1_SX300.jpg","Ratings":[{"Source":"Internet Movie Database","Value":"2.8/10"},{"Source":"Rotten Tomatoes","Value":"20%"}],"Metascore":"N/A","imdbRating":"2.8","imdbVotes":"1,287","imdbID":"tt0099030","Type":"movie","DVD":"N/A","BoxOffice":"N/A","Production":"Trimark","Website":"N/A","Response":"True"}