{"Title":"Blood for Dracula","Year":"1974","Rated":"R","Released":"27 Nov 1974","Runtime":"106 min","Genre":"Comedy, Horror","Director":"Paul Morrissey","Writer":"Paul Morrissey","Actors":"Joe Dallesandro, Udo Kier, Vittorio De Sica, Maxime McKendry","Plot":"An ailing vampire count travels to Italy with his servant to find a bride.","Language":"English","Country":"Italy, France","Awards":"N/A","Poster":"https://images-na.ssl-images-amazon.com/images/M/MV5BMTc2ODY5NjcyOV5BMl5BanBnXkFtZTYwMjI4MTE5._V1_SX300.jpg","Ratings":[{"Source":"Internet Movie Database","Value":"6.2/10"},{"Source":"Rotten Tomatoes","Value":"67%"}],"Metascore":"N/A","imdbRating":"6.2","imdbVotes":"4,259","imdbID":"tt0071233","Type":"movie","DVD":"22 Dec 1998","BoxOffice":"N/A","Production":"Bryanston Pictures","Website":"N/A","Response":"True"}