{"Title":"Nueba Yol","Year":"1995","Rated":"N/A","Released":"16 Aug 1995","Runtime":"106 min","Genre":"Comedy, Drama","Director":"Ángel Muñiz","Writer":"Ángel Muñiz","Actors":"Luisito Martí, Caridad Ravelo, Raúl Carbonell, Rafael Villalona","Plot":"The humble and hardworking Orodoto Balbuena finally gets an opportunity of realizing his lifelong dream of reaching New York and living the \"American Dream\", but soon finds out that things aren't as pretty as he thought.","Language":"Spanish, English","Country":"Dominican Republic","Awards":"N/A","Poster":"https://images-na.ssl-images-amazon.com/images/M/MV5BZGQ1Yjc3MjItNDdmNi00YzQ5LWIwMzQtMzkwNTdkNDg2MmQ0XkEyXkFqcGdeQXVyODU4MjAxOQ@@._V1_SX300.jpg","Ratings":[{"Source":"Internet Movie Database","Value":"7.1/10"}],"Metascore":"N/A","imdbRating":"7.1","imdbVotes":"347","imdbID":"tt0114015","Type":"movie","DVD":"14 Sep 1999","BoxOffice":"N/A","Production":"N/A","Website":"N/A","Response":"True"}