{"Title":"April Fool's Day","Year":"1986","Rated":"R","Released":"28 Mar 1986","Runtime":"89 min","Genre":"Horror, Mystery","Director":"Fred Walton","Writer":"Danilo Bach","Actors":"Jay Baker, Pat Barlow, Lloyd Berry, Deborah Foreman","Plot":"Nine college students staying at a friend's remote island mansion begin to fall victim to an unseen murderer over the April Fool's Day weekend.","Language":"English","Country":"USA, Canada","Awards":"N/A","Poster":"https://images-na.ssl-images-amazon.com/images/M/MV5BMjY0NjNiZDgtMTY0ZS00MTQwLTg2Y2UtYzVlOWQ0NDdkNWNkXkEyXkFqcGdeQXVyMTQxNzMzNDI@._V1_SX300.jpg","Ratings":[{"Source":"Internet Movie Database","Value":"6.2/10"}],"Metascore":"N/A","imdbRating":"6.2","imdbVotes":"11,100","imdbID":"tt0090655","Type":"movie","DVD":"N/A","BoxOffice":"N/A","Production":"N/A","Website":"N/A","Response":"True"}