{"Title":"Audrey Rose","Year":"1977","Rated":"PG","Released":"06 Apr 1977","Runtime":"113 min","Genre":"Drama, Fantasy, Horror","Director":"Robert Wise","Writer":"Frank De Felitta (screenplay), Frank De Felitta (novel)","Actors":"Marsha Mason, Anthony Hopkins, John Beck, Susan Swift","Plot":"A stranger attempts to convince a happily married couple that their daughter is actually his daughter reincarnated.","Language":"English","Country":"USA","Awards":"N/A","Poster":"https://images-na.ssl-images-amazon.com/images/M/MV5BODQ0NDU3Njk2Ml5BMl5BanBnXkFtZTcwODk3MTE3NA@@._V1_SX300.jpg","Ratings":[{"Source":"Internet Movie Database","Value":"5.9/10"},{"Source":"Rotten Tomatoes","Value":"56%"}],"Metascore":"N/A","imdbRating":"5.9","imdbVotes":"4,325","imdbID":"tt0075704","Type":"movie","DVD":"28 Aug 2001","BoxOffice":"N/A","Production":"United Artists","Website":"N/A","Response":"True"}