{"Title":"The Believers","Year":"1987","Rated":"R","Released":"10 Jun 1987","Runtime":"114 min","Genre":"Crime, Drama, Horror","Director":"John Schlesinger","Writer":"Mark Frost (screenplay), Nicholas Conde (novel)","Actors":"Martin Sheen, Helen Shaver, Harley Cross, Robert Loggia","Plot":"A New York psychiatrist finds that a satanic cult, which believes in child sacrifice, has a keen interest in his own son.","Language":"English","Country":"USA","Awards":"1 nomination.","Poster":"https://images-na.ssl-images-amazon.com/images/M/MV5BMTcyNjAzNTMyNF5BMl5BanBnXkFtZTcwMTIyNDcyNA@@._V1_SX300.jpg","Ratings":[{"Source":"Internet Movie Database","Value":"6.1/10"},{"Source":"Rotten Tomatoes","Value":"33%"}],"Metascore":"N/A","imdbRating":"6.1","imdbVotes":"4,766","imdbID":"tt0092632","Type":"movie","DVD":"22 Jan 2002","BoxOffice":"N/A","Production":"Concorde/New Horizons Home Video","Website":"N/A","Response":"True"}