{"Title":"The Blob","Year":"1958","Rated":"APPROVED","Released":"12 Sep 1958","Runtime":"86 min","Genre":"Horror, Sci-Fi","Director":"Irvin S. Yeaworth Jr., Russell S. Doughten Jr.","Writer":"Theodore Simonson (screenplay), Kay Linaker (screenplay), Irvine H. Millgate (original idea)","Actors":"Steve McQueen, Aneta Corsaut, Earl Rowe, Olin Howland","Plot":"An alien lifeform consumes everything in its path as it grows and grows.","Language":"English","Country":"USA","Awards":"1 nomination.","Poster":"https://images-na.ssl-images-amazon.com/images/M/MV5BYjI2Yjg1ZDctYmMzNy00MWIyLWI5NmEtNzY5YzM5OWQ4OTQwXkEyXkFqcGdeQXVyMTQxNzMzNDI@._V1_SX300.jpg","Ratings":[{"Source":"Internet Movie Database","Value":"6.4/10"}],"Metascore":"N/A","imdbRating":"6.4","imdbVotes":"17,427","imdbID":"tt0051418","Type":"movie","DVD":"N/A","BoxOffice":"N/A","Production":"N/A","Website":"N/A","Response":"True"}