{"Title":"Body Parts","Year":"1991","Rated":"R","Released":"02 Aug 1991","Runtime":"88 min","Genre":"Horror, Thriller","Director":"Eric Red","Writer":"Pierre Boileau (novel), Thomas Narcejac (novel), Patricia Herskovic (screen story), Joyce Taylor (screen story), Eric Red (screenplay), Norman Snider (screenplay)","Actors":"Jeff Fahey, Lindsay Duncan, Kim Delaney, Zakes Mokae","Plot":"After losing his arm in a car accident, a criminal psychologist has it replaced with a limb that belonged to a serial killer.","Language":"English","Country":"USA","Awards":"2 wins & 4 nominations.","Poster":"https://images-na.ssl-images-amazon.com/images/M/MV5BMTYyNjA1OTMxNl5BMl5BanBnXkFtZTcwMzcxNjYyMQ@@._V1_SX300.jpg","Ratings":[{"Source":"Internet Movie Database","Value":"5.5/10"},{"Source":"Rotten Tomatoes","Value":"40%"}],"Metascore":"N/A","imdbRating":"5.5","imdbVotes":"3,132","imdbID":"tt0101492","Type":"movie","DVD":"14 Sep 2004","BoxOffice":"N/A","Production":"Paramount Home Video","Website":"N/A","Response":"True"}