{"Title":"The Body Snatcher","Year":"1945","Rated":"APPROVED","Released":"N/A","Runtime":"77 min","Genre":"Horror, Thriller","Director":"Robert Wise","Writer":"Robert Louis Stevenson (short story), Philip MacDonald (written for the screen by), Val Lewton (written for the screen by)","Actors":"Boris Karloff, Bela Lugosi, Henry Daniell, Edith Atwater","Plot":"A ruthless doctor and his young prize student find themselves continually harassed by their murderous supplier of illegal cadavers.","Language":"English","Country":"USA","Awards":"3 nominations.","Poster":"https://images-na.ssl-images-amazon.com/images/M/MV5BYzNiNzk2NDctMzg5My00NDM3LWJiM2UtNzY2NmQ0YWVlN2Q0XkEyXkFqcGdeQXVyMjUxODE0MDY@._V1_SX300.jpg","Ratings":[{"Source":"Internet Movie Database","Value":"7.4/10"},{"Source":"Rotten Tomatoes","Value":"81%"}],"Metascore":"N/A","imdbRating":"7.4","imdbVotes":"6,328","imdbID":"tt0037549","Type":"movie","DVD":"N/A","BoxOffice":"N/A","Production":"RKO Pictures","Website":"N/A","Response":"True"}