{"Title":"Bram Stoker's Dracula","Year":"1992","Rated":"R","Released":"13 Nov 1992","Runtime":"128 min","Genre":"Fantasy, Horror","Director":"Francis Ford Coppola","Writer":"Bram Stoker (novel), James V. Hart (screenplay)","Actors":"Gary Oldman, Winona Ryder, Anthony Hopkins, Keanu Reeves","Plot":"The vampire comes to England to seduce a visitor's fiancée and inflict havoc in the foreign land.","Language":"English, Romanian, Greek, Bulgarian, Latin","Country":"USA","Awards":"Won 3 Oscars. Another 12 wins & 15 nominations.","Poster":"https://images-na.ssl-images-amazon.com/images/M/MV5BMTYyOTM5NzU3Nl5BMl5BanBnXkFtZTgwOTQxNjAxNzE@._V1_SX300.jpg","Ratings":[{"Source":"Internet Movie Database","Value":"7.5/10"},{"Source":"Rotten Tomatoes","Value":"78%"},{"Source":"Metacritic","Value":"57/100"}],"Metascore":"57","imdbRating":"7.5","imdbVotes":"151,105","imdbID":"tt0103874","Type":"movie","DVD":"07 Oct 1997","BoxOffice":"N/A","Production":"Columbia Pictures","Website":"N/A","Response":"True"}