{"Title":"Sonic Outlaws","Year":"1995","Rated":"N/A","Released":"01 Aug 1995","Runtime":"87 min","Genre":"Documentary","Director":"Craig Baldwin","Writer":"N/A","Actors":"Lloyd Dunn, Chris Grigg, Mark Hosler, Don Joyce","Plot":"N/A","Language":"English","Country":"USA","Awards":"1 win.","Poster":"https://images-na.ssl-images-amazon.com/images/M/MV5BMTk5OTU5MTgxM15BMl5BanBnXkFtZTcwNTMwMDgyMQ@@._V1_SX300.jpg","Ratings":[{"Source":"Internet Movie Database","Value":"7.4/10"}],"Metascore":"N/A","imdbRating":"7.4","imdbVotes":"137","imdbID":"tt0114500","Type":"movie","DVD":"29 Mar 2005","BoxOffice":"N/A","Production":"N/A","Website":"N/A","Response":"True"}