{"Title":"Bride of Frankenstein","Year":"1935","Rated":"NOT RATED","Released":"06 May 1935","Runtime":"75 min","Genre":"Drama, Horror, Sci-Fi","Director":"James Whale","Writer":"Mary Shelley (suggested by: the original story written in 1816 by), William Hurlbut (adapted by), John L. Balderston (adapted by), William Hurlbut (screenplay)","Actors":"Boris Karloff, Colin Clive, Valerie Hobson, Ernest Thesiger","Plot":"Mary Shelley reveals the main characters of her novel survived: Dr. Frankenstein, goaded by an even madder scientist, builds his monster a mate.","Language":"English","Country":"USA","Awards":"Nominated for 1 Oscar. Another 2 wins & 2 nominations.","Poster":"https://images-na.ssl-images-amazon.com/images/M/MV5BOTUzMzAzMzEzNV5BMl5BanBnXkFtZTgwOTg1NTAwMjE@._V1_SX300.jpg","Ratings":[{"Source":"Internet Movie Database","Value":"7.9/10"},{"Source":"Rotten Tomatoes","Value":"100%"}],"Metascore":"N/A","imdbRating":"7.9","imdbVotes":"33,770","imdbID":"tt0026138","Type":"movie","DVD":"28 Aug 2001","BoxOffice":"N/A","Production":"NCM","Website":"N/A","Response":"True"}