{"Title":"Burnt Offerings","Year":"1976","Rated":"PG","Released":"18 Oct 1976","Runtime":"116 min","Genre":"Horror, Mystery, Thriller","Director":"Dan Curtis","Writer":"Robert Marasco (novel), William F. Nolan (screenplay), Dan Curtis (screenplay)","Actors":"Karen Black, Oliver Reed, Burgess Meredith, Eileen Heckart","Plot":"A family moves into an old, haunted house that regenerates itself by feeding off of the life forces of its injured occupants.","Language":"English","Country":"USA, Italy","Awards":"6 wins & 1 nomination.","Poster":"https://images-na.ssl-images-amazon.com/images/M/MV5BMjEzNzYzNTc3Nl5BMl5BanBnXkFtZTgwMDUwNTkyMTE@._V1_SX300.jpg","Ratings":[{"Source":"Internet Movie Database","Value":"6.5/10"},{"Source":"Rotten Tomatoes","Value":"33%"}],"Metascore":"N/A","imdbRating":"6.5","imdbVotes":"7,012","imdbID":"tt0074258","Type":"movie","DVD":"26 Aug 2003","BoxOffice":"N/A","Production":"Produzioni Europee Associati","Website":"N/A","Response":"True"}