{"Title":"Candyman","Year":"1992","Rated":"R","Released":"16 Oct 1992","Runtime":"99 min","Genre":"Fantasy, Horror, Thriller","Director":"Bernard Rose","Writer":"Clive Barker (story \"The Forbidden\"), Bernard Rose","Actors":"Virginia Madsen, Tony Todd, Xander Berkeley, Kasi Lemmons","Plot":"The Candyman, a murderous soul with a hook for a hand, is accidentally summoned to reality by a skeptic grad student researching the monster's myth.","Language":"English","Country":"USA, UK","Awards":"5 wins & 7 nominations.","Poster":"https://images-na.ssl-images-amazon.com/images/M/MV5BNzViMTE0YTItZTEyZS00ZDk5LWI4OWEtZmI4YzE3NzllYTUwXkEyXkFqcGdeQXVyMTQxNzMzNDI@._V1_SX300.jpg","Ratings":[{"Source":"Internet Movie Database","Value":"6.6/10"},{"Source":"Rotten Tomatoes","Value":"69%"}],"Metascore":"N/A","imdbRating":"6.6","imdbVotes":"52,685","imdbID":"tt0103919","Type":"movie","DVD":"07 Aug 2001","BoxOffice":"N/A","Production":"Sony Pictures Home Entertainment","Website":"N/A","Response":"True"}