{"Title":"Cape Fear","Year":"1991","Rated":"R","Released":"15 Nov 1991","Runtime":"128 min","Genre":"Crime, Thriller","Director":"Martin Scorsese","Writer":"John D. MacDonald (novel), James R. Webb (earlier screenplay), Wesley Strick (screenplay)","Actors":"Robert De Niro, Nick Nolte, Jessica Lange, Juliette Lewis","Plot":"A convicted rapist, released from prison after serving a fourteen-year sentence, stalks the family of the lawyer who originally defended him.","Language":"English","Country":"USA","Awards":"Nominated for 2 Oscars. Another 4 wins & 15 nominations.","Poster":"https://images-na.ssl-images-amazon.com/images/M/MV5BMjE0NDE2MDI2MF5BMl5BanBnXkFtZTgwOTU2Mzk5MDE@._V1_SX300.jpg","Ratings":[{"Source":"Internet Movie Database","Value":"7.3/10"},{"Source":"Rotten Tomatoes","Value":"76%"},{"Source":"Metacritic","Value":"73/100"}],"Metascore":"73","imdbRating":"7.3","imdbVotes":"134,100","imdbID":"tt0101540","Type":"movie","DVD":"18 Sep 2001","BoxOffice":"N/A","Production":"MCA/Universal Pictures","Website":"N/A","Response":"True"}