{"Title":"Cape Fear","Year":"1962","Rated":"APPROVED","Released":"12 Apr 1962","Runtime":"105 min","Genre":"Drama, Horror, Thriller","Director":"J. Lee Thompson","Writer":"John D. MacDonald (novel), James R. Webb (screenplay)","Actors":"Gregory Peck, Robert Mitchum, Polly Bergen, Lori Martin","Plot":"A lawyer's family is stalked by a man he once helped put in jail.","Language":"English","Country":"USA","Awards":"N/A","Poster":"https://images-na.ssl-images-amazon.com/images/M/MV5BOWNlMTJmMWUtYjk0MC00M2U4LWI1ODItZDgxNDZiODFmNjc5XkEyXkFqcGdeQXVyMTAwMzUyOTc@._V1_SX300.jpg","Ratings":[{"Source":"Internet Movie Database","Value":"7.8/10"},{"Source":"Rotten Tomatoes","Value":"95%"}],"Metascore":"N/A","imdbRating":"7.8","imdbVotes":"21,356","imdbID":"tt0055824","Type":"movie","DVD":"18 Sep 2001","BoxOffice":"N/A","Production":"Universal International Pictur","Website":"N/A","Response":"True"}