{"Title":"Carrie","Year":"1976","Rated":"R","Released":"16 Nov 1976","Runtime":"98 min","Genre":"Horror","Director":"Brian De Palma","Writer":"Stephen King (novel), Lawrence D. Cohen (screenplay)","Actors":"Sissy Spacek, Piper Laurie, Amy Irving, William Katt","Plot":"Carrie White, a shy, friendless teenage girl who is sheltered by her domineering, religious mother, unleashes her telekinetic powers after being humiliated by her classmates at her senior prom.","Language":"English","Country":"USA","Awards":"Nominated for 2 Oscars. Another 3 wins & 5 nominations.","Poster":"https://images-na.ssl-images-amazon.com/images/M/MV5BN2Q3ZmVmZWItZGIzNi00NDNhLThiMTktMTU3MjIzMzRmYWI5XkEyXkFqcGdeQXVyMTQxNzMzNDI@._V1_SX300.jpg","Ratings":[{"Source":"Internet Movie Database","Value":"7.4/10"},{"Source":"Rotten Tomatoes","Value":"93%"}],"Metascore":"N/A","imdbRating":"7.4","imdbVotes":"132,492","imdbID":"tt0074285","Type":"movie","DVD":"29 Sep 1998","BoxOffice":"N/A","Production":"United Artists","Website":"N/A","Response":"True"}