{"Title":"Cat People","Year":"1982","Rated":"R","Released":"02 Apr 1982","Runtime":"118 min","Genre":"Fantasy, Horror, Thriller","Director":"Paul Schrader","Writer":"DeWitt Bodeen (story), Alan Ormsby (screenplay)","Actors":"Nastassja Kinski, Malcolm McDowell, John Heard, Annette O'Toole","Plot":"A young woman's sexual awakening brings horror when she discovers her urges transform her into a monstrous black leopard.","Language":"English","Country":"USA","Awards":"Nominated for 2 Golden Globes. Another 1 nomination.","Poster":"https://images-na.ssl-images-amazon.com/images/M/MV5BMTQ1MjI5MDE2M15BMl5BanBnXkFtZTgwMTY0MjEyMDE@._V1_SX300.jpg","Ratings":[{"Source":"Internet Movie Database","Value":"6.1/10"},{"Source":"Rotten Tomatoes","Value":"65%"}],"Metascore":"N/A","imdbRating":"6.1","imdbVotes":"14,640","imdbID":"tt0083722","Type":"movie","DVD":"10 Oct 2000","BoxOffice":"N/A","Production":"Universal Pictures","Website":"N/A","Response":"True"}