{"Title":"A Nightmare on Elm Street","Year":"1984","Rated":"R","Released":"16 Nov 1984","Runtime":"91 min","Genre":"Horror","Director":"Wes Craven","Writer":"Wes Craven","Actors":"John Saxon, Ronee Blakley, Heather Langenkamp, Amanda Wyss","Plot":"Several people are hunted by a cruel serial killer who kills his victims in their dreams. While the survivors are trying to find the reason for being chosen, the murderer won't lose any chance to kill them as soon as they fall asleep.","Language":"English","Country":"USA","Awards":"2 wins & 3 nominations.","Poster":"https://images-na.ssl-images-amazon.com/images/M/MV5BNzFjZmM1ODgtMDBkMS00NWFlLTg2YmUtZjc3ZTgxMjE1OTI2L2ltYWdlXkEyXkFqcGdeQXVyNTAyODkwOQ@@._V1_SX300.jpg","Ratings":[{"Source":"Internet Movie Database","Value":"7.5/10"},{"Source":"Rotten Tomatoes","Value":"94%"},{"Source":"Metacritic","Value":"78/100"}],"Metascore":"78","imdbRating":"7.5","imdbVotes":"158,439","imdbID":"tt0087800","Type":"movie","DVD":"21 Aug 2001","BoxOffice":"N/A","Production":"New Line Cinema","Website":"http://www.nightmareonelmstreet.com/","Response":"True"}