{"Title":"Nosferatu","Year":"1922","Rated":"UNRATED","Released":"03 Jun 1929","Runtime":"81 min","Genre":"Fantasy, Horror","Director":"F.W. Murnau","Writer":"Henrik Galeen (screen play), Bram Stoker (based on the novel: \"Dracula\")","Actors":"Max Schreck, Gustav von Wangenheim, Greta Schröder, Georg H. Schnell","Plot":"Vampire Count Orlok expresses interest in a new residence and real estate agent Hutter's wife.","Language":"German","Country":"Germany","Awards":"1 win & 2 nominations.","Poster":"https://images-na.ssl-images-amazon.com/images/M/MV5BOTFhNzc2OWYtYTlkMi00ZTNhLWJhMmMtMmM1MTUzMTlkZThmXkEyXkFqcGdeQXVyNTA4NzY1MzY@._V1_SX300.jpg","Ratings":[{"Source":"Internet Movie Database","Value":"8.0/10"},{"Source":"Rotten Tomatoes","Value":"97%"}],"Metascore":"N/A","imdbRating":"8.0","imdbVotes":"71,584","imdbID":"tt0013442","Type":"movie","DVD":"22 Oct 1997","BoxOffice":"N/A","Production":"Film Arts Guild","Website":"N/A","Response":"True"}