{"Title":"Down Periscope","Year":"1996","Rated":"PG-13","Released":"01 Mar 1996","Runtime":"92 min","Genre":"Comedy","Director":"David S. Ward","Writer":"Hugh Wilson (screenplay), Andrew Kurtzman (screenplay), Eliot Wald (screenplay), Hugh Wilson (story)","Actors":"Kelsey Grammer, Lauren Holly, Rob Schneider, Harry Dean Stanton","Plot":"Lt. Cmdr. Tom Dodge is assigned as Captain to the USS Stingray, an old diesel driven submarine that has seen better days. With a crew that consists only of weird guys (and a gal), he's ...","Language":"English","Country":"USA","Awards":"N/A","Poster":"https://images-na.ssl-images-amazon.com/images/M/MV5BMjA0NTE0ODE0Ml5BMl5BanBnXkFtZTcwNjMxMzUyMQ@@._V1_SX300.jpg","Ratings":[{"Source":"Internet Movie Database","Value":"6.0/10"},{"Source":"Rotten Tomatoes","Value":"12%"}],"Metascore":"N/A","imdbRating":"6.0","imdbVotes":"17,507","imdbID":"tt0116130","Type":"movie","DVD":"03 Feb 2004","BoxOffice":"N/A","Production":"Twentieth Century Fox Home Entertainment","Website":"N/A","Response":"True"}