{"Title":"The Omen","Year":"1976","Rated":"R","Released":"25 Jun 1976","Runtime":"111 min","Genre":"Horror","Director":"Richard Donner","Writer":"David Seltzer","Actors":"Gregory Peck, Lee Remick, David Warner, Billie Whitelaw","Plot":"Mysterious deaths surround an American ambassador. Could the child that he is raising actually be the Antichrist? The Devil's own son?","Language":"English, Latin, Italian","Country":"UK, USA","Awards":"Won 1 Oscar. Another 3 wins & 8 nominations.","Poster":"https://images-na.ssl-images-amazon.com/images/M/MV5BODE2ODQ5MzYyNl5BMl5BanBnXkFtZTgwODc1Mjc1MDE@._V1_SX300.jpg","Ratings":[{"Source":"Internet Movie Database","Value":"7.6/10"},{"Source":"Rotten Tomatoes","Value":"86%"}],"Metascore":"N/A","imdbRating":"7.6","imdbVotes":"84,957","imdbID":"tt0075005","Type":"movie","DVD":"04 Sep 2001","BoxOffice":"N/A","Production":"20th Century Fox","Website":"N/A","Response":"True"}