{"Title":"The Blood Oranges","Year":"1997","Rated":"R","Released":"01 Oct 1998","Runtime":"93 min","Genre":"Drama","Director":"Philip Haas","Writer":"John Hawkes (novel), Belinda Haas (screenplay), Philip Haas (screenplay)","Actors":"Charles Dance, Colin Lane, Sheryl Lee, Laila Robins","Plot":"Cyril and Fiona are a long-married couple who travel to an unnamed tropical coastal town to follow their sexual fantasies. There they meet another couple, Catherine, Hugh and their three ...","Language":"English","Country":"USA","Awards":"N/A","Poster":"https://images-na.ssl-images-amazon.com/images/M/MV5BMTQyNzY4NDgzNF5BMl5BanBnXkFtZTcwMjY0MjAyMQ@@._V1_SX300.jpg","Ratings":[{"Source":"Internet Movie Database","Value":"4.5/10"}],"Metascore":"N/A","imdbRating":"4.5","imdbVotes":"304","imdbID":"tt0118743","Type":"movie","DVD":"11 Jan 2000","BoxOffice":"N/A","Production":"Trimark","Website":"http://invinciblepictures.com","Response":"True"}