{"Title":"Albino Alligator","Year":"1996","Rated":"R","Released":"17 Jan 1997","Runtime":"97 min","Genre":"Crime, Drama, Thriller","Director":"Kevin Spacey","Writer":"Christian Forte","Actors":"Matt Dillon, Faye Dunaway, Gary Sinise, William Fichtner","Plot":"While escaping from a foiled robbery attempt, three thieves find themselves surrounded by police at a New Orleans bar--only they're not the people the police are searching for.","Language":"English","Country":"USA, France","Awards":"1 nomination.","Poster":"https://images-na.ssl-images-amazon.com/images/M/MV5BMTg1MjQ0NzU3M15BMl5BanBnXkFtZTcwNzgxNTYyMQ@@._V1_SX300.jpg","Ratings":[{"Source":"Internet Movie Database","Value":"6.1/10"},{"Source":"Rotten Tomatoes","Value":"44%"},{"Source":"Metacritic","Value":"48/100"}],"Metascore":"48","imdbRating":"6.1","imdbVotes":"6,769","imdbID":"tt0115495","Type":"movie","DVD":"07 Sep 1999","BoxOffice":"N/A","Production":"Miramax","Website":"N/A","Response":"True"}