{"Title":"The Mirror Has Two Faces","Year":"1996","Rated":"PG-13","Released":"15 Nov 1996","Runtime":"126 min","Genre":"Comedy, Drama, Romance","Director":"Barbra Streisand","Writer":"André Cayatte (screenplay), Gérard Oury (screenplay), Richard LaGravenese (screen story), Richard LaGravenese (screenplay)","Actors":"Barbra Streisand, Jeff Bridges, Lauren Bacall, George Segal","Plot":"A shy, middle-aged professor enters into a romantic but non-physical relationship with an unlucky-in-love colleague.","Language":"English","Country":"USA","Awards":"Nominated for 2 Oscars. Another 4 wins & 8 nominations.","Poster":"https://images-na.ssl-images-amazon.com/images/M/MV5BYjMxMGVlMDMtNDczOC00YzJiLWIyNWYtNWE2NWZiY2I5Mjg3XkEyXkFqcGdeQXVyNjE5MjUyOTM@._V1_SX300.jpg","Ratings":[{"Source":"Internet Movie Database","Value":"6.5/10"},{"Source":"Rotten Tomatoes","Value":"53%"}],"Metascore":"N/A","imdbRating":"6.5","imdbVotes":"11,922","imdbID":"tt0117057","Type":"movie","DVD":"20 Jan 1998","BoxOffice":"N/A","Production":"Sony Pictures Home Entertainment","Website":"N/A","Response":"True"}