{"Title":"Breaking the Waves","Year":"1996","Rated":"R","Released":"13 Nov 1996","Runtime":"159 min","Genre":"Drama, Romance","Director":"Lars von Trier","Writer":"Lars von Trier, Peter Asmussen","Actors":"Emily Watson, Stellan Skarsgård, Katrin Cartlidge, Jean-Marc Barr","Plot":"Oilman Jan is paralyzed in an accident. His wife, who prayed for his return, feels guilty; even more, when Jan urges her to have sex with another.","Language":"English","Country":"Denmark, Sweden, France, Netherlands, Norway, Iceland, Spain","Awards":"Nominated for 1 Oscar. Another 42 wins & 26 nominations.","Poster":"https://images-na.ssl-images-amazon.com/images/M/MV5BNDYwZTU2MzktNWYxMS00NTYzLTgzOWEtMTRiYjc5NGY2Nzg1XkEyXkFqcGdeQXVyMTQxNzMzNDI@._V1_SX300.jpg","Ratings":[{"Source":"Internet Movie Database","Value":"7.9/10"},{"Source":"Rotten Tomatoes","Value":"86%"},{"Source":"Metacritic","Value":"76/100"}],"Metascore":"76","imdbRating":"7.9","imdbVotes":"50,904","imdbID":"tt0115751","Type":"movie","DVD":"26 Jul 2005","BoxOffice":"N/A","Production":"Artisan Entertainment","Website":"N/A","Response":"True"}