{"Title":"Nightwatch","Year":"1997","Rated":"R","Released":"17 Apr 1998","Runtime":"101 min","Genre":"Drama, Horror, Thriller","Director":"Ole Bornedal","Writer":"Ole Bornedal (film Nattevagten), Ole Bornedal (screenplay), Steven Soderbergh (screenplay)","Actors":"Anais Evans, Ewan McGregor, Nick Nolte, Erich Anderson","Plot":"A law student, who takes a job as a night watchman at a morgue, begins to discover clues that implicate him as the suspect of a series of murders.","Language":"English","Country":"USA","Awards":"2 wins.","Poster":"https://images-na.ssl-images-amazon.com/images/M/MV5BMTU1NTE0NDY5NV5BMl5BanBnXkFtZTYwMTQzMTc4._V1_SX300.jpg","Ratings":[{"Source":"Internet Movie Database","Value":"6.2/10"},{"Source":"Rotten Tomatoes","Value":"23%"},{"Source":"Metacritic","Value":"40/100"}],"Metascore":"40","imdbRating":"6.2","imdbVotes":"16,669","imdbID":"tt0119791","Type":"movie","DVD":"14 Nov 2000","BoxOffice":"N/A","Production":"Miramax","Website":"N/A","Response":"True"}