{"Title":"The Making of 'Star Trek: First Contact'","Year":"1996","Rated":"N/A","Released":"N/A","Runtime":"30 min","Genre":"Sci-Fi, Short, Documentary","Director":"Natalie Barandes","Writer":"N/A","Actors":"N/A","Plot":"N/A","Language":"English","Country":"USA","Awards":"N/A","Poster":"N/A","Ratings":[{"Source":"Internet Movie Database","Value":"6.1/10"}],"Metascore":"N/A","imdbRating":"6.1","imdbVotes":"33","imdbID":"tt0369693","Type":"movie","DVD":"N/A","BoxOffice":"N/A","Production":"N/A","Website":"N/A","Response":"True"}