{"Title":"Shine","Year":"1996","Rated":"PG-13","Released":"14 Feb 1997","Runtime":"105 min","Genre":"Biography, Drama, Music","Director":"Scott Hicks","Writer":"Jan Sardi (screenplay), Scott Hicks (story)","Actors":"Geoffrey Rush, Justin Braine, Sonia Todd, Chris Haywood","Plot":"Pianist David Helfgott, driven by his father and teachers, has a breakdown. Years later he returns to the piano, to popular if not critical acclaim.","Language":"English, Yiddish","Country":"Australia","Awards":"Won 1 Oscar. Another 44 wins & 48 nominations.","Poster":"https://images-na.ssl-images-amazon.com/images/M/MV5BMTQzMzcxMzUyMl5BMl5BanBnXkFtZTgwNDI1MjgxMTE@._V1_SX300.jpg","Ratings":[{"Source":"Internet Movie Database","Value":"7.7/10"},{"Source":"Rotten Tomatoes","Value":"91%"},{"Source":"Metacritic","Value":"87/100"}],"Metascore":"87","imdbRating":"7.7","imdbVotes":"44,697","imdbID":"tt0117631","Type":"movie","DVD":"15 Jul 1997","BoxOffice":"N/A","Production":"New Line Home Entertainment","Website":"N/A","Response":"True"}