{"Title":"Sling Blade","Year":"1996","Rated":"R","Released":"14 Mar 1997","Runtime":"135 min","Genre":"Drama","Director":"Billy Bob Thornton","Writer":"Billy Bob Thornton (play), Billy Bob Thornton (screenplay)","Actors":"Billy Bob Thornton, Dwight Yoakam, J.T. Walsh, John Ritter","Plot":"Karl Childers, a simple man hospitalized since his childhood murder of his mother and her lover, is released to start a new life in a small town.","Language":"English","Country":"USA","Awards":"Won 1 Oscar. Another 13 wins & 11 nominations.","Poster":"https://images-na.ssl-images-amazon.com/images/M/MV5BNGY5NWIxMjAtODBjNC00MmZhLTk1ZTAtNGRhYThlOTNjMTQwXkEyXkFqcGdeQXVyNTc1NTQxODI@._V1_SX300.jpg","Ratings":[{"Source":"Internet Movie Database","Value":"8.0/10"},{"Source":"Rotten Tomatoes","Value":"96%"},{"Source":"Metacritic","Value":"84/100"}],"Metascore":"84","imdbRating":"8.0","imdbVotes":"75,411","imdbID":"tt0117666","Type":"movie","DVD":"01 Jan 1998","BoxOffice":"N/A","Production":"Miramax Films","Website":"N/A","Response":"True"}