{"Title":"Jingle All the Way","Year":"1996","Rated":"PG","Released":"22 Nov 1996","Runtime":"89 min","Genre":"Comedy, Family","Director":"Brian Levant","Writer":"Randy Kornfield","Actors":"Arnold Schwarzenegger, Sinbad, Phil Hartman, Rita Wilson","Plot":"A father vows to get his son a Turbo Man action figure for Christmas, however, every store is sold out of them, and he must travel all over town and compete with everybody else in order to find one.","Language":"English","Country":"USA","Awards":"2 wins & 3 nominations.","Poster":"https://images-na.ssl-images-amazon.com/images/M/MV5BMmJlYzViNzctMjQ1Ni00ZWQ4LThkN2YtMzI2ZGU5Nzk0NTAyXkEyXkFqcGdeQXVyMTQxNzMzNDI@._V1_SX300.jpg","Ratings":[{"Source":"Internet Movie Database","Value":"5.5/10"},{"Source":"Rotten Tomatoes","Value":"17%"}],"Metascore":"N/A","imdbRating":"5.5","imdbVotes":"73,012","imdbID":"tt0116705","Type":"movie","DVD":"03 Nov 1998","BoxOffice":"N/A","Production":"20th Century Fox","Website":"N/A","Response":"True"}