{"Title":"From the Journals of Jean Seberg","Year":"1995","Rated":"N/A","Released":"01 Mar 1996","Runtime":"97 min","Genre":"Documentary, Biography","Director":"Mark Rappaport","Writer":"Mark Rappaport","Actors":"Mary Beth Hurt, Jean Seberg","Plot":"Mark Rappaport's creative bio-pic about actress Jean Seberg is presented in a first-person, autobiographical format (with Seberg played by Mary Beth Hurt). He seamlessly interweaves cinema,...","Language":"English","Country":"USA","Awards":"2 wins & 1 nomination.","Poster":"https://images-na.ssl-images-amazon.com/images/M/MV5BMTk5ODgzNDE1NV5BMl5BanBnXkFtZTcwMTY4MDMyMQ@@._V1_SX300.jpg","Ratings":[{"Source":"Internet Movie Database","Value":"7.1/10"},{"Source":"Rotten Tomatoes","Value":"100%"}],"Metascore":"N/A","imdbRating":"7.1","imdbVotes":"209","imdbID":"tt0113125","Type":"movie","DVD":"30 Apr 1997","BoxOffice":"N/A","Production":"N/A","Website":"N/A","Response":"True"}