{"Title":"Identification of a Woman","Year":"1982","Rated":"NOT RATED","Released":"15 Nov 1996","Runtime":"128 min","Genre":"Drama, Romance","Director":"Michelangelo Antonioni","Writer":"Michelangelo Antonioni (story), Michelangelo Antonioni (screenplay), Gérard Brach (screenplay), Tonino Guerra (collaboration)","Actors":"Tomas Milian, Daniela Silverio, Christine Boisson, Lara Wendel","Plot":"The movie director Niccolo has just been left by his wife. This gives him the idea of making a movie about women's relationships. He starts to search for a woman who can play the leading ...","Language":"Italian, English, French","Country":"Italy, France","Awards":"1 win & 4 nominations.","Poster":"https://images-na.ssl-images-amazon.com/images/M/MV5BMjE4NTM5ODMzNF5BMl5BanBnXkFtZTcwNDk0NDA1NA@@._V1_SX300.jpg","Ratings":[{"Source":"Internet Movie Database","Value":"6.8/10"},{"Source":"Rotten Tomatoes","Value":"62%"}],"Metascore":"N/A","imdbRating":"6.8","imdbVotes":"1,997","imdbID":"tt0084116","Type":"movie","DVD":"18 Jul 2000","BoxOffice":"N/A","Production":"Criterion Collection","Website":"N/A","Response":"True"}