{"Title":"Paradise Lost: The Child Murders at Robin Hood Hills","Year":"1996","Rated":"NOT RATED","Released":"10 Jun 1996","Runtime":"150 min","Genre":"Documentary, Crime, Drama","Director":"Joe Berlinger, Bruce Sinofsky","Writer":"N/A","Actors":"Tony Brooks, Diana Davis, Terry Wood, Dick Clay","Plot":"A horrific triple child murder leads to an indictment and trial of three nonconformist boys based on questionable evidence.","Language":"English","Country":"USA","Awards":"Won 1 Primetime Emmy. Another 6 wins & 9 nominations.","Poster":"https://images-na.ssl-images-amazon.com/images/M/MV5BN2EzNWNlZGYtMjQ1YS00YTI4LThkYTctNjRjYzI1NDdmNjEyXkEyXkFqcGdeQXVyMTQxNzMzNDI@._V1_SX300.jpg","Ratings":[{"Source":"Internet Movie Database","Value":"8.4/10"},{"Source":"Rotten Tomatoes","Value":"100%"}],"Metascore":"N/A","imdbRating":"8.4","imdbVotes":"11,548","imdbID":"tt0117293","Type":"movie","DVD":"25 Oct 2005","BoxOffice":"N/A","Production":"Docurama","Website":"N/A","Response":"True"}