{"Title":"The Preacher's Wife","Year":"1996","Rated":"PG","Released":"13 Dec 1996","Runtime":"123 min","Genre":"Comedy, Drama, Fantasy","Director":"Penny Marshall","Writer":"Robert Nathan (novel), Robert E. Sherwood (earlier screenplay), Leonardo Bercovici (earlier screenplay), Nat Mauldin (screenplay), Allan Scott (screenplay)","Actors":"Denzel Washington, Whitney Houston, Courtney B. Vance, Gregory Hines","Plot":"Good natured Reverend Henry Biggs finds that his marriage to choir mistress Julia is flagging, due to his constant absence caring for the deprived neighborhood they live in. On top of all ...","Language":"English","Country":"USA","Awards":"Nominated for 1 Oscar. Another 2 wins & 5 nominations.","Poster":"https://images-na.ssl-images-amazon.com/images/M/MV5BMjA0NTgyMjgxMF5BMl5BanBnXkFtZTcwOTM5MzUyMQ@@._V1_SX300.jpg","Ratings":[{"Source":"Internet Movie Database","Value":"5.5/10"},{"Source":"Rotten Tomatoes","Value":"60%"}],"Metascore":"N/A","imdbRating":"5.5","imdbVotes":"9,170","imdbID":"tt0117372","Type":"movie","DVD":"13 Aug 2002","BoxOffice":"N/A","Production":"Disney","Website":"N/A","Response":"True"}