{"Title":"Zero Kelvin","Year":"1995","Rated":"N/A","Released":"27 Nov 1996","Runtime":"113 min","Genre":"Drama","Director":"Hans Petter Moland","Writer":"Lars Bill Lundholm, Hans Petter Moland, Peter Tutein (novel)","Actors":"Stellan Skarsgård, Gard B. Eidsvold, Bjørn Sundquist, Camilla Martens","Plot":"Larsen, an aspiring poet in 20's Oslo, leaves his girlfriend to spend a year as a trapper in East Greenland. There he is teamed with a seemingly rough old sailor/trapper, Randbek, and a ...","Language":"Norwegian, Swedish","Country":"Norway, Sweden","Awards":"3 wins & 1 nomination.","Poster":"https://images-na.ssl-images-amazon.com/images/M/MV5BMTUzODA4OTE5M15BMl5BanBnXkFtZTcwOTgwODEzMQ@@._V1_SX300.jpg","Ratings":[{"Source":"Internet Movie Database","Value":"7.4/10"}],"Metascore":"N/A","imdbRating":"7.4","imdbVotes":"1,542","imdbID":"tt0113557","Type":"movie","DVD":"08 Mar 2005","BoxOffice":"N/A","Production":"Kino on Video","Website":"N/A","Response":"True"}