{"Title":"Ridicule","Year":"1996","Rated":"R","Released":"22 Nov 1996","Runtime":"102 min","Genre":"Comedy, Drama, Romance","Director":"Patrice Leconte","Writer":"Rémi Waterhouse (scenario), Michel Fessler (screenplay), Eric Vicaut (collaboration), Rémi Waterhouse (dialogue)","Actors":"Charles Berling, Jean Rochefort, Fanny Ardant, Judith Godrèche","Plot":"To get royal backing on a needed drainage project, a poor French lord must learn to play the delicate games of wit at court at Versailles.","Language":"French","Country":"France","Awards":"Nominated for 1 Oscar. Another 21 wins & 14 nominations.","Poster":"https://images-na.ssl-images-amazon.com/images/M/MV5BMjA3NTkxOTAyNF5BMl5BanBnXkFtZTcwMjg3NDUyMQ@@._V1_SX300.jpg","Ratings":[{"Source":"Internet Movie Database","Value":"7.5/10"},{"Source":"Rotten Tomatoes","Value":"78%"}],"Metascore":"N/A","imdbRating":"7.5","imdbVotes":"6,221","imdbID":"tt0117477","Type":"movie","DVD":"13 Jan 2004","BoxOffice":"N/A","Production":"Miramax","Website":"N/A","Response":"True"}