{"Title":"The Crucible","Year":"1996","Rated":"PG-13","Released":"27 Nov 1996","Runtime":"124 min","Genre":"Drama, History","Director":"Nicholas Hytner","Writer":"Arthur Miller (play), Arthur Miller (screenplay)","Actors":"Daniel Day-Lewis, Winona Ryder, Paul Scofield, Joan Allen","Plot":"A Salem resident attempts to frame her ex-lover's wife for being a witch in the middle of the 1692 witchcraft trials.","Language":"English","Country":"USA","Awards":"Nominated for 2 Oscars. Another 4 wins & 25 nominations.","Poster":"https://images-na.ssl-images-amazon.com/images/M/MV5BN2ZhOTQ5NGUtNDJiYy00ZTM5LWI5MDItNDI3OGZhYzlhZDRhXkEyXkFqcGdeQXVyNjUwNzk3NDc@._V1_SX300.jpg","Ratings":[{"Source":"Internet Movie Database","Value":"6.8/10"},{"Source":"Rotten Tomatoes","Value":"67%"}],"Metascore":"N/A","imdbRating":"6.8","imdbVotes":"29,927","imdbID":"tt0115988","Type":"movie","DVD":"01 Jun 2004","BoxOffice":"N/A","Production":"Fox","Website":"N/A","Response":"True"}