{"Title":"101 Dalmatians","Year":"1996","Rated":"G","Released":"27 Nov 1996","Runtime":"103 min","Genre":"Adventure, Comedy, Crime","Director":"Stephen Herek","Writer":"Dodie Smith (novel), John Hughes (screenplay)","Actors":"Glenn Close, Jeff Daniels, Joely Richardson, Joan Plowright","Plot":"A woman kidnaps puppies to kill them for their fur, but various animals then gang up against her and get their revenge in slapstick fashion.","Language":"English, Spanish","Country":"USA","Awards":"Nominated for 1 Golden Globe. Another 3 wins & 9 nominations.","Poster":"https://images-na.ssl-images-amazon.com/images/M/MV5BZDY3NDQ5M2EtNDM5ZC00YWI0LWEwMzctYjA1M2EwOWE1MDVmXkEyXkFqcGdeQXVyNTUyMzE4Mzg@._V1_SX300.jpg","Ratings":[{"Source":"Internet Movie Database","Value":"5.6/10"},{"Source":"Rotten Tomatoes","Value":"38%"},{"Source":"Metacritic","Value":"49/100"}],"Metascore":"49","imdbRating":"5.6","imdbVotes":"78,594","imdbID":"tt0115433","Type":"movie","DVD":"21 Apr 1998","BoxOffice":"N/A","Production":"Buena Vista Pictures","Website":"N/A","Response":"True"}