{"Title":"I Can't Sleep","Year":"1994","Rated":"UNRATED","Released":"18 May 1994","Runtime":"110 min","Genre":"Drama, Mystery, Romance","Director":"Claire Denis","Writer":"Jean-Pol Fargeau (screenplay), Claire Denis (screenplay)","Actors":"Yekaterina Golubeva, Richard Courcet, Vincent Dupont, Laurent Grévill","Plot":"Beautiful Daiga has emigrated from Lithuania to Paris and is looking for a place to stay and work. Theo is a struggling musician, and his brother Camille - a transvestite dancer. One of ...","Language":"French, Russian, English","Country":"France, Germany, Switzerland","Awards":"2 nominations.","Poster":"https://images-na.ssl-images-amazon.com/images/M/MV5BMjAzMzk1NDQ3N15BMl5BanBnXkFtZTcwMzM5NjcyMQ@@._V1_SX300.jpg","Ratings":[{"Source":"Internet Movie Database","Value":"7.0/10"},{"Source":"Rotten Tomatoes","Value":"75%"}],"Metascore":"N/A","imdbRating":"7.0","imdbVotes":"861","imdbID":"tt0110171","Type":"movie","DVD":"25 Jan 2005","BoxOffice":"N/A","Production":"Arena Films","Website":"N/A","Response":"True"}