{"Title":"Man of the Year","Year":"1995","Rated":"N/A","Released":"15 Mar 1996","Runtime":"86 min","Genre":"Comedy, Romance","Director":"Dirk Shafer","Writer":"Dirk Shafer","Actors":"Vivian Paxton, Claudette Sutherland, Michael Ornstein, Cal Bartlett","Plot":"Mockumentary look at Playgirl Magazine centerfold and 1992 Man of the Year, Dirk Shafer, who kept it a secret from the magazine that he is gay. Most of the film is a fictionalized retelling...","Language":"English, Yiddish","Country":"USA, UK","Awards":"N/A","Poster":"https://images-na.ssl-images-amazon.com/images/M/MV5BMjY3MjczMjQwMV5BMl5BanBnXkFtZTcwNDM3OTEzMQ@@._V1_SX300.jpg","Ratings":[{"Source":"Internet Movie Database","Value":"6.1/10"},{"Source":"Rotten Tomatoes","Value":"25%"}],"Metascore":"N/A","imdbRating":"6.1","imdbVotes":"301","imdbID":"tt0113756","Type":"movie","DVD":"16 Feb 1999","BoxOffice":"N/A","Production":"Artisan Entertainment","Website":"N/A","Response":"True"}