{"Title":"Die Hard 2","Year":"1990","Rated":"R","Released":"04 Jul 1990","Runtime":"124 min","Genre":"Action, Thriller","Director":"Renny Harlin","Writer":"Walter Wager (novel), Steven E. de Souza (screenplay), Doug Richardson (screenplay)","Actors":"Bruce Willis, Bonnie Bedelia, William Atherton, Reginald VelJohnson","Plot":"John McClane attempts to avert disaster as rogue military operatives seize control of Dulles International Airport in Washington, D.C.","Language":"English, Spanish","Country":"USA","Awards":"1 win & 1 nomination.","Poster":"https://images-na.ssl-images-amazon.com/images/M/MV5BMzMzYzk3ZTEtZDg0My00MTY5LWE3ZmQtYzNhYjhjN2RhZGRjL2ltYWdlXkEyXkFqcGdeQXVyNTAyODkwOQ@@._V1_SX300.jpg","Ratings":[{"Source":"Internet Movie Database","Value":"7.1/10"},{"Source":"Rotten Tomatoes","Value":"69%"},{"Source":"Metacritic","Value":"67/100"}],"Metascore":"67","imdbRating":"7.1","imdbVotes":"282,216","imdbID":"tt0099423","Type":"movie","DVD":"09 Mar 1999","BoxOffice":"N/A","Production":"20th Century Fox","Website":"N/A","Response":"True"}