{"Title":"Star Trek VI: The Undiscovered Country","Year":"1991","Rated":"PG","Released":"06 Dec 1991","Runtime":"113 min","Genre":"Action, Adventure, Sci-Fi","Director":"Nicholas Meyer","Writer":"Gene Roddenberry (television series \"Star Trek\"), Leonard Nimoy (story), Lawrence Konner (story), Mark Rosenthal (story), Nicholas Meyer (screenplay), Denny Martin Flinn (screenplay)","Actors":"William Shatner, Leonard Nimoy, DeForest Kelley, James Doohan","Plot":"On the eve of retirement, Kirk and McCoy are charged with assassinating the Klingon High Chancellor and imprisoned. The Enterprise crew must help them escape to thwart a conspiracy aimed at sabotaging the last best hope for peace.","Language":"English, Klingon","Country":"USA","Awards":"Nominated for 2 Oscars. Another 1 win & 5 nominations.","Poster":"https://images-na.ssl-images-amazon.com/images/M/MV5BYTM1ZDc0MDEtYjhhMC00ZWFmLThlMTYtOTI2MTdkZDVhODQwXkEyXkFqcGdeQXVyMTQxNzMzNDI@._V1_SX300.jpg","Ratings":[{"Source":"Internet Movie Database","Value":"7.2/10"},{"Source":"Rotten Tomatoes","Value":"84%"},{"Source":"Metacritic","Value":"65/100"}],"Metascore":"65","imdbRating":"7.2","imdbVotes":"58,040","imdbID":"tt0102975","Type":"movie","DVD":"26 Jan 1999","BoxOffice":"N/A","Production":"Paramount Pictures","Website":"N/A","Response":"True"}