{"Title":"Star Trek V: The Final Frontier","Year":"1989","Rated":"PG","Released":"09 Jun 1989","Runtime":"107 min","Genre":"Action, Adventure, Fantasy","Director":"William Shatner","Writer":"Gene Roddenberry (creator: based on \"Star Trek\"), William Shatner (story), Harve Bennett (story), David Loughery (story), David Loughery (screenplay)","Actors":"William Shatner, Leonard Nimoy, DeForest Kelley, James Doohan","Plot":"Captain Kirk and his crew must deal with Mr. Spock's long-lost half-brother who hijacks the Enterprise for an obsessive search for God at the center of the galaxy.","Language":"English, Klingon","Country":"USA","Awards":"3 wins & 3 nominations.","Poster":"https://images-na.ssl-images-amazon.com/images/M/MV5BZTE2NTE0YmYtNTE3YS00NzFmLWJmMDMtZWQ5Njg5NDBmNTFiXkEyXkFqcGdeQXVyMTQxNzMzNDI@._V1_SX300.jpg","Ratings":[{"Source":"Internet Movie Database","Value":"5.4/10"},{"Source":"Rotten Tomatoes","Value":"23%"},{"Source":"Metacritic","Value":"43/100"}],"Metascore":"43","imdbRating":"5.4","imdbVotes":"45,974","imdbID":"tt0098382","Type":"movie","DVD":"20 Apr 1999","BoxOffice":"N/A","Production":"Paramount Pictures","Website":"N/A","Response":"True"}