{"Title":"Star Trek III: The Search for Spock","Year":"1984","Rated":"PG","Released":"01 Jun 1984","Runtime":"105 min","Genre":"Action, Adventure, Sci-Fi","Director":"Leonard Nimoy","Writer":"Gene Roddenberry (television series Star Trek), Harve Bennett","Actors":"William Shatner, Leonard Nimoy, DeForest Kelley, James Doohan","Plot":"Admiral Kirk and his bridge crew risk their careers stealing the decommissioned Enterprise to return to the restricted Genesis planet to recover Spock's body.","Language":"English, Klingon, Russian, French","Country":"USA","Awards":"7 nominations.","Poster":"https://images-na.ssl-images-amazon.com/images/M/MV5BMTliZGVjZmMtNzEzMy00MzVhLWFhYjYtNDhlYmViNGNiMGFlXkEyXkFqcGdeQXVyMTQxNzMzNDI@._V1_SX300.jpg","Ratings":[{"Source":"Internet Movie Database","Value":"6.6/10"},{"Source":"Rotten Tomatoes","Value":"79%"},{"Source":"Metacritic","Value":"55/100"}],"Metascore":"55","imdbRating":"6.6","imdbVotes":"61,588","imdbID":"tt0088170","Type":"movie","DVD":"18 Apr 2000","BoxOffice":"N/A","Production":"Paramount Pictures","Website":"N/A","Response":"True"}