{"Title":"Star Trek IV: The Voyage Home","Year":"1986","Rated":"PG","Released":"26 Nov 1986","Runtime":"119 min","Genre":"Adventure, Comedy, Sci-Fi","Director":"Leonard Nimoy","Writer":"Gene Roddenberry (television series Star Trek), Leonard Nimoy (story), Harve Bennett (story), Steve Meerson (screenplay), Peter Krikes (screenplay), Harve Bennett (screenplay), Nicholas Meyer (screenplay)","Actors":"William Shatner, Leonard Nimoy, DeForest Kelley, James Doohan","Plot":"To save Earth from an alien probe, Admiral James T. Kirk and his fugitive crew go back in time to San Francisco in 1986 to retrieve the only beings who can communicate with it: humpback whales.","Language":"English, Finnish","Country":"USA","Awards":"Nominated for 4 Oscars. Another 3 wins & 13 nominations.","Poster":"https://images-na.ssl-images-amazon.com/images/M/MV5BMGY2MDE2MGQtMjczYi00YTdhLWIzNzktNDk2NzMzZmYwMTJjXkEyXkFqcGdeQXVyMTQxNzMzNDI@._V1_SX300.jpg","Ratings":[{"Source":"Internet Movie Database","Value":"7.3/10"},{"Source":"Rotten Tomatoes","Value":"85%"},{"Source":"Metacritic","Value":"67/100"}],"Metascore":"67","imdbRating":"7.3","imdbVotes":"64,806","imdbID":"tt0092007","Type":"movie","DVD":"09 Nov 1999","BoxOffice":"N/A","Production":"Paramount Pictures","Website":"N/A","Response":"True"}