{"Title":"Young Guns","Year":"1988","Rated":"R","Released":"12 Aug 1988","Runtime":"107 min","Genre":"Action, Crime, Drama","Director":"Christopher Cain","Writer":"John Fusco","Actors":"Emilio Estevez, Kiefer Sutherland, Lou Diamond Phillips, Charlie Sheen","Plot":"A group of young gunmen, led by Billy the Kid, become deputies to avenge the murder of the rancher who became their benefactor. But when Billy takes their authority too far, they become the hunted.","Language":"English","Country":"USA","Awards":"1 win & 2 nominations.","Poster":"https://images-na.ssl-images-amazon.com/images/M/MV5BMjEzMzIyMjM3NV5BMl5BanBnXkFtZTcwMjgxNDcxMQ@@._V1_SX300.jpg","Ratings":[{"Source":"Internet Movie Database","Value":"6.8/10"},{"Source":"Rotten Tomatoes","Value":"40%"},{"Source":"Metacritic","Value":"50/100"}],"Metascore":"50","imdbRating":"6.8","imdbVotes":"44,275","imdbID":"tt0096487","Type":"movie","DVD":"20 Feb 2001","BoxOffice":"N/A","Production":"Artisan Entertainment","Website":"N/A","Response":"True"}