{"Title":"Young Guns II","Year":"1990","Rated":"PG-13","Released":"01 Aug 1990","Runtime":"104 min","Genre":"Action, Western","Director":"Geoff Murphy","Writer":"John Fusco (characters), John Fusco","Actors":"Emilio Estevez, Kiefer Sutherland, Lou Diamond Phillips, Christian Slater","Plot":"In 1881, cattle baron John Chisum pays a bounty to Patrick Floyd Garrett to kill outlaw Billy the Kid.","Language":"English","Country":"USA","Awards":"Nominated for 1 Oscar. Another 2 wins & 2 nominations.","Poster":"https://images-na.ssl-images-amazon.com/images/M/MV5BMTI5MDAzNzgyMV5BMl5BanBnXkFtZTcwMTQ3NDYyMQ@@._V1_SX300.jpg","Ratings":[{"Source":"Internet Movie Database","Value":"6.4/10"},{"Source":"Rotten Tomatoes","Value":"35%"}],"Metascore":"N/A","imdbRating":"6.4","imdbVotes":"24,975","imdbID":"tt0100994","Type":"movie","DVD":"01 Jun 2004","BoxOffice":"N/A","Production":"20th Century Fox","Website":"N/A","Response":"True"}