{"Title":"The Neon Bible","Year":"1995","Rated":"N/A","Released":"01 Mar 1996","Runtime":"91 min","Genre":"Drama","Director":"Terence Davies","Writer":"Terence Davies, John Kennedy Toole (novel)","Actors":"Jacob Tierney, Drake Bell, Gena Rowlands, Diana Scarwid","Plot":"While on a train, a teenage boy thinks about his life and the flamboyant aunt whose friendship acted as an emotional shield from his troubled family. This film evokes the haunting quality ...","Language":"English","Country":"UK","Awards":"2 nominations.","Poster":"https://images-na.ssl-images-amazon.com/images/M/MV5BNzg1MzgyMDUyNl5BMl5BanBnXkFtZTcwNTk5MjcyMQ@@._V1_SX300.jpg","Ratings":[{"Source":"Internet Movie Database","Value":"6.2/10"},{"Source":"Rotten Tomatoes","Value":"60%"}],"Metascore":"N/A","imdbRating":"6.2","imdbVotes":"621","imdbID":"tt0113952","Type":"movie","DVD":"24 Aug 2004","BoxOffice":"N/A","Production":"Miramax Films","Website":"N/A","Response":"True"}