{"Title":"Grease","Year":"1978","Rated":"PG-13","Released":"16 Jun 1978","Runtime":"110 min","Genre":"Musical, Romance","Director":"Randal Kleiser","Writer":"Jim Jacobs (original musical), Warren Casey (original musical), Bronte Woodard (screenplay), Allan Carr (adaptation)","Actors":"John Travolta, Olivia Newton-John, Stockard Channing, Jeff Conaway","Plot":"Good girl Sandy and greaser Danny fell in love over the summer. When they unexpectedly discover they're now in the same high school, will they be able to rekindle their romance?","Language":"English","Country":"USA","Awards":"Nominated for 1 Oscar. Another 3 wins & 7 nominations.","Poster":"https://images-na.ssl-images-amazon.com/images/M/MV5BMTcyMTA5MTY3MF5BMl5BanBnXkFtZTgwMTMwNzAxMDE@._V1_SX300.jpg","Ratings":[{"Source":"Internet Movie Database","Value":"7.2/10"},{"Source":"Rotten Tomatoes","Value":"77%"},{"Source":"Metacritic","Value":"70/100"}],"Metascore":"70","imdbRating":"7.2","imdbVotes":"178,428","imdbID":"tt0077631","Type":"movie","DVD":"24 Sep 2002","BoxOffice":"N/A","Production":"Paramount Pictures","Website":"N/A","Response":"True"}