{"Title":"Grease 2","Year":"1982","Rated":"PG","Released":"11 Jun 1982","Runtime":"115 min","Genre":"Comedy, Drama, Musical","Director":"Patricia Birch","Writer":"Ken Finkleman","Actors":"Maxwell Caulfield, Michelle Pfeiffer, Lorna Luft, Maureen Teefy","Plot":"An English student at a 1960s American high school has to prove himself to the leader of a girls' gang whose members can only date greasers.","Language":"English","Country":"USA","Awards":"3 nominations.","Poster":"https://images-na.ssl-images-amazon.com/images/M/MV5BMjViYmViYzAtNzAxOC00YWM2LTg4M2YtZmQzYWJhZTQzMzkyXkEyXkFqcGdeQXVyMTQxNzMzNDI@._V1_SX300.jpg","Ratings":[{"Source":"Internet Movie Database","Value":"4.2/10"},{"Source":"Rotten Tomatoes","Value":"32%"}],"Metascore":"N/A","imdbRating":"4.2","imdbVotes":"27,380","imdbID":"tt0084021","Type":"movie","DVD":"09 Jun 2003","BoxOffice":"N/A","Production":"Paramount Home Video","Website":"N/A","Response":"True"}