{"Title":"Marked for Death","Year":"1990","Rated":"R","Released":"05 Oct 1990","Runtime":"93 min","Genre":"Action, Adventure, Crime","Director":"Dwight H. Little","Writer":"Michael Grais, Mark Victor","Actors":"Steven Seagal, Basil Wallace, Keith David, Tom Wright","Plot":"A retired DEA agent is out to hunt down and take out a Jamaican drug posse that has targeted he and his family for murder.","Language":"English","Country":"USA","Awards":"N/A","Poster":"https://images-na.ssl-images-amazon.com/images/M/MV5BMzcwNTIzZmEtNzMwMC00OTMyLWFiNTQtZjUxZGYzMDk4MzkwXkEyXkFqcGdeQXVyMDEwMjgxNg@@._V1_SX300.jpg","Ratings":[{"Source":"Internet Movie Database","Value":"5.9/10"},{"Source":"Rotten Tomatoes","Value":"22%"}],"Metascore":"N/A","imdbRating":"5.9","imdbVotes":"15,829","imdbID":"tt0100114","Type":"movie","DVD":"18 Dec 2001","BoxOffice":"N/A","Production":"Twentieth Century Fox Home Entertainment","Website":"N/A","Response":"True"}