{"Title":"Adrenalin: Fear the Rush","Year":"1996","Rated":"R","Released":"29 Nov 1996","Runtime":"77 min","Genre":"Action, Sci-Fi, Thriller","Director":"Albert Pyun","Writer":"Albert Pyun","Actors":"Christopher Lambert, Natasha Henstridge, Norbert Weisser, Elizabeth Barondes","Plot":"The Russian government has collapsed. Amidst the chaos, riots, and struggle for power, a terrible weapon has leaked out. Virulent microflage, a deadly germ of the cold war has begun to ...","Language":"English","Country":"USA","Awards":"N/A","Poster":"https://images-na.ssl-images-amazon.com/images/M/MV5BMTIwNDYxMDAyNV5BMl5BanBnXkFtZTcwNTM1OTQyMQ@@._V1_SX300.jpg","Ratings":[{"Source":"Internet Movie Database","Value":"3.9/10"},{"Source":"Rotten Tomatoes","Value":"0%"}],"Metascore":"N/A","imdbRating":"3.9","imdbVotes":"3,046","imdbID":"tt0115471","Type":"movie","DVD":"19 Mar 2002","BoxOffice":"N/A","Production":"Miramax","Website":"N/A","Response":"True"}