{"Title":"The Substance of Fire","Year":"1996","Rated":"R","Released":"14 Mar 1997","Runtime":"97 min","Genre":"Drama","Director":"Daniel J. Sullivan","Writer":"Jon Robin Baitz (play), Jon Robin Baitz (screenplay)","Actors":"Tony Goldwyn, Benjamin Ungar, Timothy Hutton, Tom McDermott","Plot":"Publishing magnate refuses to publish a book by his son's male lover so the kids buy out their father and run it themselves!","Language":"English","Country":"USA","Awards":"1 win & 1 nomination.","Poster":"https://images-na.ssl-images-amazon.com/images/M/MV5BNDcyNjkwMTY1OF5BMl5BanBnXkFtZTcwNDAzNTQyMQ@@._V1_SX300.jpg","Ratings":[{"Source":"Internet Movie Database","Value":"6.0/10"},{"Source":"Rotten Tomatoes","Value":"60%"},{"Source":"Metacritic","Value":"54/100"}],"Metascore":"54","imdbRating":"6.0","imdbVotes":"533","imdbID":"tt0117773","Type":"movie","DVD":"04 Jan 2003","BoxOffice":"N/A","Production":"Miramax","Website":"N/A","Response":"True"}