{"Title":"Under Siege","Year":"1992","Rated":"R","Released":"09 Oct 1992","Runtime":"103 min","Genre":"Action, Thriller","Director":"Andrew Davis","Writer":"J.F. Lawton","Actors":"Steven Seagal, Damian Chapa, Troy Evans, David McKnight","Plot":"A Navy cook is the only person who can stop a group of terrorists when they seize control of a U.S. battleship.","Language":"English, Italian","Country":"France, USA","Awards":"Nominated for 2 Oscars. Another 3 wins & 1 nomination.","Poster":"https://images-na.ssl-images-amazon.com/images/M/MV5BZWYxMDZkNmMtZjljNS00MDE5LTlmYmItMmVjZWU5NjQwYmI0L2ltYWdlXkEyXkFqcGdeQXVyNTAyODkwOQ@@._V1_SX300.jpg","Ratings":[{"Source":"Internet Movie Database","Value":"6.4/10"},{"Source":"Rotten Tomatoes","Value":"75%"}],"Metascore":"N/A","imdbRating":"6.4","imdbVotes":"63,426","imdbID":"tt0105690","Type":"movie","DVD":"27 Aug 1997","BoxOffice":"N/A","Production":"Warner Home Video","Website":"N/A","Response":"True"}