{"Title":"Terror in a Texas Town","Year":"1958","Rated":"APPROVED","Released":"25 Aug 1958","Runtime":"80 min","Genre":"Western","Director":"Joseph H. Lewis","Writer":"Dalton Trumbo, Ben Perry (front for Dalton Trumbo)","Actors":"Sterling Hayden, Sebastian Cabot, Carol Kelly, Eugene Mazzola","Plot":"A Swedish whaler is out for revenge when he finds out that a greedy oil man murdered his father for their land.","Language":"English, Spanish","Country":"USA","Awards":"N/A","Poster":"https://images-na.ssl-images-amazon.com/images/M/MV5BMDE4ZWI5NDYtMmY1NS00OWFiLWJiZDMtMTAyYTIwZmM4NWRiXkEyXkFqcGdeQXVyMDUyOTUyNQ@@._V1_SX300.jpg","Ratings":[{"Source":"Internet Movie Database","Value":"6.8/10"}],"Metascore":"N/A","imdbRating":"6.8","imdbVotes":"1,135","imdbID":"tt0052287","Type":"movie","DVD":"20 May 2003","BoxOffice":"N/A","Production":"United Artists","Website":"N/A","Response":"True"}