{"Title":"Jaws","Year":"1975","Rated":"PG","Released":"20 Jun 1975","Runtime":"124 min","Genre":"Adventure, Drama, Thriller","Director":"Steven Spielberg","Writer":"Peter Benchley (screenplay), Carl Gottlieb (screenplay), Peter Benchley (based on the novel by)","Actors":"Roy Scheider, Robert Shaw, Richard Dreyfuss, Lorraine Gary","Plot":"A giant great white shark arrives on the shores of a New England beach resort and wreaks havoc with bloody attacks on swimmers, until a local sheriff teams up with a marine biologist and an old seafarer to hunt the monster down.","Language":"English","Country":"USA","Awards":"Won 3 Oscars. Another 10 wins & 17 nominations.","Poster":"https://images-na.ssl-images-amazon.com/images/M/MV5BMmVmODY1MzEtYTMwZC00MzNhLWFkNDMtZjAwM2EwODUxZTA5XkEyXkFqcGdeQXVyNTAyODkwOQ@@._V1_SX300.jpg","Ratings":[{"Source":"Internet Movie Database","Value":"8.0/10"},{"Source":"Rotten Tomatoes","Value":"97%"},{"Source":"Metacritic","Value":"86/100"}],"Metascore":"86","imdbRating":"8.0","imdbVotes":"439,759","imdbID":"tt0073195","Type":"movie","DVD":"11 Jul 2000","BoxOffice":"N/A","Production":"Universal Pictures","Website":"http://www.jaws25.com/","Response":"True"}