{"Title":"Jaws 2","Year":"1978","Rated":"PG","Released":"16 Jun 1978","Runtime":"116 min","Genre":"Adventure, Drama, Horror","Director":"Jeannot Szwarc","Writer":"Peter Benchley (based upon characters created by), Carl Gottlieb, Howard Sackler","Actors":"Roy Scheider, Lorraine Gary, Murray Hamilton, Joseph Mascolo","Plot":"Police chief Brody must protect the citizens of Amity after a second monstrous shark begins terrorizing the waters.","Language":"English","Country":"USA","Awards":"N/A","Poster":"https://images-na.ssl-images-amazon.com/images/M/MV5BN2U1MWE1NTMtYjQ2ZC00MTFmLWFmYjItODMyNGYxOTAyZmEzXkEyXkFqcGdeQXVyMTQxNzMzNDI@._V1_SX300.jpg","Ratings":[{"Source":"Internet Movie Database","Value":"5.7/10"},{"Source":"Rotten Tomatoes","Value":"52%"}],"Metascore":"N/A","imdbRating":"5.7","imdbVotes":"54,559","imdbID":"tt0077766","Type":"movie","DVD":"22 May 2001","BoxOffice":"N/A","Production":"MCA Universal Home Video","Website":"N/A","Response":"True"}