{"Title":"Jaws 3-D","Year":"1983","Rated":"PG","Released":"22 Jul 1983","Runtime":"99 min","Genre":"Adventure, Horror, Thriller","Director":"Joe Alves","Writer":"Peter Benchley (suggested by the novel \"Jaws\"), Richard Matheson (screenplay), Carl Gottlieb (screenplay), Guerdon Trueblood (story)","Actors":"Dennis Quaid, Bess Armstrong, Simon MacCorkindale, Louis Gossett Jr.","Plot":"The sons of police chief Brody must protect civilians at a SeaWorld theme park after a 35-foot shark becomes trapped in the park with them.","Language":"English","Country":"USA","Awards":"5 nominations.","Poster":"https://images-na.ssl-images-amazon.com/images/M/MV5BM2QwYjhiMzQtN2RiYS00MzgxLThmNzItMmJlNmMyMmQyYTA3XkEyXkFqcGdeQXVyMTQxNzMzNDI@._V1_SX300.jpg","Ratings":[{"Source":"Internet Movie Database","Value":"3.6/10"},{"Source":"Rotten Tomatoes","Value":"11%"}],"Metascore":"N/A","imdbRating":"3.6","imdbVotes":"30,008","imdbID":"tt0085750","Type":"movie","DVD":"03 Jun 2003","BoxOffice":"N/A","Production":"MCA Universal Home Video","Website":"N/A","Response":"True"}