{"Title":"Target","Year":"1995","Rated":"N/A","Released":"28 Feb 1996","Runtime":"122 min","Genre":"Drama","Director":"Sandip Ray","Writer":"Sandip Ray, Satyajit Ray, Prafulla Roy (novel)","Actors":"Mohan Agashe, Barun Chakraborty, Champa, Gyanesh Mukherjee","Plot":"N/A","Language":"Hindi, Bengali","Country":"India","Awards":"1 nomination.","Poster":"N/A","Ratings":[{"Source":"Internet Movie Database","Value":"7.8/10"}],"Metascore":"N/A","imdbRating":"7.8","imdbVotes":"72","imdbID":"tt0114618","Type":"movie","DVD":"23 Jun 1998","BoxOffice":"N/A","Production":"N/A","Website":"N/A","Response":"True"}