{"Title":"My Fellow Americans","Year":"1996","Rated":"PG-13","Released":"20 Dec 1996","Runtime":"101 min","Genre":"Adventure, Comedy","Director":"Peter Segal","Writer":"E. Jack Kaplan (story), Richard Chapman (story), E. Jack Kaplan (screenplay), Richard Chapman (screenplay), Peter Tolan (screenplay)","Actors":"Jack Lemmon, James Garner, Dan Aykroyd, John Heard","Plot":"Two former U. S. Presidents, hated rivals, join forces to expose the current, corrupt President at the risk of their lives.","Language":"English, Spanish","Country":"USA","Awards":"N/A","Poster":"https://images-na.ssl-images-amazon.com/images/M/MV5BZTNmYTdmOTAtMjYzMS00YjAzLTg1ZTUtNDk3ZWVjYWEwNjFjXkEyXkFqcGdeQXVyNDk3NzU2MTQ@._V1_SX300.jpg","Ratings":[{"Source":"Internet Movie Database","Value":"6.5/10"},{"Source":"Rotten Tomatoes","Value":"47%"}],"Metascore":"N/A","imdbRating":"6.5","imdbVotes":"12,600","imdbID":"tt0117119","Type":"movie","DVD":"27 Aug 1997","BoxOffice":"N/A","Production":"Warner Home Video","Website":"N/A","Response":"True"}