{"Title":"Citizen Ruth","Year":"1996","Rated":"R","Released":"13 Dec 1996","Runtime":"106 min","Genre":"Comedy, Drama","Director":"Alexander Payne","Writer":"Alexander Payne, Jim Taylor","Actors":"Laura Dern, Swoosie Kurtz, Kurtwood Smith, Mary Kay Place","Plot":"An irresponsible, drug-addicted, recently impregnated woman finds herself in the middle of an abortion debate when both parties attempt to sway her to their respective sides.","Language":"English","Country":"USA","Awards":"3 wins & 2 nominations.","Poster":"https://images-na.ssl-images-amazon.com/images/M/MV5BMTMyNTEzMTU3MV5BMl5BanBnXkFtZTYwMDgwMzM5._V1_SX300.jpg","Ratings":[{"Source":"Internet Movie Database","Value":"7.0/10"},{"Source":"Rotten Tomatoes","Value":"80%"},{"Source":"Metacritic","Value":"64/100"}],"Metascore":"64","imdbRating":"7.0","imdbVotes":"5,995","imdbID":"tt0115906","Type":"movie","DVD":"08 Apr 2003","BoxOffice":"N/A","Production":"Miramax","Website":"http://www.miramax.com/movie/citizen-ruth","Response":"True"}