{"Title":"Jerry Maguire","Year":"1996","Rated":"R","Released":"13 Dec 1996","Runtime":"139 min","Genre":"Comedy, Drama, Romance","Director":"Cameron Crowe","Writer":"Cameron Crowe","Actors":"Tom Cruise, Cuba Gooding Jr., Renée Zellweger, Kelly Preston","Plot":"When a sports agent has a moral epiphany and is fired for expressing it, he decides to put his new philosophy to the test as an independent with the only athlete who stays with him.","Language":"English, American Sign Language","Country":"USA","Awards":"Won 1 Oscar. Another 25 wins & 37 nominations.","Poster":"https://images-na.ssl-images-amazon.com/images/M/MV5BYTM0ZWNmZTUtOTVkZS00MTZiLTg3M2QtZjA0Y2RmOWM1NWEyXkEyXkFqcGdeQXVyNjU0OTQ0OTY@._V1_SX300.jpg","Ratings":[{"Source":"Internet Movie Database","Value":"7.3/10"},{"Source":"Rotten Tomatoes","Value":"82%"},{"Source":"Metacritic","Value":"77/100"}],"Metascore":"77","imdbRating":"7.3","imdbVotes":"198,530","imdbID":"tt0116695","Type":"movie","DVD":"24 Jun 1997","BoxOffice":"N/A","Production":"TriStar Pictures","Website":"N/A","Response":"True"}