{"Title":"Raising Arizona","Year":"1987","Rated":"PG-13","Released":"17 Apr 1987","Runtime":"94 min","Genre":"Comedy, Crime","Director":"Joel Coen, Ethan Coen","Writer":"Ethan Coen, Joel Coen","Actors":"Nicolas Cage, Holly Hunter, Trey Wilson, John Goodman","Plot":"When a childless couple of an ex-con and an ex-cop decide to help themselves to one of another family's quintuplets, their lives become more complicated than they anticipated.","Language":"English","Country":"USA","Awards":"4 nominations.","Poster":"https://images-na.ssl-images-amazon.com/images/M/MV5BOGUwZTEwZTYtZmQ0OS00NmM1LWE2ZTQtNjZiYmE4ZmUxMjk1XkEyXkFqcGdeQXVyMTQxNzMzNDI@._V1_SX300.jpg","Ratings":[{"Source":"Internet Movie Database","Value":"7.4/10"},{"Source":"Rotten Tomatoes","Value":"90%"},{"Source":"Metacritic","Value":"55/100"}],"Metascore":"55","imdbRating":"7.4","imdbVotes":"104,921","imdbID":"tt0093822","Type":"movie","DVD":"03 Aug 1999","BoxOffice":"N/A","Production":"20th Century Fox","Website":"N/A","Response":"True"}