{"Title":"Tin Men","Year":"1987","Rated":"R","Released":"13 Mar 1987","Runtime":"112 min","Genre":"Comedy, Drama","Director":"Barry Levinson","Writer":"Barry Levinson","Actors":"Richard Dreyfuss, Danny DeVito, Barbara Hershey, John Mahoney","Plot":"A minor car accident drives two rival aluminum-siding salesmen to the ridiculous extremes of man versus man in 1963 Baltimore.","Language":"English","Country":"USA","Awards":"N/A","Poster":"https://images-na.ssl-images-amazon.com/images/M/MV5BMTg2OTU1MzI1NF5BMl5BanBnXkFtZTcwODgyMzcyMQ@@._V1_SX300.jpg","Ratings":[{"Source":"Internet Movie Database","Value":"6.5/10"},{"Source":"Rotten Tomatoes","Value":"79%"}],"Metascore":"N/A","imdbRating":"6.5","imdbVotes":"6,738","imdbID":"tt0094155","Type":"movie","DVD":"02 Apr 2002","BoxOffice":"N/A","Production":"N/A","Website":"N/A","Response":"True"}