{"Title":"Bastard Out of Carolina","Year":"1996","Rated":"R","Released":"15 Dec 1996","Runtime":"98 min","Genre":"Drama","Director":"Anjelica Huston","Writer":"Dorothy Allison (book), Anne Meredith (teleplay)","Actors":"Jennifer Jason Leigh, Ron Eldard, Glenne Headly, Lyle Lovett","Plot":"A mother and daughter find their lives adversely affected when a new man enters the picture. Will their family ever be what they expect?","Language":"English","Country":"USA","Awards":"Won 1 Primetime Emmy. Another 5 wins & 16 nominations.","Poster":"https://images-na.ssl-images-amazon.com/images/M/MV5BMjA5MDkyMzU1N15BMl5BanBnXkFtZTcwMTk5NzMyMQ@@._V1_SX300.jpg","Ratings":[{"Source":"Internet Movie Database","Value":"7.5/10"},{"Source":"Rotten Tomatoes","Value":"100%"},{"Source":"Metacritic","Value":"75/100"}],"Metascore":"75","imdbRating":"7.5","imdbVotes":"3,546","imdbID":"tt0115633","Type":"movie","DVD":"25 Apr 2000","BoxOffice":"N/A","Production":"Winstar","Website":"N/A","Response":"True"}