{"Title":"In Love and War","Year":"1996","Rated":"PG-13","Released":"24 Jan 1997","Runtime":"113 min","Genre":"Biography, Drama, Romance","Director":"Richard Attenborough","Writer":"Henry S. Villard (book), James Nagel (book), Allan Scott (screen story), Dimitri Villard (screen story), Allan Scott (screenplay), Clancy Sigal (screenplay), Anna Hamilton Phelan (screenplay)","Actors":"Mackenzie Astin, Chris O'Donnell, Margot Steinberg, Sandra Bullock","Plot":"Reporter Ernest Hemingway is an ambulance driver in Italy during World War I. While bravely risking his life in the line of duty, he is injured and ends up in the hospital, where he falls ...","Language":"English, Italian","Country":"USA","Awards":"1 nomination.","Poster":"https://images-na.ssl-images-amazon.com/images/M/MV5BYWJjOWMwMTItMGY3Yi00NGJhLWJlNmEtODYxNjY2Y2ExZmM5XkEyXkFqcGdeQXVyMTQxNzMzNDI@._V1_SX300.jpg","Ratings":[{"Source":"Internet Movie Database","Value":"6.0/10"},{"Source":"Rotten Tomatoes","Value":"11%"}],"Metascore":"N/A","imdbRating":"6.0","imdbVotes":"7,060","imdbID":"tt0116621","Type":"movie","DVD":"27 Jul 1999","BoxOffice":"N/A","Production":"New Line Home Entertainment","Website":"N/A","Response":"True"}