{"Title":"Marvin's Room","Year":"1996","Rated":"PG-13","Released":"28 Feb 1997","Runtime":"98 min","Genre":"Drama","Director":"Jerry Zaks","Writer":"Scott McPherson (play), Scott McPherson (screenplay)","Actors":"Meryl Streep, Leonardo DiCaprio, Diane Keaton, Robert De Niro","Plot":"A leukemia patient attempts to end a 20-year feud with her sister to get her bone marrow.","Language":"English","Country":"USA","Awards":"Nominated for 1 Oscar. Another 4 wins & 12 nominations.","Poster":"https://images-na.ssl-images-amazon.com/images/M/MV5BMTIzOTkzMzc3M15BMl5BanBnXkFtZTYwNjYyNDU5._V1_SX300.jpg","Ratings":[{"Source":"Internet Movie Database","Value":"6.7/10"},{"Source":"Rotten Tomatoes","Value":"80%"},{"Source":"Metacritic","Value":"68/100"}],"Metascore":"68","imdbRating":"6.7","imdbVotes":"21,121","imdbID":"tt0116999","Type":"movie","DVD":"15 Jan 2002","BoxOffice":"N/A","Production":"Miramax Films","Website":"N/A","Response":"True"}