{"Title":"Nixon","Year":"1995","Rated":"R","Released":"05 Jan 1996","Runtime":"192 min","Genre":"Biography, Drama, History","Director":"Oliver Stone","Writer":"Stephen J. Rivele, Christopher Wilkinson, Oliver Stone","Actors":"Anthony Hopkins, Joan Allen, Powers Boothe, Ed Harris","Plot":"A biographical story of former U.S. president Richard Milhous Nixon, from his days as a young boy to his eventual presidency which ended in shame.","Language":"English, Mandarin, Russian","Country":"USA","Awards":"Nominated for 4 Oscars. Another 10 wins & 13 nominations.","Poster":"https://images-na.ssl-images-amazon.com/images/M/MV5BNzBlOWY0ZmEtZjdkYS00ZGU0LWEwN2YtYzBkNDM5ZDBjMmI1XkEyXkFqcGdeQXVyMTAwMzUyOTc@._V1_SX300.jpg","Ratings":[{"Source":"Internet Movie Database","Value":"7.1/10"},{"Source":"Rotten Tomatoes","Value":"75%"},{"Source":"Metacritic","Value":"66/100"}],"Metascore":"66","imdbRating":"7.1","imdbVotes":"24,888","imdbID":"tt0113987","Type":"movie","DVD":"15 Jun 1999","BoxOffice":"N/A","Production":"Buena Vista Pictures","Website":"N/A","Response":"True"}