{"Title":"Somebody Is Waiting","Year":"1996","Rated":"R","Released":"19 Dec 1996","Runtime":"90 min","Genre":"Drama","Director":"Martin Donovan","Writer":"Martin Donovan","Actors":"Gabriel Byrne, Nastassja Kinski, Johnny Whitworth, Brian Donovan","Plot":"N/A","Language":"English","Country":"USA","Awards":"N/A","Poster":"https://images-na.ssl-images-amazon.com/images/M/MV5BMjA2OTI4OTY4Nl5BMl5BanBnXkFtZTcwNzczMjgxMQ@@._V1_SX300.jpg","Ratings":[{"Source":"Internet Movie Database","Value":"6.4/10"}],"Metascore":"N/A","imdbRating":"6.4","imdbVotes":"366","imdbID":"tt0117691","Type":"movie","DVD":"09 Mar 1999","BoxOffice":"N/A","Production":"Live Home Video","Website":"N/A","Response":"True"}