{"Title":"Ghosts of Mississippi","Year":"1996","Rated":"PG-13","Released":"03 Jan 1997","Runtime":"130 min","Genre":"Drama, History","Director":"Rob Reiner","Writer":"Lewis Colick","Actors":"Alec Baldwin, James Woods, Virginia Madsen, Whoopi Goldberg","Plot":"A Mississippi district attorney and the widow of Medgar Evers struggle to finally bring a white racist to justice for the 1963 murder of the civil rights leader.","Language":"English","Country":"USA","Awards":"Nominated for 2 Oscars. Another 2 wins & 7 nominations.","Poster":"https://images-na.ssl-images-amazon.com/images/M/MV5BNDA1MDk0OTExN15BMl5BanBnXkFtZTcwNTA2MzMyMQ@@._V1_SX300.jpg","Ratings":[{"Source":"Internet Movie Database","Value":"6.7/10"},{"Source":"Rotten Tomatoes","Value":"45%"}],"Metascore":"N/A","imdbRating":"6.7","imdbVotes":"8,736","imdbID":"tt0116410","Type":"movie","DVD":"18 Jan 2000","BoxOffice":"N/A","Production":"Sony Pictures Home Entertainment","Website":"N/A","Response":"True"}