{"Title":"Beavis and Butt-Head Do America","Year":"1996","Rated":"PG-13","Released":"20 Dec 1996","Runtime":"81 min","Genre":"Animation, Adventure, Comedy","Director":"Mike Judge, Mike de Seve, Brian Mulroney, Yvette Kaplan","Writer":"Mike Judge, Joe Stillman, Brian Mulroney (additional material)","Actors":"Mike Judge, Bruce Willis, Demi Moore, Cloris Leachman","Plot":"The dim-witted teen duo of Beavis and Butt-Head travel across America in search of their stolen television set.","Language":"English, Spanish, Hindi","Country":"USA","Awards":"1 win & 4 nominations.","Poster":"https://images-na.ssl-images-amazon.com/images/M/MV5BNWY3NmNlYzYtNzY5Yy00Y2Q1LWE1NWEtYzQ2NDM4YTMyYjVmXkEyXkFqcGdeQXVyMTQxNzMzNDI@._V1_SX300.jpg","Ratings":[{"Source":"Internet Movie Database","Value":"6.8/10"},{"Source":"Rotten Tomatoes","Value":"72%"},{"Source":"Metacritic","Value":"64/100"}],"Metascore":"64","imdbRating":"6.8","imdbVotes":"44,305","imdbID":"tt0115641","Type":"movie","DVD":"23 Nov 1999","BoxOffice":"N/A","Production":"Paramount Home Video","Website":"N/A","Response":"True"}