{"Title":"Scream","Year":"1996","Rated":"R","Released":"20 Dec 1996","Runtime":"111 min","Genre":"Horror, Mystery","Director":"Wes Craven","Writer":"Kevin Williamson","Actors":"Drew Barrymore, Roger Jackson, Kevin Patrick Walls, David Booth","Plot":"A year after the murder of her mother, a teenage girl is terrorized by a new killer, who targets the girl and her friends by using horror films as part of a deadly game.","Language":"English","Country":"USA","Awards":"7 wins & 8 nominations.","Poster":"https://images-na.ssl-images-amazon.com/images/M/MV5BMjA2NjU5MTg5OF5BMl5BanBnXkFtZTgwOTkyMzQxMDE@._V1_SX300.jpg","Ratings":[{"Source":"Internet Movie Database","Value":"7.2/10"},{"Source":"Rotten Tomatoes","Value":"79%"},{"Source":"Metacritic","Value":"65/100"}],"Metascore":"65","imdbRating":"7.2","imdbVotes":"231,922","imdbID":"tt0117571","Type":"movie","DVD":"02 Dec 1997","BoxOffice":"N/A","Production":"Miramax Films","Website":"N/A","Response":"True"}