{"Title":"The Last of the Mohicans","Year":"1992","Rated":"R","Released":"25 Sep 1992","Runtime":"112 min","Genre":"Action, Adventure, Drama","Director":"Michael Mann","Writer":"James Fenimore Cooper (novel), John L. Balderston (adaptation), Paul Perez (adaptation), Daniel Moore (adaptation), Philip Dunne, Michael Mann (screenplay), Christopher Crowe (screenplay)","Actors":"Daniel Day-Lewis, Madeleine Stowe, Russell Means, Eric Schweig","Plot":"Three trappers protect a British Colonel's daughters in the midst of the French and Indian War.","Language":"English, French, Mohawk","Country":"USA","Awards":"Won 1 Oscar. Another 6 wins & 13 nominations.","Poster":"https://images-na.ssl-images-amazon.com/images/M/MV5BMzU4YzI3ODItYzY3NS00ZTQ2LTg2YzUtNTdjMTVlYjVkYTE4XkEyXkFqcGdeQXVyNjUwNzk3NDc@._V1_SX300.jpg","Ratings":[{"Source":"Internet Movie Database","Value":"7.8/10"},{"Source":"Rotten Tomatoes","Value":"94%"},{"Source":"Metacritic","Value":"76/100"}],"Metascore":"76","imdbRating":"7.8","imdbVotes":"119,500","imdbID":"tt0104691","Type":"movie","DVD":"23 Nov 1999","BoxOffice":"N/A","Production":"Twentieth Century Fox Home Entertainment","Website":"N/A","Response":"True"}