{"Title":"Michael","Year":"1996","Rated":"PG","Released":"25 Dec 1996","Runtime":"105 min","Genre":"Comedy, Drama, Fantasy","Director":"Nora Ephron","Writer":"Peter Dexter (story), Jim Quinlan (story), Nora Ephron (screenplay), Delia Ephron (screenplay), Peter Dexter (screenplay), Jim Quinlan (screenplay)","Actors":"John Travolta, Andie MacDowell, William Hurt, Bob Hoskins","Plot":"Two tabloid reporters checking out a report of the Archangel Michael living with an old woman find that it's true. But that's not the only surprise.","Language":"English, Portuguese","Country":"USA","Awards":"1 nomination.","Poster":"https://images-na.ssl-images-amazon.com/images/M/MV5BMTYxNjc4MzUwN15BMl5BanBnXkFtZTgwOTg1NTk1MDE@._V1_SX300.jpg","Ratings":[{"Source":"Internet Movie Database","Value":"5.7/10"},{"Source":"Rotten Tomatoes","Value":"36%"},{"Source":"Metacritic","Value":"38/100"}],"Metascore":"38","imdbRating":"5.7","imdbVotes":"35,719","imdbID":"tt0117038","Type":"movie","DVD":"10 Jun 1997","BoxOffice":"N/A","Production":"WARNER BROTHERS PICTURES","Website":"N/A","Response":"True"}