{"Title":"The Birdcage","Year":"1996","Rated":"R","Released":"08 Mar 1996","Runtime":"117 min","Genre":"Comedy","Director":"Mike Nichols","Writer":"Jean Poiret (play), Francis Veber (earlier screenplay), Édouard Molinaro (earlier screenplay), Marcello Danon (earlier screenplay), Jean Poiret (earlier screenplay), Elaine May (screenplay)","Actors":"Robin Williams, Gene Hackman, Nathan Lane, Dianne Wiest","Plot":"A gay cabaret owner and his drag queen companion agree to put up a false straight front so that their son can introduce them to his fiancée's right-wing moralistic parents.","Language":"English","Country":"USA","Awards":"Nominated for 1 Oscar. Another 6 wins & 21 nominations.","Poster":"https://images-na.ssl-images-amazon.com/images/M/MV5BMTM2NjExODYyOF5BMl5BanBnXkFtZTcwNTc0NjgyNA@@._V1_SX300.jpg","Ratings":[{"Source":"Internet Movie Database","Value":"7.0/10"},{"Source":"Rotten Tomatoes","Value":"79%"},{"Source":"Metacritic","Value":"72/100"}],"Metascore":"72","imdbRating":"7.0","imdbVotes":"64,270","imdbID":"tt0115685","Type":"movie","DVD":"25 Mar 1997","BoxOffice":"N/A","Production":"MGM Home Entertainment","Website":"N/A","Response":"True"}