{"Title":"The Evening Star","Year":"1996","Rated":"PG-13","Released":"25 Dec 1996","Runtime":"129 min","Genre":"Comedy, Drama, Romance","Director":"Robert Harling","Writer":"Larry McMurtry (novel), Robert Harling (screenplay)","Actors":"Shirley MacLaine, Bill Paxton, Juliette Lewis, Miranda Richardson","Plot":"Continuing the story of Aurora Greenway in her latter years. After the death of her daughter, Aurora struggled to keep her family together, but has one grandson in jail, a rebellious ...","Language":"English","Country":"USA","Awards":"Nominated for 1 Golden Globe. Another 5 wins & 2 nominations.","Poster":"https://images-na.ssl-images-amazon.com/images/M/MV5BMTcwNjkyODQyN15BMl5BanBnXkFtZTcwMzk0MTQyMQ@@._V1_SX300.jpg","Ratings":[{"Source":"Internet Movie Database","Value":"5.8/10"},{"Source":"Rotten Tomatoes","Value":"23%"}],"Metascore":"N/A","imdbRating":"5.8","imdbVotes":"3,514","imdbID":"tt0116240","Type":"movie","DVD":"27 Feb 2001","BoxOffice":"N/A","Production":"Paramount Home Video","Website":"N/A","Response":"True"}