{"Title":"Some Mother's Son","Year":"1996","Rated":"R","Released":"25 Dec 1996","Runtime":"112 min","Genre":"Drama, History","Director":"Terry George","Writer":"Terry George, Jim Sheridan","Actors":"Helen Mirren, Fionnula Flanagan, Aidan Gillen, David O'Hara","Plot":"Based on the true story of the 1981 hunger strike in a British prison, in which IRA prisoner Bobby Sands led a protest against the treatment of IRA prisoners as criminals rather than as ...","Language":"English, Irish","Country":"Ireland, USA","Awards":"4 wins.","Poster":"https://images-na.ssl-images-amazon.com/images/M/MV5BMTEzMDMzNzM2OTdeQTJeQWpwZ15BbWU3MDU3OTM2MjU@._V1_SX300.jpg","Ratings":[{"Source":"Internet Movie Database","Value":"7.3/10"},{"Source":"Rotten Tomatoes","Value":"69%"}],"Metascore":"N/A","imdbRating":"7.3","imdbVotes":"2,156","imdbID":"tt0117690","Type":"movie","DVD":"06 May 2011","BoxOffice":"N/A","Production":"Warner Home Video","Website":"N/A","Response":"True"}