{"Title":"The Whole Wide World","Year":"1996","Rated":"PG","Released":"20 Dec 1996","Runtime":"111 min","Genre":"Biography, Drama, Romance","Director":"Dan Ireland","Writer":"Novalyne Price Ellis (memoir One Who Walked Alone), Michael Scott Myers (screenplay)","Actors":"Vincent D'Onofrio, Renée Zellweger, Ann Wedgeworth, Harve Presnell","Plot":"In Texas in the 1930s, young schoolteacher Novalyne Price meets a handsome, eccentric, interesting young man named Robert Howard. He's a successful writer - of the pulp stories of 'Conan ...","Language":"English","Country":"USA","Awards":"6 wins & 7 nominations.","Poster":"https://images-na.ssl-images-amazon.com/images/M/MV5BMTIzMDUwODI1OF5BMl5BanBnXkFtZTcwMDY3MjAwMQ@@._V1_SX300.jpg","Ratings":[{"Source":"Internet Movie Database","Value":"7.3/10"},{"Source":"Rotten Tomatoes","Value":"81%"}],"Metascore":"N/A","imdbRating":"7.3","imdbVotes":"2,911","imdbID":"tt0118163","Type":"movie","DVD":"29 Jul 2003","BoxOffice":"N/A","Production":"Sony Entertainment","Website":"N/A","Response":"True"}