{"Title":"Mother","Year":"1996","Rated":"PG-13","Released":"24 Jan 1997","Runtime":"104 min","Genre":"Comedy, Drama","Director":"Albert Brooks","Writer":"Albert Brooks, Monica Mcgowan Johnson","Actors":"Paul Collins, Laura Weekes, Albert Brooks, John C. McGinley","Plot":"A neurotic, twice-divorced sci-fi writer moves back in with his mother to solve his personal problems.","Language":"English","Country":"USA","Awards":"Nominated for 1 Golden Globe. Another 3 wins & 2 nominations.","Poster":"https://images-na.ssl-images-amazon.com/images/M/MV5BNzc0MTYxNDEyMl5BMl5BanBnXkFtZTcwNDM5ODIzMQ@@._V1_SX300.jpg","Ratings":[{"Source":"Internet Movie Database","Value":"6.9/10"},{"Source":"Rotten Tomatoes","Value":"89%"}],"Metascore":"N/A","imdbRating":"6.9","imdbVotes":"4,828","imdbID":"tt0117091","Type":"movie","DVD":"13 Feb 2001","BoxOffice":"N/A","Production":"Paramount Pictures","Website":"N/A","Response":"True"}