{"Title":"Thieves","Year":"1996","Rated":"R","Released":"25 Dec 1996","Runtime":"117 min","Genre":"Crime, Drama, Romance","Director":"André Téchiné","Writer":"André Téchiné (dialogue), Gilles Taurand (dialogue), Michel Alexandre, André Téchiné (scenario), Gilles Taurand (scenario), Pascal Bonitzer (scenario collaborator)","Actors":"Catherine Deneuve, Daniel Auteuil, Laurence Côte, Benoît Magimel","Plot":"In the middle of the night, someone brings Ivan's body home to his wife and his sad-faced, jug-eared son. Through flashbacks, the film discloses the relationships among Ivan and his brother...","Language":"French","Country":"France","Awards":"3 wins & 6 nominations.","Poster":"https://images-na.ssl-images-amazon.com/images/M/MV5BMjAyMDg0OTQ5NF5BMl5BanBnXkFtZTcwMDQzMzkxMQ@@._V1_SX300.jpg","Ratings":[{"Source":"Internet Movie Database","Value":"7.0/10"},{"Source":"Rotten Tomatoes","Value":"82%"}],"Metascore":"N/A","imdbRating":"7.0","imdbVotes":"1,619","imdbID":"tt0118100","Type":"movie","DVD":"N/A","BoxOffice":"N/A","Production":"Les Films Alain Sarde","Website":"N/A","Response":"True"}