{"Title":"Evita","Year":"1996","Rated":"PG","Released":"10 Jan 1997","Runtime":"135 min","Genre":"Biography, Drama, History","Director":"Alan Parker","Writer":"Tim Rice (book), Alan Parker (screenplay), Oliver Stone (screenplay)","Actors":"Madonna, Antonio Banderas, Jonathan Pryce, Jimmy Nail","Plot":"The hit musical based on the life of Evita Duarte, a B-picture Argentinian actress who eventually became the wife of Argentinian president Juan Perón, and the most beloved and hated woman in Argentina.","Language":"English","Country":"USA","Awards":"Won 1 Oscar. Another 17 wins & 38 nominations.","Poster":"https://images-na.ssl-images-amazon.com/images/M/MV5BMTM3OTY4NTg1OF5BMl5BanBnXkFtZTcwNjQ4ODcxMQ@@._V1_SX300.jpg","Ratings":[{"Source":"Internet Movie Database","Value":"6.3/10"},{"Source":"Rotten Tomatoes","Value":"62%"},{"Source":"Metacritic","Value":"45/100"}],"Metascore":"45","imdbRating":"6.3","imdbVotes":"29,936","imdbID":"tt0116250","Type":"movie","DVD":"24 Mar 1998","BoxOffice":"N/A","Production":"Buena Vista","Website":"N/A","Response":"True"}