{"Title":"The Portrait of a Lady","Year":"1996","Rated":"PG-13","Released":"17 Jan 1997","Runtime":"144 min","Genre":"Drama, Romance","Director":"Jane Campion","Writer":"Henry James (novel), Laura Jones (screenplay)","Actors":"Nicole Kidman, John Malkovich, Barbara Hershey, Mary-Louise Parker","Plot":"An American girl inherits a fortune and falls into a misguided relationship with a gentleman confidence artist whose true nature, including a barbed and covetous disposition, turns her life into a nightmare.","Language":"English, Italian","Country":"UK, USA","Awards":"Nominated for 2 Oscars. Another 5 wins & 13 nominations.","Poster":"https://images-na.ssl-images-amazon.com/images/M/MV5BMWU4ZTgwYmYtZDMwNS00M2YyLTg4NTMtOGIxNWQyMmNiNDUzXkEyXkFqcGdeQXVyMTAwMzUyOTc@._V1_SX300.jpg","Ratings":[{"Source":"Internet Movie Database","Value":"6.3/10"},{"Source":"Rotten Tomatoes","Value":"43%"},{"Source":"Metacritic","Value":"61/100"}],"Metascore":"61","imdbRating":"6.3","imdbVotes":"9,091","imdbID":"tt0117364","Type":"movie","DVD":"14 Sep 1999","BoxOffice":"N/A","Production":"PolyGram Video","Website":"N/A","Response":"True"}