{"Title":"Walkabout","Year":"1971","Rated":"R","Released":"01 Jul 1971","Runtime":"100 min","Genre":"Adventure, Drama","Director":"Nicolas Roeg","Writer":"Edward Bond (screenplay), James Vance Marshall (novel)","Actors":"Jenny Agutter, Luc Roeg, David Gulpilil, John Meillon","Plot":"Two young siblings are stranded in the Australian Outback and are forced to cope on their own. They meet an Australian boy on \"walkabout\": a ritual separation from his tribe.","Language":"English, Aboriginal, Czech, French","Country":"UK, Australia","Awards":"1 nomination.","Poster":"https://images-na.ssl-images-amazon.com/images/M/MV5BMzI1ZjA3ZDAtYmQ4My00MzZhLWJmYjMtMzc5M2FlMDk2YzExXkEyXkFqcGdeQXVyNjc1NTYyMjg@._V1_SX300.jpg","Ratings":[{"Source":"Internet Movie Database","Value":"7.7/10"},{"Source":"Rotten Tomatoes","Value":"93%"}],"Metascore":"N/A","imdbRating":"7.7","imdbVotes":"18,081","imdbID":"tt0067959","Type":"movie","DVD":"21 Apr 1998","BoxOffice":"N/A","Production":"20th Century Fox","Website":"N/A","Response":"True"}