{"Title":"Shadows in the Storm","Year":"1988","Rated":"R","Released":"16 Feb 1990","Runtime":"85 min","Genre":"Crime, Drama, Mystery","Director":"Terrell Tannen","Writer":"Terrell Tannen","Actors":"Ned Beatty, Mia Sara, Michael Madsen, Donna Mitchell","Plot":"A married man suffering from midlife crisis obsesses over a girl from his romantic fantasy. He meets her exact duplicate on vacation and helps her get rid of her abusive husband. They run off together but a caller starts blackmailing him.","Language":"English","Country":"USA","Awards":"N/A","Poster":"https://images-na.ssl-images-amazon.com/images/M/MV5BNjUyMTM1NjgzN15BMl5BanBnXkFtZTcwNzgxODEyMQ@@._V1_SX300.jpg","Ratings":[{"Source":"Internet Movie Database","Value":"3.0/10"}],"Metascore":"N/A","imdbRating":"3.0","imdbVotes":"132","imdbID":"tt0096084","Type":"movie","DVD":"21 Mar 1990","BoxOffice":"N/A","Production":"Mediacom Filmworks","Website":"N/A","Response":"True"}