{"Title":"Grateful Dead","Year":"1995","Rated":"G","Released":"N/A","Runtime":"10 min","Genre":"Documentary, Short, Music","Director":"Paul McCartney","Writer":"N/A","Actors":"N/A","Plot":"A series of still photographs taken by 'Linda McCartney' of the Grateful Dead at the Dead's house in Haight-Ashbury and at a concert in Central Park, both in the early days of the band. ...","Language":"English","Country":"UK","Awards":"N/A","Poster":"N/A","Ratings":[{"Source":"Internet Movie Database","Value":"7.3/10"}],"Metascore":"N/A","imdbRating":"7.3","imdbVotes":"19","imdbID":"tt0113212","Type":"movie","DVD":"N/A","BoxOffice":"N/A","Production":"N/A","Website":"N/A","Response":"True"}