{"Title":"Murder at 1600","Year":"1997","Rated":"R","Released":"18 Apr 1997","Runtime":"107 min","Genre":"Action, Crime, Drama","Director":"Dwight H. Little","Writer":"Wayne Beach, David Hodgin","Actors":"Wesley Snipes, Diane Lane, Daniel Benzali, Dennis Miller","Plot":"A 25 year old female White House staffer, Carla Town, is murdered in the White House. D.C. homicide detective Regis is assigned to investigate, only to find evidence suppressed by the ...","Language":"English","Country":"USA","Awards":"N/A","Poster":"https://images-na.ssl-images-amazon.com/images/M/MV5BN2EyYTAyNjAtNGQ3MC00NTE0LThmNGItN2Q4MWY2YzMyYzczXkEyXkFqcGdeQXVyNDk3NzU2MTQ@._V1_SX300.jpg","Ratings":[{"Source":"Internet Movie Database","Value":"6.1/10"},{"Source":"Rotten Tomatoes","Value":"34%"},{"Source":"Metacritic","Value":"47/100"}],"Metascore":"47","imdbRating":"6.1","imdbVotes":"24,285","imdbID":"tt0119731","Type":"movie","DVD":"28 Aug 1997","BoxOffice":"N/A","Production":"Warner Home Video","Website":"N/A","Response":"True"}