{"Title":"Inside","Year":"1996","Rated":"R","Released":"25 Aug 1996","Runtime":"94 min","Genre":"Crime, Drama","Director":"Arthur Penn","Writer":"Bima Stagg","Actors":"Nigel Hawthorne, Eric Stoltz, Louis Gossett Jr., Ian Roberts","Plot":"A South Afrikaan political prisoner is tortured to obtain information on apartheid conspirators. Ten years later, the head officer in charge of the questioning is similarly held as prisoner...","Language":"German, English","Country":"USA","Awards":"1 win & 2 nominations.","Poster":"http://ia.media-imdb.com/images/M/MV5BMTI3ODkzNzkyN15BMl5BanBnXkFtZTcwMjY0MTMyMQ@@._V1_SX300.jpg","Ratings":[{"Source":"Internet Movie Database","Value":"6.6/10"}],"Metascore":"N/A","imdbRating":"6.6","imdbVotes":"235","imdbID":"tt0116640","Type":"movie","DVD":"26 Dec 2000","BoxOffice":"N/A","Production":"Evergreen","Website":"N/A","Response":"True"}