{"Title":"Fierce Creatures","Year":"1997","Rated":"PG-13","Released":"24 Jan 1997","Runtime":"93 min","Genre":"Comedy","Director":"Fred Schepisi, Robert Young","Writer":"John Cleese, Iain Johnstone, Terry Jones (idea for \"The Fierce Animal Policy\"), Michael Palin (idea for \"The Fierce Animal Policy\")","Actors":"John Cleese, Jamie Lee Curtis, Kevin Kline, Michael Palin","Plot":"Zookeepers struggle to deal with the policies of changing directors.","Language":"English","Country":"UK, USA","Awards":"N/A","Poster":"https://images-na.ssl-images-amazon.com/images/M/MV5BMTA5OTAzMDI1MzBeQTJeQWpwZ15BbWU3MDYzODE4MjE@._V1_SX300.jpg","Ratings":[{"Source":"Internet Movie Database","Value":"6.4/10"},{"Source":"Rotten Tomatoes","Value":"53%"},{"Source":"Metacritic","Value":"62/100"}],"Metascore":"62","imdbRating":"6.4","imdbVotes":"20,043","imdbID":"tt0119115","Type":"movie","DVD":"20 Jan 1998","BoxOffice":"N/A","Production":"MCA Universal Home Video","Website":"N/A","Response":"True"}