{"Title":"Zeus and Roxanne","Year":"1997","Rated":"PG","Released":"24 Jan 1997","Runtime":"98 min","Genre":"Adventure, Comedy, Family","Director":"George Miller","Writer":"Tom Benedek","Actors":"Steve Guttenberg, Kathleen Quinlan, Arnold Vosloo, Dawn McMillan","Plot":"Mary Beth is a marine biologist that gets annoyed when a dog called Zeus stows aboard her research boat. Nevertheless she is intrigued when the intrusive canine makes best-friends with her ...","Language":"English","Country":"USA","Awards":"N/A","Poster":"https://images-na.ssl-images-amazon.com/images/M/MV5BNzE0NDg4NzkzMV5BMl5BanBnXkFtZTcwMzYzOTAwMQ@@._V1_SX300.jpg","Ratings":[{"Source":"Internet Movie Database","Value":"5.2/10"},{"Source":"Rotten Tomatoes","Value":"50%"}],"Metascore":"N/A","imdbRating":"5.2","imdbVotes":"2,371","imdbID":"tt0120550","Type":"movie","DVD":"07 Aug 2001","BoxOffice":"N/A","Production":"HBO Video","Website":"N/A","Response":"True"}