{"Title":"Turbulence","Year":"1997","Rated":"R","Released":"10 Jan 1997","Runtime":"100 min","Genre":"Action, Thriller","Director":"Robert Butler","Writer":"Jonathan Brett","Actors":"Ray Liotta, Lauren Holly, Brendan Gleeson, Hector Elizondo","Plot":"After a shootout on a flight transporting prisoners, a stewardess must outwit a smooth-talking serial killer and land the plane herself.","Language":"English","Country":"USA","Awards":"4 nominations.","Poster":"https://images-na.ssl-images-amazon.com/images/M/MV5BMTczNTA2Nzc0Ml5BMl5BanBnXkFtZTcwMTAwMTUyMQ@@._V1_SX300.jpg","Ratings":[{"Source":"Internet Movie Database","Value":"4.8/10"},{"Source":"Rotten Tomatoes","Value":"17%"}],"Metascore":"N/A","imdbRating":"4.8","imdbVotes":"9,217","imdbID":"tt0120390","Type":"movie","DVD":"24 Dec 1997","BoxOffice":"N/A","Production":"HBO Video","Website":"N/A","Response":"True"}