{"Title":"Angel Baby","Year":"1995","Rated":"R","Released":"24 Jan 1997","Runtime":"105 min","Genre":"Drama, Romance","Director":"Michael Rymer","Writer":"Michael Rymer","Actors":"John Lynch, Jacqueline McKenzie, Colin Friels, Deborra-Lee Furness","Plot":"Two schizophrenics meet during therapy and fall passionately in love. Ahead of them lies the inevitable road to disaster - one they share to the end.","Language":"English","Country":"Australia","Awards":"12 wins.","Poster":"https://images-na.ssl-images-amazon.com/images/M/MV5BMjAwMDkzNTU5Ml5BMl5BanBnXkFtZTcwMTkzMTMyMQ@@._V1_SX300.jpg","Ratings":[{"Source":"Internet Movie Database","Value":"7.2/10"}],"Metascore":"N/A","imdbRating":"7.2","imdbVotes":"1,180","imdbID":"tt0112362","Type":"movie","DVD":"N/A","BoxOffice":"N/A","Production":"N/A","Website":"N/A","Response":"True"}