{"Title":"Gospa","Year":"1995","Rated":"PG","Released":"13 Oct 1995","Runtime":"125 min","Genre":"Drama","Director":"Jakov Sedlar","Writer":"Ivan Aralica, Paul Gronseth, Barry Morrow","Actors":"Martin Sheen, Michael York, Morgan Fairchild, Paul Guilfoyle","Plot":"In 1981 in Medjugorje (BA), a group of kids claim that Virgin Mary appeared to them on a hill. The local priest believes them and spreads the word. Religious tourism blossoms. The communist government is concerned and arrests the priest.","Language":"Serbo-Croatian, Croatian, English","Country":"Croatia, Canada, USA","Awards":"1 win.","Poster":"https://images-na.ssl-images-amazon.com/images/M/MV5BOTdkOGMzN2EtM2JkYi00YTNjLTlhNjAtYjVkZWRjYWVmNjI5XkEyXkFqcGdeQXVyNjU4NzAyNjg@._V1_SX300.jpg","Ratings":[{"Source":"Internet Movie Database","Value":"5.1/10"}],"Metascore":"N/A","imdbRating":"5.1","imdbVotes":"297","imdbID":"tt0113200","Type":"movie","DVD":"N/A","BoxOffice":"N/A","Production":"N/A","Website":"N/A","Response":"True"}