{"Title":"Underworld","Year":"1997","Rated":"N/A","Released":"04 Nov 1997","Runtime":"50 min","Genre":"Comedy, Drama, Thriller","Director":"N/A","Writer":"N/A","Actors":"James Fleet, Susan Wooldridge, Mike Reid, Camilla Power","Plot":"William Smith, a middle-class school teacher from a suburb in London, returns home one day to find his wife Gilda has run off with her boyfriend and taken all his possessions with her. With...","Language":"English","Country":"UK","Awards":"1 win.","Poster":"N/A","Metascore":"N/A","imdbRating":"8.7","imdbVotes":"68","imdbID":"tt0163964","Type":"series","totalSeasons":"N/A","Response":"True"}