{"Title":"The Stranger: The Terror Game","Year":"1994","Rated":"N/A","Released":"N/A","Runtime":"50 min","Genre":"Sci-Fi, Thriller","Director":"Bill Baggs","Writer":"Nicholas Briggs","Actors":"Colin Baker, Louise Jameson, David Troughton, John Wadmore","Plot":"The Stranger (Colin Baker) arrives on Earth with no memory of who he is or why he's there. However, two men on a secret mission seem to know his identity and the owner of a local bar/club ...","Language":"English","Country":"UK","Awards":"N/A","Poster":"N/A","Ratings":[{"Source":"Internet Movie Database","Value":"6.6/10"}],"Metascore":"N/A","imdbRating":"6.6","imdbVotes":"18","imdbID":"tt0282200","Type":"movie","DVD":"01 Jan 1994","BoxOffice":"N/A","Production":"N/A","Website":"N/A","Response":"True"}