{"Title":"Falling in Love Again","Year":"1980","Rated":"PG","Released":"23 Feb 1984","Runtime":"103 min","Genre":"Drama, Romance","Director":"Steven Paul","Writer":"Steven Paul (screenplay), Ted Allan (screenplay), Susannah York (screenplay), Steven Paul (story), Hank Paul (story)","Actors":"Elliott Gould, Susannah York, Kaye Ballard, Stuart Paul","Plot":"Harry and Sue Lewis met in the 40es as teenagers living in the Bronx. He was an aspiring architect, she was the most beautiful girl in school, and both had a fondness for bran muffins. They...","Language":"English","Country":"USA","Awards":"N/A","Poster":"https://images-na.ssl-images-amazon.com/images/M/MV5BMTc2Mjk0NDYzNl5BMl5BanBnXkFtZTcwMzgyNDgxMQ@@._V1_SX300.jpg","Ratings":[{"Source":"Internet Movie Database","Value":"5.3/10"}],"Metascore":"N/A","imdbRating":"5.3","imdbVotes":"284","imdbID":"tt0080714","Type":"movie","DVD":"07 Nov 2000","BoxOffice":"N/A","Production":"Simitar","Website":"N/A","Response":"True"}