{"Title":"The Cement Garden","Year":"1993","Rated":"NOT RATED","Released":"11 Feb 1994","Runtime":"101 min","Genre":"Drama","Director":"Andrew Birkin","Writer":"Andrew Birkin, Ian McEwan (novel)","Actors":"Andrew Robertson, Charlotte Gainsbourg, Alice Coulthard, Ned Birkin","Plot":"Four children try to hold things together and play a family in their isolated prefab house after the death of their parents. As they begin to deteriorate mentally, they hide their mom's festering corpse in a makeshift concrete sarcophagus.","Language":"English","Country":"France, Germany, UK","Awards":"2 wins & 3 nominations.","Poster":"https://images-na.ssl-images-amazon.com/images/M/MV5BMTAxMTQwNTE3NTBeQTJeQWpwZ15BbWU3MDIxMzQzMzE@._V1_SX300.jpg","Ratings":[{"Source":"Internet Movie Database","Value":"7.2/10"}],"Metascore":"N/A","imdbRating":"7.2","imdbVotes":"3,730","imdbID":"tt0106535","Type":"movie","DVD":"30 Mar 2004","BoxOffice":"N/A","Production":"N/A","Website":"N/A","Response":"True"}