{"Title":"Meet Wally Sparks","Year":"1997","Rated":"R","Released":"31 Jan 1997","Runtime":"105 min","Genre":"Comedy","Director":"Peter Baldwin","Writer":"Harry Basil (story), Rodney Dangerfield (screenplay), Harry Basil (screenplay)","Actors":"Rodney Dangerfield, Debi Mazar, David Ogden Stiers, Burt Reynolds","Plot":"Wally Sparks is a tabloid TV show reporter who's trying to boost ratings on his show. He goes to the governor's mansion to uncover a sex scandal.","Language":"English","Country":"USA, Japan","Awards":"N/A","Poster":"https://images-na.ssl-images-amazon.com/images/M/MV5BMTM2MjM0NjA3NV5BMl5BanBnXkFtZTcwOTYxNzIyMQ@@._V1_SX300.jpg","Ratings":[{"Source":"Internet Movie Database","Value":"5.2/10"},{"Source":"Rotten Tomatoes","Value":"14%"}],"Metascore":"N/A","imdbRating":"5.2","imdbVotes":"2,537","imdbID":"tt0119644","Type":"movie","DVD":"20 Sep 1999","BoxOffice":"N/A","Production":"Trimark","Website":"N/A","Response":"True"}