{"Title":"The Brothers McMullen","Year":"1995","Rated":"R","Released":"09 Aug 1995","Runtime":"98 min","Genre":"Comedy, Drama, Romance","Director":"Edward Burns","Writer":"Edward Burns","Actors":"Shari Albert, Maxine Bahns, Catharine Bolz, Connie Britton","Plot":"Three Irish Catholic brothers from Long Island struggle to deal with love, marriage, and infidelity.","Language":"English","Country":"USA","Awards":"4 wins & 1 nomination.","Poster":"https://images-na.ssl-images-amazon.com/images/M/MV5BMTIwODk3MDU5N15BMl5BanBnXkFtZTcwMTE2NTYyMQ@@._V1_SX300.jpg","Ratings":[{"Source":"Internet Movie Database","Value":"6.6/10"},{"Source":"Rotten Tomatoes","Value":"91%"},{"Source":"Metacritic","Value":"73/100"}],"Metascore":"73","imdbRating":"6.6","imdbVotes":"6,448","imdbID":"tt0112585","Type":"movie","DVD":"03 Oct 2000","BoxOffice":"N/A","Production":"Twentieth Century Fox Home Entertainment","Website":"N/A","Response":"True"}