{"Title":"Amos & Andrew","Year":"1993","Rated":"PG-13","Released":"05 Mar 1993","Runtime":"96 min","Genre":"Comedy, Crime","Director":"E. Max Frye","Writer":"E. Max Frye","Actors":"Samuel L. Jackson, Michael Lerner, Margaret Colin, Nicolas Cage","Plot":"When Andrew Sterling, a successful black urbanite writer buys a vacation home on a resort in New England the police mistake him for a burglar. After surrounding his home with armed men, ...","Language":"English, Spanish","Country":"USA","Awards":"N/A","Poster":"https://images-na.ssl-images-amazon.com/images/M/MV5BMjEzMTQ5NDI5Ml5BMl5BanBnXkFtZTYwMzk4MDA5._V1_SX300.jpg","Ratings":[{"Source":"Internet Movie Database","Value":"5.5/10"},{"Source":"Rotten Tomatoes","Value":"21%"}],"Metascore":"N/A","imdbRating":"5.5","imdbVotes":"7,458","imdbID":"tt0106266","Type":"movie","DVD":"22 May 2001","BoxOffice":"N/A","Production":"Sony Pictures Home Entertainment","Website":"N/A","Response":"True"}