{"Title":"Benny & Joon","Year":"1993","Rated":"PG","Released":"23 Apr 1993","Runtime":"98 min","Genre":"Comedy, Drama, Romance","Director":"Jeremiah S. Chechik","Writer":"Barry Berman (story), Lesley McNeil (story), Barry Berman (screenplay)","Actors":"Johnny Depp, Mary Stuart Masterson, Aidan Quinn, Julianne Moore","Plot":"A mentally ill young woman finds her love in an eccentric man who models himself after Buster Keaton.","Language":"English","Country":"USA","Awards":"Nominated for 1 Golden Globe. Another 3 nominations.","Poster":"https://images-na.ssl-images-amazon.com/images/M/MV5BMTUwMzkyNjIzMl5BMl5BanBnXkFtZTcwMDMyNDcyNA@@._V1_SX300.jpg","Ratings":[{"Source":"Internet Movie Database","Value":"7.2/10"},{"Source":"Rotten Tomatoes","Value":"75%"}],"Metascore":"N/A","imdbRating":"7.2","imdbVotes":"47,419","imdbID":"tt0106387","Type":"movie","DVD":"09 Jan 2001","BoxOffice":"N/A","Production":"MGM Home Entertainment","Website":"N/A","Response":"True"}