{"Title":"Prefontaine","Year":"1997","Rated":"PG-13","Released":"24 Jan 1997","Runtime":"106 min","Genre":"Biography, Drama, Romance","Director":"Steve James","Writer":"Steve James, Eugene Corr","Actors":"Jared Leto, R. Lee Ermey, Ed O'Neill, Breckin Meyer","Plot":"Based on the life of Olympic hopeful Steve Prefontaine, a long distance runner who lived in Oregon and died young","Language":"English","Country":"USA","Awards":"N/A","Poster":"https://images-na.ssl-images-amazon.com/images/M/MV5BMTk2MzE0NjQ0Nl5BMl5BanBnXkFtZTcwMzUxMjkxMQ@@._V1_SX300.jpg","Ratings":[{"Source":"Internet Movie Database","Value":"6.8/10"},{"Source":"Rotten Tomatoes","Value":"59%"},{"Source":"Metacritic","Value":"56/100"}],"Metascore":"56","imdbRating":"6.8","imdbVotes":"5,952","imdbID":"tt0119937","Type":"movie","DVD":"03 Sep 2002","BoxOffice":"N/A","Production":"Hollywood Pictures","Website":"N/A","Response":"True"}