{"Title":"A Tickle in the Heart","Year":"1996","Rated":"N/A","Released":"23 Jan 1997","Runtime":"90 min","Genre":"Documentary, Music","Director":"Stefan Schwietert","Writer":"Thomas Kufus, Stefan Schwietert","Actors":"Julius Epstein, Max Epstein, William Epstein, Gary Lawrence","Plot":"Captures the past, present, and future of the remarkable Epstein brothers - Max, Julie and Willie - Klezmer music legends on a joyous international comeback tour.","Language":"English, Yiddish","Country":"Germany, Switzerland","Awards":"3 wins.","Poster":"https://images-na.ssl-images-amazon.com/images/M/MV5BMTc2NDg0NDM1OV5BMl5BanBnXkFtZTcwNTA2NTYyMQ@@._V1_SX300.jpg","Ratings":[{"Source":"Internet Movie Database","Value":"8.1/10"}],"Metascore":"N/A","imdbRating":"8.1","imdbVotes":"73","imdbID":"tt0117907","Type":"movie","DVD":"10 Mar 1998","BoxOffice":"N/A","Production":"N/A","Website":"N/A","Response":"True"}