{"Title":"McHale's Navy","Year":"1997","Rated":"PG","Released":"18 Apr 1997","Runtime":"108 min","Genre":"Action, Comedy","Director":"Bryan Spicer","Writer":"Peter Crabbe (story), Andy Rose (story), Peter Crabbe (screenplay)","Actors":"Tom Arnold, Dean Stockwell, Debra Messing, David Alan Grier","Plot":"Retired Lieutenant Commander Quinton McHale spends his days puttering around the Caribbean in the old PT-73 selling homebrew, ice cream, and swimsuit calendars. He's brought out of ...","Language":"English","Country":"USA","Awards":"1 win & 1 nomination.","Poster":"https://images-na.ssl-images-amazon.com/images/M/MV5BMjE3MzEzODMxM15BMl5BanBnXkFtZTcwNjg4ODAwMQ@@._V1_SX300.jpg","Ratings":[{"Source":"Internet Movie Database","Value":"4.4/10"},{"Source":"Rotten Tomatoes","Value":"3%"}],"Metascore":"N/A","imdbRating":"4.4","imdbVotes":"5,640","imdbID":"tt0119640","Type":"movie","DVD":"03 Jun 2003","BoxOffice":"N/A","Production":"Universal Pictures","Website":"N/A","Response":"True"}