{"Title":"Kolya","Year":"1996","Rated":"PG-13","Released":"24 Jan 1997","Runtime":"105 min","Genre":"Comedy, Drama, Music","Director":"Jan Sverák","Writer":"Pavel Taussig (story), Zdenek Sverák (screenplay)","Actors":"Zdenek Sverák, Andrey Khalimon, Libuse Safránková, Ondrej Vetchý","Plot":"Franta Louka is a concert cellist in Soviet-occupied Czechoslovakia, a confirmed bachelor and a lady's man. Having lost his place in the state orchestra, he must make ends meet by playing ...","Language":"Czech, Russian, Slovak","Country":"Czech Republic, UK, France","Awards":"Won 1 Oscar. Another 20 wins & 12 nominations.","Poster":"https://images-na.ssl-images-amazon.com/images/M/MV5BMTcwNTAyMTE1Nl5BMl5BanBnXkFtZTcwMzk4NTgxMQ@@._V1_SX300.jpg","Ratings":[{"Source":"Internet Movie Database","Value":"7.8/10"},{"Source":"Rotten Tomatoes","Value":"96%"}],"Metascore":"N/A","imdbRating":"7.8","imdbVotes":"12,616","imdbID":"tt0116790","Type":"movie","DVD":"02 Jul 2002","BoxOffice":"N/A","Production":"Miramax","Website":"N/A","Response":"True"}