{"Title":"Gridlock'd","Year":"1997","Rated":"R","Released":"29 Jan 1997","Runtime":"91 min","Genre":"Comedy, Crime, Drama","Director":"Vondie Curtis-Hall","Writer":"Vondie Curtis-Hall","Actors":"Tupac Shakur, Tim Roth, Thandie Newton, Charles Fleischer","Plot":"After a friend overdoses, Spoon and Stretch decide to kick their drug habits and attempt to enroll in a government detox program. Their efforts are hampered by seemingly endless red tape, ...","Language":"English","Country":"USA","Awards":"2 wins & 1 nomination.","Poster":"https://images-na.ssl-images-amazon.com/images/M/MV5BMjA3OTQ5OTMwM15BMl5BanBnXkFtZTcwODI4MTU1MQ@@._V1_SX300.jpg","Ratings":[{"Source":"Internet Movie Database","Value":"7.0/10"},{"Source":"Rotten Tomatoes","Value":"88%"}],"Metascore":"N/A","imdbRating":"7.0","imdbVotes":"12,122","imdbID":"tt0119225","Type":"movie","DVD":"10 Dec 1997","BoxOffice":"N/A","Production":"Gramercy Pictures","Website":"N/A","Response":"True"}