{"Title":"Fire on the Mountain","Year":"1996","Rated":"N/A","Released":"29 Nov 1996","Runtime":"72 min","Genre":"Documentary","Director":"Beth Gage, George Gage","Writer":"Beth Gage","Actors":"Jerry Archbold, Fritz Benedict, Bill Bowerman, Ralph Bromighin","Plot":"A documentary film about the exploits of the Tenth Mountain Division, an elite group of mountain soldiers who fought decisive battles against the Nazis in the Italian Alps during the final ...","Language":"English","Country":"USA","Awards":"1 nomination.","Poster":"https://images-na.ssl-images-amazon.com/images/M/MV5BMTI1OTk5MjQyM15BMl5BanBnXkFtZTcwOTM5NzEyMQ@@._V1_SX300.jpg","Ratings":[{"Source":"Internet Movie Database","Value":"7.3/10"}],"Metascore":"N/A","imdbRating":"7.3","imdbVotes":"41","imdbID":"tt0116310","Type":"movie","DVD":"22 Apr 2003","BoxOffice":"N/A","Production":"Gage & Gage","Website":"N/A","Response":"True"}