{"Title":"Waiting for Guffman","Year":"1996","Rated":"R","Released":"31 Jan 1997","Runtime":"84 min","Genre":"Comedy","Director":"Christopher Guest","Writer":"Christopher Guest, Eugene Levy","Actors":"Deborah Theaker, Michael Hitchcock, Scott Williamson, Larry Miller","Plot":"An aspiring director and the marginally talented amateur cast of a hokey small-town Missouri musical production go overboard when they learn that someone from Broadway will be in attendance.","Language":"English","Country":"USA","Awards":"2 wins & 3 nominations.","Poster":"https://images-na.ssl-images-amazon.com/images/M/MV5BMTY5ODAzMDA4NF5BMl5BanBnXkFtZTcwNjc0MTkxMQ@@._V1_SX300.jpg","Ratings":[{"Source":"Internet Movie Database","Value":"7.6/10"},{"Source":"Rotten Tomatoes","Value":"91%"},{"Source":"Metacritic","Value":"71/100"}],"Metascore":"71","imdbRating":"7.6","imdbVotes":"23,043","imdbID":"tt0118111","Type":"movie","DVD":"21 Aug 2001","BoxOffice":"N/A","Production":"Sony Pictures Classics","Website":"N/A","Response":"True"}