{"Title":"Bad Boys","Year":"1995","Rated":"R","Released":"07 Apr 1995","Runtime":"119 min","Genre":"Action, Comedy, Crime","Director":"Michael Bay","Writer":"George Gallo (story), Michael Barrie (screenplay), Jim Mulholland (screenplay), Doug Richardson (screenplay)","Actors":"Lisa Boyle, Will Smith, Martin Lawrence, Michael Taliferro","Plot":"Two hip detectives protect a murder witness while investigating a case of stolen heroin.","Language":"English","Country":"USA","Awards":"1 win & 3 nominations.","Poster":"https://images-na.ssl-images-amazon.com/images/M/MV5BMTY4NDk1NTU5NF5BMl5BanBnXkFtZTcwMjE2NDU2MQ@@._V1_SX300.jpg","Ratings":[{"Source":"Internet Movie Database","Value":"6.8/10"},{"Source":"Rotten Tomatoes","Value":"43%"},{"Source":"Metacritic","Value":"41/100"}],"Metascore":"41","imdbRating":"6.8","imdbVotes":"180,791","imdbID":"tt0112442","Type":"movie","DVD":"27 Jun 2000","BoxOffice":"N/A","Production":"Sony Pictures Home Entertainment","Website":"http://30for30.espn.com/","Response":"True"}