{"Title":"Prisoner of the Mountains","Year":"1996","Rated":"R","Released":"31 Jan 1997","Runtime":"99 min","Genre":"Drama, War","Director":"Sergei Bodrov","Writer":"Arif Aliev, Sergei Bodrov, Boris Giller","Actors":"Oleg Menshikov, Sergey Bodrov, Jemal Sikharulidze, Susanna Mekhraliyeva","Plot":"Two Russian soldiers, one battle-seasoned and the other barely into his boots and uniform, are taken prisoner by an anxious Islamic father from a remote village hoping to trade them for his captured son.","Language":"Russian, Turkish, Georgian, Chechen","Country":"Russia, Kazakhstan","Awards":"Nominated for 1 Oscar. Another 12 wins & 4 nominations.","Poster":"https://images-na.ssl-images-amazon.com/images/M/MV5BMjIxOTM1OTM3MF5BMl5BanBnXkFtZTcwMjQ0Mjk3OA@@._V1_SX300.jpg","Ratings":[{"Source":"Internet Movie Database","Value":"7.7/10"},{"Source":"Rotten Tomatoes","Value":"88%"}],"Metascore":"N/A","imdbRating":"7.7","imdbVotes":"3,538","imdbID":"tt0116754","Type":"movie","DVD":"01 Jul 2003","BoxOffice":"N/A","Production":"Caravan Pictures","Website":"N/A","Response":"True"}