{"Title":"The Beautician and the Beast","Year":"1997","Rated":"PG","Released":"07 Feb 1997","Runtime":"105 min","Genre":"Comedy, Romance","Director":"Ken Kwapis","Writer":"Todd Graff","Actors":"Fran Drescher, Timothy Dalton, Ian McNeice, Patrick Malahide","Plot":"A New York cosmetologist mistakenly thought to be a science teacher is offered a job to teach the children of an Eastern European dictator.","Language":"English","Country":"USA","Awards":"1 nomination.","Poster":"https://images-na.ssl-images-amazon.com/images/M/MV5BMzE5Njc5MjMxN15BMl5BanBnXkFtZTcwNjI0MDAwMQ@@._V1_SX300.jpg","Ratings":[{"Source":"Internet Movie Database","Value":"5.3/10"},{"Source":"Rotten Tomatoes","Value":"16%"}],"Metascore":"N/A","imdbRating":"5.3","imdbVotes":"6,872","imdbID":"tt0118691","Type":"movie","DVD":"24 Jun 2003","BoxOffice":"N/A","Production":"Paramount Home Video","Website":"N/A","Response":"True"}