{"Title":"Hotel de Love","Year":"1996","Rated":"R","Released":"07 Feb 1997","Runtime":"96 min","Genre":"Comedy, Drama, Romance","Director":"Craig Rosenberg","Writer":"Craig Rosenberg","Actors":"Aden Young, Saffron Burrows, Simon Bossell, Pippa Grandison","Plot":"Twin brothers meet a childhood sweetheart at a tacky hotel and rediscover their love as they renew their competition for her affection.","Language":"English, French","Country":"Australia","Awards":"N/A","Poster":"http://ia.media-imdb.com/images/M/MV5BMTI2OTA0MzE0NF5BMl5BanBnXkFtZTcwMjA2NjEyMQ@@._V1_SX300.jpg","Ratings":[{"Source":"Internet Movie Database","Value":"6.4/10"},{"Source":"Rotten Tomatoes","Value":"25%"},{"Source":"Metacritic","Value":"47/100"}],"Metascore":"47","imdbRating":"6.4","imdbVotes":"564","imdbID":"tt0116565","Type":"movie","DVD":"17 Jun 1997","BoxOffice":"N/A","Production":"Warner Elektra Atlantic","Website":"N/A","Response":"True"}