{"Title":"The Pest","Year":"1997","Rated":"PG-13","Released":"07 Feb 1997","Runtime":"84 min","Genre":"Comedy","Director":"Paul Miller","Writer":"David Bar Katz (story), John Leguizamo (story), David Bar Katz (screenplay)","Actors":"John Leguizamo, Jeffrey Jones, Freddy Rodríguez, Pat Skipper","Plot":"A Miami con man agrees to be the human target for a Neo-Nazi manhunter, in order to collect $50,000 if he survives.","Language":"English","Country":"USA","Awards":"N/A","Poster":"https://images-na.ssl-images-amazon.com/images/M/MV5BMjE4NjYzOTMzNF5BMl5BanBnXkFtZTYwMTU1NTk4._V1_SX300.jpg","Ratings":[{"Source":"Internet Movie Database","Value":"5.0/10"},{"Source":"Rotten Tomatoes","Value":"9%"}],"Metascore":"N/A","imdbRating":"5.0","imdbVotes":"6,904","imdbID":"tt0119887","Type":"movie","DVD":"13 Jun 2000","BoxOffice":"N/A","Production":"Sony Pictures Home Entertainment","Website":"N/A","Response":"True"}