{"Title":"Fools Rush In","Year":"1997","Rated":"PG-13","Released":"14 Feb 1997","Runtime":"109 min","Genre":"Comedy, Drama, Romance","Director":"Andy Tennant","Writer":"Joan Taylor (story), Katherine Reback (story), Katherine Reback (screenplay)","Actors":"Matthew Perry, Salma Hayek, Jon Tenney, Carlos Gómez","Plot":"After a one night stand with Alex, Isabel realizes that she is pregnant and they decide to get married. However, along with the marriage comes compromise of one's own cultural traditions.","Language":"English, Spanish","Country":"USA","Awards":"2 nominations.","Poster":"https://images-na.ssl-images-amazon.com/images/M/MV5BMTk0NDQyODM3MF5BMl5BanBnXkFtZTcwMjc1NTkxMQ@@._V1_SX300.jpg","Ratings":[{"Source":"Internet Movie Database","Value":"6.0/10"},{"Source":"Rotten Tomatoes","Value":"33%"},{"Source":"Metacritic","Value":"37/100"}],"Metascore":"37","imdbRating":"6.0","imdbVotes":"28,292","imdbID":"tt0119141","Type":"movie","DVD":"10 Feb 1998","BoxOffice":"N/A","Production":"Sony Pictures Home Entertainment","Website":"N/A","Response":"True"}