{"Title":"Touch","Year":"1997","Rated":"R","Released":"14 Feb 1997","Runtime":"96 min","Genre":"Comedy, Drama, Romance","Director":"Paul Schrader","Writer":"Elmore Leonard (novel), Paul Schrader (screenplay)","Actors":"LL Cool J, Gina Gershon, Conchata Ferrell, John Doe","Plot":"When Juvenal, a presumed miracle worker, appears on the scene Bill Hill attempts to exploit him but his plans go astray with the untimely intervention of August Murray and the developing ...","Language":"English","Country":"USA","Awards":"3 nominations.","Poster":"https://images-na.ssl-images-amazon.com/images/M/MV5BMTIwMzE0OTU3Nl5BMl5BanBnXkFtZTcwNTI1OTEyMQ@@._V1_SX300.jpg","Ratings":[{"Source":"Internet Movie Database","Value":"5.7/10"},{"Source":"Rotten Tomatoes","Value":"33%"}],"Metascore":"N/A","imdbRating":"5.7","imdbVotes":"2,021","imdbID":"tt0120357","Type":"movie","DVD":"01 Mar 2005","BoxOffice":"N/A","Production":"United Artists","Website":"N/A","Response":"True"}