{"Title":"Absolute Power","Year":"1997","Rated":"R","Released":"14 Feb 1997","Runtime":"121 min","Genre":"Action, Crime, Drama","Director":"Clint Eastwood","Writer":"David Baldacci (book), William Goldman (screenplay)","Actors":"Clint Eastwood, Gene Hackman, Ed Harris, Laura Linney","Plot":"A career thief witnesses a horrific crime involving the U.S. President.","Language":"English, Spanish","Country":"USA","Awards":"1 nomination.","Poster":"https://images-na.ssl-images-amazon.com/images/M/MV5BNDFlNTZmOGYtYmE0ZC00OTE4LWI5YzctNmZmZDU3M2ZiMmI4XkEyXkFqcGdeQXVyNDk3NzU2MTQ@._V1_SX300.jpg","Ratings":[{"Source":"Internet Movie Database","Value":"6.7/10"},{"Source":"Rotten Tomatoes","Value":"45%"},{"Source":"Metacritic","Value":"52/100"}],"Metascore":"52","imdbRating":"6.7","imdbVotes":"41,088","imdbID":"tt0118548","Type":"movie","DVD":"08 Jul 1997","BoxOffice":"N/A","Production":"Warner Home Video","Website":"N/A","Response":"True"}