{"Title":"The Amazing Panda Adventure","Year":"1995","Rated":"PG","Released":"25 Aug 1995","Runtime":"84 min","Genre":"Family, Adventure, Drama","Director":"Christopher Cain","Writer":"John Wilcox (story), Steven Alldredge (story), Jeff Rothberg (screenplay), Laurice Elehwany (screenplay)","Actors":"Stephen Lang, Ryan Slater, Yi Ding, Wang Fei","Plot":"A young American boy visiting in China helps his zoologist father rescue a panda cub from unscrupulous poachers while his panda reserve is threatened with closure from officious bureaucrats.","Language":"English","Country":"USA","Awards":"3 nominations.","Poster":"https://images-na.ssl-images-amazon.com/images/M/MV5BNzM2MjM0MzI3OF5BMl5BanBnXkFtZTcwOTc2MDcxMQ@@._V1_SX300.jpg","Ratings":[{"Source":"Internet Movie Database","Value":"5.8/10"},{"Source":"Rotten Tomatoes","Value":"20%"}],"Metascore":"N/A","imdbRating":"5.8","imdbVotes":"3,212","imdbID":"tt0112342","Type":"movie","DVD":"03 Sep 2002","BoxOffice":"N/A","Production":"Warner Home Video","Website":"N/A","Response":"True"}