{"Title":"That Darn Cat","Year":"1997","Rated":"PG","Released":"14 Feb 1997","Runtime":"89 min","Genre":"Action, Comedy, Crime","Director":"Bob Spiers","Writer":"Gordon Gordon (novel), Mildred Gordon (novel), Gordon Gordon, Mildred Gordon, Bill Walsh, Scott Alexander (screenplay), Larry Karaszewski (screenplay)","Actors":"Christina Ricci, Doug E. Doug, Dean Jones, George Dzundza","Plot":"A maid is kidnapped and scratches a message onto D.C. the cat's collar and when his owner Patti discovers this, she plays amateur detective with the help of D.C. to try to find the culprits.","Language":"English","Country":"USA","Awards":"2 nominations.","Poster":"https://images-na.ssl-images-amazon.com/images/M/MV5BNjAxMjI0MTEtZDI4Yi00OWIzLTkxY2QtZDZhYTZkOGE4N2NiL2ltYWdlL2ltYWdlXkEyXkFqcGdeQXVyMTQxNzMzNDI@._V1_SX300.jpg","Ratings":[{"Source":"Internet Movie Database","Value":"4.6/10"},{"Source":"Rotten Tomatoes","Value":"13%"}],"Metascore":"N/A","imdbRating":"4.6","imdbVotes":"3,421","imdbID":"tt0120317","Type":"movie","DVD":"08 Mar 2005","BoxOffice":"N/A","Production":"Disney","Website":"N/A","Response":"True"}