{"Title":"Vegas Vacation","Year":"1997","Rated":"PG","Released":"14 Feb 1997","Runtime":"93 min","Genre":"Comedy","Director":"Stephen Kessler","Writer":"Elisa Bell (story), Bob Ducsay (story), Elisa Bell (screenplay)","Actors":"Chevy Chase, Beverly D'Angelo, Randy Quaid, Ethan Embry","Plot":"In the fourth outing for the vacation franchise, the Griswolds have to survive Vegas fever when they go to Las Vegas for a fun family vacation.","Language":"English","Country":"USA","Awards":"1 nomination.","Poster":"https://images-na.ssl-images-amazon.com/images/M/MV5BZTIwMWEwZmQtMjI1ZS00NDdmLTgwMGItNmFiOTk1ZWQ5NGZiXkEyXkFqcGdeQXVyMTQxNzMzNDI@._V1_SX300.jpg","Ratings":[{"Source":"Internet Movie Database","Value":"5.9/10"},{"Source":"Rotten Tomatoes","Value":"13%"},{"Source":"Metacritic","Value":"20/100"}],"Metascore":"20","imdbRating":"5.9","imdbVotes":"35,142","imdbID":"tt0120434","Type":"movie","DVD":"08 Jul 1998","BoxOffice":"N/A","Production":"WARNER BROTHERS PICTURES","Website":"N/A","Response":"True"}