{"Title":"Unforgotten: Twenty-Five Years After Willowbrook","Year":"1996","Rated":"N/A","Released":"14 Feb 1997","Runtime":"57 min","Genre":"Documentary","Director":"Jack Fisher","Writer":"Stuart Warmflash","Actors":"Danny Aiello, Geraldo Rivera","Plot":"It was a nightmare that shocked not only New York, but all of America. The public outcry about the Willowbrook State School for people with developmental disabilities resulted from Geraldo ...","Language":"English","Country":"USA","Awards":"1 win.","Poster":"https://images-na.ssl-images-amazon.com/images/M/MV5BMTIyNjg3Nzk4MV5BMl5BanBnXkFtZTcwMzE0NzU5MQ@@._V1_SX300.jpg","Ratings":[{"Source":"Internet Movie Database","Value":"6.6/10"}],"Metascore":"N/A","imdbRating":"6.6","imdbVotes":"74","imdbID":"tt0118042","Type":"movie","DVD":"30 Sep 2008","BoxOffice":"N/A","Production":"Screen Media","Website":"N/A","Response":"True"}