{"Title":"That Old Feeling","Year":"1997","Rated":"PG-13","Released":"04 Apr 1997","Runtime":"105 min","Genre":"Comedy, Romance","Director":"Carl Reiner","Writer":"Leslie Dixon","Actors":"Bette Midler, Dennis Farina, Paula Marshall, Gail O'Grady","Plot":"A bride's divorced parents find their old feelings for each other during the wedding reception and over the course of the next few days upsetting the newlywed's honeymoon.","Language":"English","Country":"USA","Awards":"2 nominations.","Poster":"https://images-na.ssl-images-amazon.com/images/M/MV5BNGUyY2NlOGItZDRjOC00NGI3LWE1NzUtYWNmMGFhNDc5OGU4XkEyXkFqcGdeQXVyNDk3NzU2MTQ@._V1_SX300.jpg","Ratings":[{"Source":"Internet Movie Database","Value":"6.1/10"},{"Source":"Rotten Tomatoes","Value":"43%"}],"Metascore":"N/A","imdbRating":"6.1","imdbVotes":"3,029","imdbID":"tt0120318","Type":"movie","DVD":"28 Apr 1998","BoxOffice":"N/A","Production":"MCA Universal Home Video","Website":"N/A","Response":"True"}