{"Title":"Lost Highway","Year":"1997","Rated":"R","Released":"21 Feb 1997","Runtime":"134 min","Genre":"Mystery, Thriller","Director":"David Lynch","Writer":"David Lynch, Barry Gifford","Actors":"Bill Pullman, Patricia Arquette, John Roselius, Louis Eppolito","Plot":"After a bizarre encounter at a party, a jazz saxophonist is framed for the murder of his wife and sent to prison, where he inexplicably morphs into a young mechanic and begins leading a new life.","Language":"English","Country":"France, USA","Awards":"1 win.","Poster":"https://images-na.ssl-images-amazon.com/images/M/MV5BYWUxOWY4NDctMDFmMS00ZTQwLWExMGEtODg0ZWNhOTE5NzZmXkEyXkFqcGdeQXVyMTQxNzMzNDI@._V1_SX300.jpg","Ratings":[{"Source":"Internet Movie Database","Value":"7.6/10"},{"Source":"Rotten Tomatoes","Value":"60%"},{"Source":"Metacritic","Value":"52/100"}],"Metascore":"52","imdbRating":"7.6","imdbVotes":"102,973","imdbID":"tt0116922","Type":"movie","DVD":"25 Mar 2008","BoxOffice":"N/A","Production":"Universal Pictures","Website":"N/A","Response":"True"}