{"Title":"Rosewood","Year":"1997","Rated":"R","Released":"21 Feb 1997","Runtime":"140 min","Genre":"Action, Drama, History","Director":"John Singleton","Writer":"Gregory Poirier","Actors":"Jon Voight, Ving Rhames, Don Cheadle, Bruce McGill","Plot":"A dramatization of a 1923 horrific racist lynch mob attack on an African American community.","Language":"English","Country":"USA","Awards":"3 wins & 10 nominations.","Poster":"https://images-na.ssl-images-amazon.com/images/M/MV5BMTIwOTA1NjA1OF5BMl5BanBnXkFtZTcwNjY4NTgxMQ@@._V1_SX300.jpg","Ratings":[{"Source":"Internet Movie Database","Value":"7.2/10"},{"Source":"Rotten Tomatoes","Value":"85%"},{"Source":"Metacritic","Value":"71/100"}],"Metascore":"71","imdbRating":"7.2","imdbVotes":"6,356","imdbID":"tt0120036","Type":"movie","DVD":"09 Sep 1997","BoxOffice":"N/A","Production":"Warner Home Video","Website":"N/A","Response":"True"}