{"Title":"Donnie Brasco","Year":"1997","Rated":"R","Released":"28 Feb 1997","Runtime":"127 min","Genre":"Biography, Crime, Drama","Director":"Mike Newell","Writer":"Joseph D. Pistone (book), Richard Woodley (book), Paul Attanasio (screenplay)","Actors":"Al Pacino, Johnny Depp, Michael Madsen, Bruno Kirby","Plot":"An FBI undercover agent infiltrates the mob and finds himself identifying more with the mafia life, at the expense of his regular one.","Language":"English, Italian, Japanese","Country":"USA","Awards":"Nominated for 1 Oscar. Another 2 wins & 14 nominations.","Poster":"https://images-na.ssl-images-amazon.com/images/M/MV5BYWQxOGQwY2QtMjcwMS00MDVhLTk3NDQtZjY0YzQ2OGRkNjlkXkEyXkFqcGdeQXVyMTQxNzMzNDI@._V1_SX300.jpg","Ratings":[{"Source":"Internet Movie Database","Value":"7.8/10"},{"Source":"Rotten Tomatoes","Value":"87%"},{"Source":"Metacritic","Value":"76/100"}],"Metascore":"76","imdbRating":"7.8","imdbVotes":"234,013","imdbID":"tt0119008","Type":"movie","DVD":"20 Jan 1998","BoxOffice":"N/A","Production":"TriStar","Website":"N/A","Response":"True"}