{"Title":"Booty Call","Year":"1997","Rated":"R","Released":"26 Feb 1997","Runtime":"79 min","Genre":"Comedy, Romance","Director":"Jeff Pollack","Writer":"Takashi Bufford, J. Stanford Parker","Actors":"Jamie Foxx, Tommy Davidson, Amy Monique Waddell, Wiley Moore","Plot":"Two friends who have gone too long without sex set out to get some.","Language":"English","Country":"USA","Awards":"N/A","Poster":"https://images-na.ssl-images-amazon.com/images/M/MV5BMTk2NTgwODY2M15BMl5BanBnXkFtZTYwNDk4OTE5._V1_SX300.jpg","Ratings":[{"Source":"Internet Movie Database","Value":"5.3/10"},{"Source":"Rotten Tomatoes","Value":"25%"},{"Source":"Metacritic","Value":"54/100"}],"Metascore":"54","imdbRating":"5.3","imdbVotes":"6,549","imdbID":"tt0118750","Type":"movie","DVD":"16 Jun 1998","BoxOffice":"N/A","Production":"Sony Pictures Home Entertainment","Website":"N/A","Response":"True"}