{"Title":"The Basketball Diaries","Year":"1995","Rated":"R","Released":"21 Apr 1995","Runtime":"102 min","Genre":"Biography, Crime, Drama","Director":"Scott Kalvert","Writer":"Jim Carroll (novel), Bryan Goluboff (screenplay)","Actors":"Leonardo DiCaprio, Lorraine Bracco, Marilyn Sokol, James Madio","Plot":"A teenager finds his dreams of becoming a basketball star threatened after he free falls into the harrowing world of drug addiction.","Language":"English","Country":"USA","Awards":"N/A","Poster":"https://images-na.ssl-images-amazon.com/images/M/MV5BMjdlNzQxZGUtZTg5YS00ODg2LTkxMzctMDAyNmEwM2YyZjA4XkEyXkFqcGdeQXVyMTQxNzMzNDI@._V1_SX300.jpg","Ratings":[{"Source":"Internet Movie Database","Value":"7.3/10"},{"Source":"Rotten Tomatoes","Value":"46%"},{"Source":"Metacritic","Value":"46/100"}],"Metascore":"46","imdbRating":"7.3","imdbVotes":"84,028","imdbID":"tt0112461","Type":"movie","DVD":"30 Jun 1998","BoxOffice":"N/A","Production":"PolyGram Video","Website":"N/A","Response":"True"}