{"Title":"Rhyme & Reason","Year":"1997","Rated":"R","Released":"05 Mar 1997","Runtime":"90 min","Genre":"Documentary, Music","Director":"Peter Spirer","Writer":"N/A","Actors":"B-Real, Kurtis Blow, Da Brat, Chuck D.","Plot":"A study in the world of hip-hop, done mostly with interviews, in order to see why it is as popular as it is today and what the future holds.","Language":"English","Country":"USA","Awards":"N/A","Poster":"https://images-na.ssl-images-amazon.com/images/M/MV5BMTI5MTgxODI0Nl5BMl5BanBnXkFtZTYwNzg3MDU5._V1_SX300.jpg","Ratings":[{"Source":"Internet Movie Database","Value":"7.5/10"},{"Source":"Rotten Tomatoes","Value":"60%"}],"Metascore":"N/A","imdbRating":"7.5","imdbVotes":"681","imdbID":"tt0120014","Type":"movie","DVD":"13 Feb 2001","BoxOffice":"N/A","Production":"Miramax","Website":"N/A","Response":"True"}