{"Title":"Boys Life 2","Year":"1997","Rated":"N/A","Released":"07 Mar 1997","Runtime":"74 min","Genre":"Drama","Director":"Mark Christopher, Tom DeCerchio, Tom Donaghy, Nickolas Perry","Writer":"Mark Christopher (segment), Tom DeCerchio (segment), Tom Donaghy (segment), Nickolas Perry (segment)","Actors":"Michael Saucedo, Justin Urich, Travis Sher, Milo Ventimiglia","Plot":"Compilation of four short films about homoerotic situations involving young men. Tom DeCerchio directed \"Nunzio's Second Cousin\", telling the story of a gay cop who forces a gay-basher to ...","Language":"English","Country":"USA","Awards":"N/A","Poster":"https://images-na.ssl-images-amazon.com/images/M/MV5BMTYxMTg5NDgwMV5BMl5BanBnXkFtZTcwNzA4NzgxMQ@@._V1_SX300.jpg","Ratings":[{"Source":"Internet Movie Database","Value":"6.8/10"},{"Source":"Rotten Tomatoes","Value":"80%"}],"Metascore":"N/A","imdbRating":"6.8","imdbVotes":"406","imdbID":"tt0118762","Type":"movie","DVD":"21 Sep 1999","BoxOffice":"N/A","Production":"Strand Releasing","Website":"N/A","Response":"True"}