{"Title":"City of Industry","Year":"1997","Rated":"R","Released":"14 Mar 1997","Runtime":"97 min","Genre":"Crime, Drama, Thriller","Director":"John Irvin","Writer":"Ken Solarz","Actors":"Harvey Keitel, Stephen Dorff, Timothy Hutton, Famke Janssen","Plot":"A retired thief swears revenge on the lunatic who murdered his brother and partner, while going on the run with the loot they stole.","Language":"English","Country":"USA","Awards":"1 nomination.","Poster":"https://images-na.ssl-images-amazon.com/images/M/MV5BMjA2MjI0MTQ1OF5BMl5BanBnXkFtZTcwMDAwMTYyMQ@@._V1_SX300.jpg","Ratings":[{"Source":"Internet Movie Database","Value":"6.2/10"},{"Source":"Rotten Tomatoes","Value":"43%"}],"Metascore":"N/A","imdbRating":"6.2","imdbVotes":"5,022","imdbID":"tt0118859","Type":"movie","DVD":"06 Feb 2001","BoxOffice":"N/A","Production":"Orion Home Video","Website":"N/A","Response":"True"}