{"Title":"Best Men","Year":"1997","Rated":"R","Released":"17 Oct 1997","Runtime":"90 min","Genre":"Action, Comedy, Crime","Director":"Tamra Davis","Writer":"Art Edler Brown, Tracy Fraim","Actors":"Dean Cain, Andy Dick, Sean Patrick Flanery, Mitchell Whitfield","Plot":"The film opens with 4 tuxedo clad men showing up at a penitentiary to meet a friend who has just been released after three years in prison and is going straight from the jail to marry his ...","Language":"English","Country":"USA, UK","Awards":"N/A","Poster":"https://images-na.ssl-images-amazon.com/images/M/MV5BMTkyNDg2NzM0N15BMl5BanBnXkFtZTcwMjEwMTAyMQ@@._V1_SX300.jpg","Ratings":[{"Source":"Internet Movie Database","Value":"5.7/10"},{"Source":"Rotten Tomatoes","Value":"13%"}],"Metascore":"N/A","imdbRating":"5.7","imdbVotes":"2,409","imdbID":"tt0118702","Type":"movie","DVD":"16 Apr 2002","BoxOffice":"N/A","Production":"Orion Home Video","Website":"N/A","Response":"True"}