{"Title":"Kama Sutra: A Tale of Love","Year":"1996","Rated":"R","Released":"28 Feb 1997","Runtime":"114 min","Genre":"Crime, Drama, History","Director":"Mira Nair","Writer":"Helena Kriel, Mira Nair, Wajida Tabassum (story \"Hand Me Downs\")","Actors":"Indira Varma, Sarita Choudhury, Ramon Tikaram, Naveen Andrews","Plot":"Two girlhood friends become sexual rivals at maturity.","Language":"English, Italian","Country":"USA, India, UK, Japan, Germany","Awards":"1 win & 1 nomination.","Poster":"https://images-na.ssl-images-amazon.com/images/M/MV5BNDY5Njc3OWMtYjQwNS00YzM0LTgxZTItNjVjZDk3MWQxYjEzL2ltYWdlL2ltYWdlXkEyXkFqcGdeQXVyNjQ2MjQ5NzM@._V1_SX300.jpg","Ratings":[{"Source":"Internet Movie Database","Value":"6.0/10"},{"Source":"Rotten Tomatoes","Value":"40%"}],"Metascore":"N/A","imdbRating":"6.0","imdbVotes":"8,595","imdbID":"tt0116743","Type":"movie","DVD":"26 May 1998","BoxOffice":"N/A","Production":"Trimark","Website":"N/A","Response":"True"}