{"Title":"Private Parts","Year":"1997","Rated":"R","Released":"07 Mar 1997","Runtime":"109 min","Genre":"Biography, Comedy, Drama","Director":"Betty Thomas","Writer":"Howard Stern (book), Len Blum (screenplay), Michael Kalesniko (screenplay)","Actors":"Howard Stern, Robin Quivers, Mary McCormack, Fred Norris","Plot":"The autobiographical story of Howard Stern, the radio rebel who is now also a TV personality, an author and a movie star.","Language":"English","Country":"USA","Awards":"2 wins & 3 nominations.","Poster":"https://images-na.ssl-images-amazon.com/images/M/MV5BMTgyODc5NDAyNF5BMl5BanBnXkFtZTYwMjQyMzM5._V1_SX300.jpg","Ratings":[{"Source":"Internet Movie Database","Value":"6.8/10"},{"Source":"Metacritic","Value":"67/100"}],"Metascore":"67","imdbRating":"6.8","imdbVotes":"30,292","imdbID":"tt0119951","Type":"movie","DVD":"04 Oct 2005","BoxOffice":"N/A","Production":"WARNER BROTHERS PICTURES","Website":"N/A","Response":"True"}