{"Title":"Love Jones","Year":"1997","Rated":"R","Released":"14 Mar 1997","Runtime":"104 min","Genre":"Drama, Romance","Director":"Theodore Witcher","Writer":"Theodore Witcher","Actors":"Larenz Tate, Nia Long, Isaiah Washington, Lisa Nicole Carson","Plot":"Darius Lovehall is a young black poet in Chicago who starts dating Nina Moseley, a beautiful and talented photographer. While trying to figure out if they've got a \"love thing\" or are just ...","Language":"English","Country":"USA","Awards":"2 wins & 7 nominations.","Poster":"https://images-na.ssl-images-amazon.com/images/M/MV5BMTY2NjYxMDczNV5BMl5BanBnXkFtZTcwODAwODAyMQ@@._V1_SX300.jpg","Ratings":[{"Source":"Internet Movie Database","Value":"7.4/10"},{"Source":"Rotten Tomatoes","Value":"67%"}],"Metascore":"N/A","imdbRating":"7.4","imdbVotes":"2,905","imdbID":"tt0119572","Type":"movie","DVD":"27 Jul 1999","BoxOffice":"N/A","Production":"New Line Home Entertainment","Website":"N/A","Response":"True"}