{"Title":"Smilla's Sense of Snow","Year":"1997","Rated":"R","Released":"28 Feb 1997","Runtime":"121 min","Genre":"Action, Drama, Sci-Fi","Director":"Bille August","Writer":"Peter Høeg (novel), Ann Biderman (screenplay)","Actors":"Ona Fletcher, Julia Ormond, Agga Olsen, Patrick Field","Plot":"Based on Peter Hoeg's bestseller, this film is set in snowy Copenhagen where a small boy is found dead after he fell off a roof. Smilla Jasperson, a close friend who lives in the same house...","Language":"English, Inuktitut","Country":"Denmark, Germany, Sweden","Awards":"1 nomination.","Poster":"https://images-na.ssl-images-amazon.com/images/M/MV5BMTIyNDAzMzM1Ml5BMl5BanBnXkFtZTYwNDQ3OTU5._V1_SX300.jpg","Ratings":[{"Source":"Internet Movie Database","Value":"6.4/10"},{"Source":"Rotten Tomatoes","Value":"52%"},{"Source":"Metacritic","Value":"45/100"}],"Metascore":"45","imdbRating":"6.4","imdbVotes":"12,011","imdbID":"tt0120152","Type":"movie","DVD":"13 Mar 2001","BoxOffice":"N/A","Production":"Fox Searchlight Pictures","Website":"N/A","Response":"True"}