{"Title":"The Van","Year":"1996","Rated":"R","Released":"16 May 1997","Runtime":"100 min","Genre":"Comedy, Drama","Director":"Stephen Frears","Writer":"Roddy Doyle (novel), Roddy Doyle (screenplay)","Actors":"Colm Meaney, Donal O'Kelly, Ger Ryan, Caroline Rothwell","Plot":"The third installment of Irish author Roddy Doyle's 'Barrytown Trilogy', following 'The Commitments' and 'The Snapper', depicts the hilarious yet poignant adventures of Bimbo. Upon being ...","Language":"English","Country":"UK, Ireland, USA","Awards":"1 nomination.","Poster":"https://images-na.ssl-images-amazon.com/images/M/MV5BMTczOTAzNzg0Ml5BMl5BanBnXkFtZTcwOTAwNzAwMQ@@._V1_SX300.jpg","Ratings":[{"Source":"Internet Movie Database","Value":"6.8/10"},{"Source":"Rotten Tomatoes","Value":"38%"}],"Metascore":"N/A","imdbRating":"6.8","imdbVotes":"3,636","imdbID":"tt0118064","Type":"movie","DVD":"21 Oct 1997","BoxOffice":"N/A","Production":"Fox","Website":"N/A","Response":"True"}