{"Title":"Crash","Year":"1996","Rated":"NC-17","Released":"21 Mar 1997","Runtime":"100 min","Genre":"Drama","Director":"David Cronenberg","Writer":"J.G. Ballard (novel), David Cronenberg","Actors":"James Spader, Holly Hunter, Elias Koteas, Deborah Kara Unger","Plot":"After getting into a serious car accident, a TV director discovers an underground sub-culture of scarred, omnisexual car-crash victims who use car accidents and the raw sexual energy they produce to try to rejuvenate his sex life with his wife.","Language":"English, Swedish","Country":"Canada, UK","Awards":"8 wins & 4 nominations.","Poster":"https://images-na.ssl-images-amazon.com/images/M/MV5BZjlhMDBlNDQtMjZkZi00NzJmLWI4MTgtZDdkMzZmZDcyZGNmXkEyXkFqcGdeQXVyMTQxNzMzNDI@._V1_SX300.jpg","Ratings":[{"Source":"Internet Movie Database","Value":"6.4/10"},{"Source":"Rotten Tomatoes","Value":"58%"},{"Source":"Metacritic","Value":"47/100"}],"Metascore":"47","imdbRating":"6.4","imdbVotes":"43,881","imdbID":"tt0115964","Type":"movie","DVD":"17 Nov 1998","BoxOffice":"$3,168,660.00","Production":"Fine Line Features","Website":"N/A","Response":"True"}