{"Title":"The Daytrippers","Year":"1996","Rated":"R","Released":"05 Mar 1997","Runtime":"87 min","Genre":"Comedy, Drama","Director":"Greg Mottola","Writer":"Greg Mottola","Actors":"Stanley Tucci, Hope Davis, Pat McNamara, Anne Meara","Plot":"When a happily married woman discovers a love letter written by her husband to an unknown party, she enlists her dysfunctional family to discover the truth.","Language":"English","Country":"Canada, USA","Awards":"7 wins & 2 nominations.","Poster":"https://images-na.ssl-images-amazon.com/images/M/MV5BMTU4ODM1OTM0Ml5BMl5BanBnXkFtZTcwNjcwODAyMQ@@._V1_SX300.jpg","Ratings":[{"Source":"Internet Movie Database","Value":"6.9/10"},{"Source":"Rotten Tomatoes","Value":"74%"}],"Metascore":"N/A","imdbRating":"6.9","imdbVotes":"3,544","imdbID":"tt0116041","Type":"movie","DVD":"20 Jun 2000","BoxOffice":"N/A","Production":"Lionsgate","Website":"N/A","Response":"True"}