{"Title":"Liar Liar","Year":"1997","Rated":"PG-13","Released":"21 Mar 1997","Runtime":"86 min","Genre":"Comedy, Fantasy","Director":"Tom Shadyac","Writer":"Paul Guay, Stephen Mazur","Actors":"Jim Carrey, Maura Tierney, Justin Cooper, Cary Elwes","Plot":"A fast-track lawyer can't lie for 24 hours due to his son's birthday wish after he turns his son down for the last time.","Language":"English","Country":"USA","Awards":"Nominated for 1 Golden Globe. Another 4 wins & 5 nominations.","Poster":"https://images-na.ssl-images-amazon.com/images/M/MV5BYjZlYmJjYWYtZDM0NS00YmZlLWIyMTAtMDY5ZTNjZTgwMDhjXkEyXkFqcGdeQXVyMTQxNzMzNDI@._V1_SX300.jpg","Ratings":[{"Source":"Internet Movie Database","Value":"6.8/10"},{"Source":"Rotten Tomatoes","Value":"81%"},{"Source":"Metacritic","Value":"70/100"}],"Metascore":"70","imdbRating":"6.8","imdbVotes":"231,898","imdbID":"tt0119528","Type":"movie","DVD":"20 Jan 1998","BoxOffice":"N/A","Production":"Universal Pictures","Website":"N/A","Response":"True"}