{"Title":"The Quiet Room","Year":"1996","Rated":"PG","Released":"21 Mar 1997","Runtime":"92 min","Genre":"Drama","Director":"Rolf de Heer","Writer":"Rolf de Heer","Actors":"Celine O'Leary, Paul Blackwell, Chloe Ferguson, Phoebe Ferguson","Plot":"A seven-year-old girl adopts a vow of silence in protest when her quarrelsome parents grow increasingly hostile to one another.","Language":"English","Country":"Australia, Italy, France","Awards":"3 nominations.","Poster":"http://ia.media-imdb.com/images/M/MV5BMTkzMTYzNzk1OV5BMl5BanBnXkFtZTcwMDU0NDQzMQ@@._V1_SX300.jpg","Ratings":[{"Source":"Internet Movie Database","Value":"7.2/10"},{"Source":"Rotten Tomatoes","Value":"80%"}],"Metascore":"N/A","imdbRating":"7.2","imdbVotes":"497","imdbID":"tt0117422","Type":"movie","DVD":"11 Mar 2008","BoxOffice":"N/A","Production":"Warner Home Video","Website":"http://www.flf.com/quietrm/","Response":"True"}