{"Title":"The Devil's Own","Year":"1997","Rated":"R","Released":"26 Mar 1997","Runtime":"111 min","Genre":"Action, Crime, Drama","Director":"Alan J. Pakula","Writer":"Kevin Jarre (story), David Aaron Cohen (screenplay), Vincent Patrick (screenplay), Kevin Jarre (screenplay)","Actors":"Harrison Ford, Brad Pitt, Margaret Colin, Rubén Blades","Plot":"A police officer uncovers the real identity of his house-guest, an I.R.A. terrorist in hiding.","Language":"English","Country":"USA","Awards":"1 nomination.","Poster":"https://images-na.ssl-images-amazon.com/images/M/MV5BMTYzMDA1OTc4OF5BMl5BanBnXkFtZTgwODc2MzkyMTE@._V1_SX300.jpg","Ratings":[{"Source":"Internet Movie Database","Value":"6.1/10"},{"Source":"Rotten Tomatoes","Value":"33%"},{"Source":"Metacritic","Value":"53/100"}],"Metascore":"53","imdbRating":"6.1","imdbVotes":"47,685","imdbID":"tt0118972","Type":"movie","DVD":"24 Feb 1998","BoxOffice":"N/A","Production":"Sony Pictures Home Entertainment","Website":"N/A","Response":"True"}