{"Title":"Cats Don't Dance","Year":"1997","Rated":"G","Released":"26 Mar 1997","Runtime":"75 min","Genre":"Animation, Comedy, Family","Director":"Mark Dindal","Writer":"Mark Dindal (story), Robert Lence (story), Brian McEntee (story), Rick Calabash (story), David Womersley (story), Kelvin Yasuda (story), Roberts Gannaway (screenplay), Cliff Ruby (screenplay), Elana Lesser (screenplay), Theresa Cullen (screenplay), Cinco Paul (additional screenplay material)","Actors":"Scott Bakula, Jasmine Guy, Natalie Cole, Ashley Peldon","Plot":"Danny, an ambitious singing/dancing cat, goes to Hollywood and overcomes several obstacles to fulfill his dream of becoming a movie star.","Language":"English","Country":"USA","Awards":"3 wins & 13 nominations.","Poster":"https://images-na.ssl-images-amazon.com/images/M/MV5BMTIzNjc5ODEzNl5BMl5BanBnXkFtZTcwOTc1MzEyMQ@@._V1_SX300.jpg","Ratings":[{"Source":"Internet Movie Database","Value":"6.9/10"},{"Source":"Rotten Tomatoes","Value":"69%"}],"Metascore":"N/A","imdbRating":"6.9","imdbVotes":"5,773","imdbID":"tt0118829","Type":"movie","DVD":"03 Sep 2002","BoxOffice":"N/A","Production":"Warner Bros. Pictures","Website":"N/A","Response":"True"}