{"Title":"Amateur","Year":"1994","Rated":"R","Released":"19 May 1995","Runtime":"105 min","Genre":"Comedy, Crime, Drama","Director":"Hal Hartley","Writer":"Hal Hartley","Actors":"Isabelle Huppert, Martin Donovan, Elina Löwensohn, Damian Young","Plot":"Isabelle is an ex-nun waiting for her special mission from God. In the meantime, she is making a living writing pornography. She meets Thomas, a sweet, confused amnesiac who cannot remember...","Language":"English","Country":"USA, UK, France","Awards":"1 win & 2 nominations.","Poster":"https://images-na.ssl-images-amazon.com/images/M/MV5BMTIwNzE5OTkxMV5BMl5BanBnXkFtZTcwMzIxMjAwMQ@@._V1_SX300.jpg","Ratings":[{"Source":"Internet Movie Database","Value":"7.0/10"},{"Source":"Rotten Tomatoes","Value":"75%"},{"Source":"Metacritic","Value":"53/100"}],"Metascore":"53","imdbRating":"7.0","imdbVotes":"4,679","imdbID":"tt0109093","Type":"movie","DVD":"11 Nov 2003","BoxOffice":"N/A","Production":"Sony Pictures Home Entertainment","Website":"N/A","Response":"True"}