{"Title":"B*A*P*S","Year":"1997","Rated":"PG-13","Released":"28 Mar 1997","Runtime":"91 min","Genre":"Comedy","Director":"Robert Townsend","Writer":"Troy Byer","Actors":"Halle Berry, Martin Landau, Ian Richardson, Natalie Desselle Reid","Plot":"Two tacky homegirls move to L.A. to become dancers; instead they scam a dying millionaire but eventually become B*A*P*S (Black American Princesses).","Language":"English, Italian","Country":"USA","Awards":"2 nominations.","Poster":"https://images-na.ssl-images-amazon.com/images/M/MV5BMTkyOTM4Mzk0NV5BMl5BanBnXkFtZTcwNDMyMzQyMQ@@._V1_SX300.jpg","Ratings":[{"Source":"Internet Movie Database","Value":"4.1/10"},{"Source":"Rotten Tomatoes","Value":"13%"}],"Metascore":"N/A","imdbRating":"4.1","imdbVotes":"2,910","imdbID":"tt0118663","Type":"movie","DVD":"13 Jan 2004","BoxOffice":"N/A","Production":"WARNER BROTHERS PICTURES","Website":"N/A","Response":"True"}