{"Title":"Love and Other Catastrophes","Year":"1996","Rated":"R","Released":"28 Mar 1997","Runtime":"78 min","Genre":"Comedy, Romance","Director":"Emma-Kate Croghan","Writer":"Stavros Kazantzidis (story), Yael Bergman (screenplay), Emma-Kate Croghan (screenplay), Helen Bandis (screenplay)","Actors":"Matt Day, Matthew Dyktynski, Alice Garner, Frances O'Connor","Plot":"A day in the life of two film-school students trying to find love and another house-mate.","Language":"English","Country":"Australia","Awards":"1 win & 5 nominations.","Poster":"https://images-na.ssl-images-amazon.com/images/M/MV5BMTg5NjkxNDk1OV5BMl5BanBnXkFtZTcwMzA2NDMyMQ@@._V1_SX300.jpg","Ratings":[{"Source":"Internet Movie Database","Value":"6.3/10"},{"Source":"Rotten Tomatoes","Value":"47%"}],"Metascore":"N/A","imdbRating":"6.3","imdbVotes":"1,757","imdbID":"tt0116931","Type":"movie","DVD":"05 Aug 1997","BoxOffice":"N/A","Production":"Twentieth Century Fox","Website":"N/A","Response":"True"}