{"Title":"The Sixth Man","Year":"1997","Rated":"PG-13","Released":"28 Mar 1997","Runtime":"107 min","Genre":"Comedy, Drama, Fantasy","Director":"Randall Miller","Writer":"Christopher Reed, Cynthia Carle","Actors":"Marlon Wayans, Kadeem Hardison, David Paymer, Michael Michele","Plot":"Antoine and Kenny Tyler are NCAA college basketball players, and Antoine is the star of the team. Suddenly Antoine dies of a heart attack and Kenny has to fill his shoes as leader of the ...","Language":"English","Country":"USA","Awards":"N/A","Poster":"https://images-na.ssl-images-amazon.com/images/M/MV5BOGI3YmE2YTktMmRmMy00NDE4LTgzZTctOGQ2MmE2MTk0MGRkXkEyXkFqcGdeQXVyNDk3NzU2MTQ@._V1_SX300.jpg","Ratings":[{"Source":"Internet Movie Database","Value":"5.6/10"},{"Source":"Rotten Tomatoes","Value":"23%"}],"Metascore":"N/A","imdbRating":"5.6","imdbVotes":"4,611","imdbID":"tt0120142","Type":"movie","DVD":"06 May 2003","BoxOffice":"N/A","Production":"Mandeville Films","Website":"N/A","Response":"True"}