{"Title":"Turbo: A Power Rangers Movie","Year":"1997","Rated":"PG","Released":"28 Mar 1997","Runtime":"99 min","Genre":"Action, Adventure, Family","Director":"Shuki Levy, David Winning","Writer":"Shuki Levy, Shell Danielson, Haim Saban (based upon \"Mighty Morphin Power Rangers\" created by), Shuki Levy (based upon \"Mighty Morphin Power Rangers\" created by)","Actors":"Jon Simanton, Kai Doi, Greg Collins, Steve Cardenas","Plot":"The legendary Power Rangers must stop the evil space pirate Divatox from releasing the powerful Maligore from his volcanic imprisonment on the island of Muranthias, where only the kindly ...","Language":"English","Country":"USA, Japan","Awards":"1 nomination.","Poster":"https://images-na.ssl-images-amazon.com/images/M/MV5BMTA2OTc1MzMxNDheQTJeQWpwZ15BbWU3MDM4ODc1MjE@._V1_SX300.jpg","Ratings":[{"Source":"Internet Movie Database","Value":"3.4/10"},{"Source":"Rotten Tomatoes","Value":"16%"}],"Metascore":"N/A","imdbRating":"3.4","imdbVotes":"6,835","imdbID":"tt0120389","Type":"movie","DVD":"02 Sep 2003","BoxOffice":"N/A","Production":"Fox","Website":"N/A","Response":"True"}