{"Title":"Anna Karenina","Year":"1997","Rated":"PG-13","Released":"04 Apr 1997","Runtime":"108 min","Genre":"Drama, Romance","Director":"Bernard Rose","Writer":"Leo Tolstoy (novel), Bernard Rose (screenplay)","Actors":"Sophie Marceau, Sean Bean, Alfred Molina, Mia Kirshner","Plot":"Anna (Marceau) is a wife and mother who has an affair with the handsome Count Vronsky (Bean). Based on the novel by Tolstoy.","Language":"English, Russian","Country":"USA","Awards":"N/A","Poster":"https://images-na.ssl-images-amazon.com/images/M/MV5BMTkxOTgyMzc2NV5BMl5BanBnXkFtZTcwODY4NzUxMQ@@._V1_SX300.jpg","Ratings":[{"Source":"Internet Movie Database","Value":"6.4/10"}],"Metascore":"N/A","imdbRating":"6.4","imdbVotes":"4,757","imdbID":"tt0118623","Type":"movie","DVD":"N/A","BoxOffice":"N/A","Production":"N/A","Website":"N/A","Response":"True"}