{"Title":"Double Team","Year":"1997","Rated":"R","Released":"04 Apr 1997","Runtime":"93 min","Genre":"Action, Comedy, Sci-Fi","Director":"Hark Tsui","Writer":"Don Jakoby (story), Don Jakoby (screenplay), Paul Mones (screenplay)","Actors":"Jean-Claude Van Damme, Dennis Rodman, Mickey Rourke, Paul Freeman","Plot":"Counter-terrorist Jack Quinn misses his target, Stavros, on the eve of his final mission. From there, he is sent to \"The Colony\", a rebirth for presumed-dead assassins. He breaks free from ...","Language":"English, Italian","Country":"USA","Awards":"4 wins.","Poster":"https://images-na.ssl-images-amazon.com/images/M/MV5BMTEzZTczYjctOGY4Zi00MjFhLWJlMDctZjBiMWU2MDYwZTQ5XkEyXkFqcGdeQXVyNDc2NjEyMw@@._V1_SX300.jpg","Ratings":[{"Source":"Internet Movie Database","Value":"4.7/10"},{"Source":"Rotten Tomatoes","Value":"11%"}],"Metascore":"N/A","imdbRating":"4.7","imdbVotes":"26,191","imdbID":"tt0119013","Type":"movie","DVD":"31 Mar 1998","BoxOffice":"N/A","Production":"Sony Pictures Home Entertainment","Website":"N/A","Response":"True"}