{"Title":"Inventing the Abbotts","Year":"1997","Rated":"R","Released":"04 Apr 1997","Runtime":"110 min","Genre":"Drama, Romance","Director":"Pat O'Connor","Writer":"Sue Miller (story), Ken Hixon (screenplay)","Actors":"Joaquin Phoenix, Billy Crudup, Will Patton, Kathy Baker","Plot":"A light-hearted story of two working-class brothers courting three wealthy and beautiful sisters in a small Illinois town.","Language":"English","Country":"USA","Awards":"N/A","Poster":"https://images-na.ssl-images-amazon.com/images/M/MV5BMTU2Mjk5MzEzMF5BMl5BanBnXkFtZTcwNzY4NzgxMQ@@._V1_SX300.jpg","Ratings":[{"Source":"Internet Movie Database","Value":"6.4/10"},{"Source":"Rotten Tomatoes","Value":"31%"},{"Source":"Metacritic","Value":"49/100"}],"Metascore":"49","imdbRating":"6.4","imdbVotes":"9,767","imdbID":"tt0119381","Type":"movie","DVD":"13 Mar 2001","BoxOffice":"N/A","Production":"Twentieth Century Fox Home Entertainment","Website":"N/A","Response":"True"}