{"Title":"Anaconda","Year":"1997","Rated":"PG-13","Released":"11 Apr 1997","Runtime":"89 min","Genre":"Action, Adventure, Horror","Director":"Luis Llosa","Writer":"Hans Bauer, Jim Cash, Jack Epps Jr.","Actors":"Jennifer Lopez, Ice Cube, Jon Voight, Eric Stoltz","Plot":"A \"National Geographic\" film crew is taken hostage by an insane hunter, who takes them along on his quest to capture the world's largest - and deadliest - snake.","Language":"English","Country":"USA, Brazil, Peru","Awards":"6 wins & 10 nominations.","Poster":"https://images-na.ssl-images-amazon.com/images/M/MV5BMTMzMTU5NjcxNl5BMl5BanBnXkFtZTcwMzE2NDU2MQ@@._V1_SX300.jpg","Ratings":[{"Source":"Internet Movie Database","Value":"4.7/10"},{"Source":"Rotten Tomatoes","Value":"38%"},{"Source":"Metacritic","Value":"37/100"}],"Metascore":"37","imdbRating":"4.7","imdbVotes":"77,129","imdbID":"tt0118615","Type":"movie","DVD":"01 Jan 1998","BoxOffice":"N/A","Production":"Sony Pictures Home Entertainment","Website":"N/A","Response":"True"}