{"Title":"Cutthroat Island","Year":"1995","Rated":"PG-13","Released":"22 Dec 1995","Runtime":"124 min","Genre":"Action, Adventure, Comedy","Director":"Renny Harlin","Writer":"Michael Frost Beckner (story), James Gorman (story), Bruce A. Evans (story), Raynold Gideon (story), Robert King (screenplay), Marc Norman (screenplay)","Actors":"Geena Davis, Matthew Modine, Frank Langella, Maury Chaykin","Plot":"A female pirate and her companion race against their rivals to find a hidden island that contains a fabulous treasure.","Language":"English","Country":"USA, France, Italy, Germany","Awards":"1 nomination.","Poster":"https://images-na.ssl-images-amazon.com/images/M/MV5BMDg2YTI0YmQtYzgwMi00Zjk4LWJkZjgtYjg0ZDE2ODUzY2RlL2ltYWdlXkEyXkFqcGdeQXVyNjQzNDI3NzY@._V1_SX300.jpg","Ratings":[{"Source":"Internet Movie Database","Value":"5.6/10"},{"Source":"Rotten Tomatoes","Value":"38%"}],"Metascore":"N/A","imdbRating":"5.6","imdbVotes":"22,000","imdbID":"tt0112760","Type":"movie","DVD":"25 Jul 2000","BoxOffice":"N/A","Production":"Live Home Video","Website":"N/A","Response":"True"}