{"Title":"Grosse Pointe Blank","Year":"1997","Rated":"R","Released":"11 Apr 1997","Runtime":"107 min","Genre":"Action, Comedy, Crime","Director":"George Armitage","Writer":"Tom Jankiewicz (story), Tom Jankiewicz (screenplay), D.V. DeVincentis (screenplay), Steve Pink (screenplay), John Cusack (screenplay)","Actors":"John Cusack, Minnie Driver, Alan Arkin, Dan Aykroyd","Plot":"Martin Blank is a professional assassin. He is sent on a mission to a small Detroit suburb, Grosse Pointe, and, by coincidence, his ten-year high school reunion party is taking place there at the same time.","Language":"English","Country":"USA","Awards":"2 wins & 6 nominations.","Poster":"https://images-na.ssl-images-amazon.com/images/M/MV5BYzAwOWUzMGMtMThjMS00YTZiLTgzZTUtZmQ5NDdkN2RlMTE4XkEyXkFqcGdeQXVyMTQxNzMzNDI@._V1_SX300.jpg","Ratings":[{"Source":"Internet Movie Database","Value":"7.4/10"},{"Source":"Rotten Tomatoes","Value":"79%"},{"Source":"Metacritic","Value":"76/100"}],"Metascore":"76","imdbRating":"7.4","imdbVotes":"75,622","imdbID":"tt0119229","Type":"movie","DVD":"19 May 1998","BoxOffice":"N/A","Production":"Buena Vista Internationa","Website":"N/A","Response":"True"}