{"Title":"Keys to Tulsa","Year":"1997","Rated":"R","Released":"11 Apr 1997","Runtime":"113 min","Genre":"Crime, Drama, Thriller","Director":"Leslie Greif","Writer":"Brian Fair Berkey (novel), Harley Peyton (screenplay)","Actors":"Eric Stoltz, James Spader, Deborah Kara Unger, Joanna Going","Plot":"Richter Boudreau, the son of local celebrity Cynthia, is not very successful and works as a film critic for a local newspaper. In a short time he loses his job and his heritage, and one of ...","Language":"English","Country":"USA, UK","Awards":"N/A","Poster":"https://images-na.ssl-images-amazon.com/images/M/MV5BMTkzMDQ5ODQ3Ml5BMl5BanBnXkFtZTcwMDUwMTMyMQ@@._V1_SX300.jpg","Ratings":[{"Source":"Internet Movie Database","Value":"5.2/10"},{"Source":"Rotten Tomatoes","Value":"13%"}],"Metascore":"N/A","imdbRating":"5.2","imdbVotes":"1,381","imdbID":"tt0116762","Type":"movie","DVD":"23 Mar 1999","BoxOffice":"N/A","Production":"PolyGram Video","Website":"N/A","Response":"True"}