{"Title":"Kissed","Year":"1996","Rated":"R","Released":"11 Apr 1997","Runtime":"78 min","Genre":"Drama, Romance","Director":"Lynne Stopkewich","Writer":"Angus Fraser (screenplay), Lynne Stopkewich (screenplay), Barbara Gowdy (based upon an original story \"We So Seldom Look on Love\" by)","Actors":"Molly Parker, Peter Outerbridge, Jay Brazeau, Natasha Morley","Plot":"Over the years, a child's romantic ideals about death blossom into necrophilia, the study of embalming and the most profound relationship of her life.","Language":"English","Country":"Canada","Awards":"7 wins & 9 nominations.","Poster":"https://images-na.ssl-images-amazon.com/images/M/MV5BMTM2NDEzMDE2Nl5BMl5BanBnXkFtZTcwNDM4NzAzMQ@@._V1_SX300.jpg","Ratings":[{"Source":"Internet Movie Database","Value":"6.5/10"},{"Source":"Rotten Tomatoes","Value":"70%"}],"Metascore":"N/A","imdbRating":"6.5","imdbVotes":"3,134","imdbID":"tt0116783","Type":"movie","DVD":"23 Aug 2005","BoxOffice":"N/A","Production":"British Columbia Films","Website":"N/A","Response":"True"}