{"Title":"8 Heads in a Duffel Bag","Year":"1997","Rated":"R","Released":"18 Apr 1997","Runtime":"95 min","Genre":"Comedy, Crime","Director":"Tom Schulman","Writer":"Tom Schulman","Actors":"Joe Pesci, Andy Comeau, Kristy Swanson, George Hamilton","Plot":"A mob bagman finds that his luggage, containing the proof of his gang's latest hit, has been switched.","Language":"English, Spanish","Country":"USA, UK","Awards":"1 win.","Poster":"https://images-na.ssl-images-amazon.com/images/M/MV5BMTQ4NjU0NDc2Ml5BMl5BanBnXkFtZTcwMTM3NjYxMQ@@._V1_SX300.jpg","Ratings":[{"Source":"Internet Movie Database","Value":"5.3/10"},{"Source":"Rotten Tomatoes","Value":"11%"},{"Source":"Metacritic","Value":"15/100"}],"Metascore":"15","imdbRating":"5.3","imdbVotes":"8,227","imdbID":"tt0118541","Type":"movie","DVD":"08 Oct 2002","BoxOffice":"N/A","Production":"Orion Home Video","Website":"N/A","Response":"True"}