{"Title":"Hollow Reed","Year":"1996","Rated":"R","Released":"18 Apr 1997","Runtime":"104 min","Genre":"Drama","Director":"Angela Pope","Writer":"Neville Bolt (story), Paula Milne","Actors":"Sam Bould, Martin Donovan, Ian Hart, Joely Richardson","Plot":"Following the break-up of his marriage after revealing his homosexuality, GP Martin Wyatt loses custody of his son Oliver to his now ex-wife Hannah and her new partner Frank. It is not long...","Language":"English","Country":"UK, Germany, Spain, France","Awards":"1 win & 6 nominations.","Poster":"http://ia.media-imdb.com/images/M/MV5BMTg4OTM0NDEzMl5BMl5BanBnXkFtZTcwODE0ODcyMQ@@._V1_SX300.jpg","Ratings":[{"Source":"Internet Movie Database","Value":"7.4/10"},{"Source":"Rotten Tomatoes","Value":"83%"}],"Metascore":"N/A","imdbRating":"7.4","imdbVotes":"942","imdbID":"tt0113314","Type":"movie","DVD":"27 Oct 1998","BoxOffice":"N/A","Production":"Channel 4","Website":"N/A","Response":"True"}