{"Title":"Paradise Road","Year":"1997","Rated":"R","Released":"11 Apr 1997","Runtime":"122 min","Genre":"Drama, History, War","Director":"Bruce Beresford","Writer":"David Giles (story), Martin Meader (story), Bruce Beresford, Betty Jeffrey (diaries)","Actors":"Glenn Close, Frances McDormand, Pauline Collins, Cate Blanchett","Plot":"Fact-based recounting of a group of women who are imprisoned on the island of Sumatra by the Japanese during World War II and used music as a relief to their misery.","Language":"English, Japanese, Dutch, Malay","Country":"Australia, USA","Awards":"1 win & 6 nominations.","Poster":"https://images-na.ssl-images-amazon.com/images/M/MV5BMTgzOTA1MzYxM15BMl5BanBnXkFtZTcwMzc5NDIyMQ@@._V1_SX300.jpg","Ratings":[{"Source":"Internet Movie Database","Value":"6.8/10"},{"Source":"Rotten Tomatoes","Value":"48%"},{"Source":"Metacritic","Value":"48/100"}],"Metascore":"48","imdbRating":"6.8","imdbVotes":"4,372","imdbID":"tt0119859","Type":"movie","DVD":"13 Mar 2001","BoxOffice":"N/A","Production":"Twentieth Century Fox Home Entertainment","Website":"N/A","Response":"True"}