{"Title":"Traveller","Year":"1997","Rated":"R","Released":"18 Apr 1997","Runtime":"101 min","Genre":"Crime, Drama, Romance","Director":"Jack N. Green","Writer":"Jim McGlynn","Actors":"Bill Paxton, Mark Wahlberg, Julianna Margulies, James Gammon","Plot":"A young man, Pat, visits the clan of gypsy-like grifters (Irish Travellers) in rural North Carolina from whom he is descended. He is at first rejected, but cousin Bokky takes him on as an ...","Language":"English","Country":"USA","Awards":"1 nomination.","Poster":"https://images-na.ssl-images-amazon.com/images/M/MV5BMTg2NTk5ODA3Ml5BMl5BanBnXkFtZTcwMjE3MjAzMQ@@._V1_SX300.jpg","Ratings":[{"Source":"Internet Movie Database","Value":"6.2/10"},{"Source":"Rotten Tomatoes","Value":"79%"},{"Source":"Metacritic","Value":"57/100"}],"Metascore":"57","imdbRating":"6.2","imdbVotes":"1,522","imdbID":"tt0120366","Type":"movie","DVD":"25 Jul 2000","BoxOffice":"N/A","Production":"Evergreen","Website":"N/A","Response":"True"}