{"Title":"All Over Me","Year":"1997","Rated":"R","Released":"16 Jul 1997","Runtime":"86 min","Genre":"Crime, Drama, Romance","Director":"Alex Sichel","Writer":"Sylvia Sichel","Actors":"Alison Folland, Tara Subkoff, Cole Hauser, Wilson Cruz","Plot":"Claude and Ellen are best friends who live in a not-so-nice area of New York. They're involved in the subculture of 90s youth, complete with drugs, live music, and homophobia. All is ...","Language":"English","Country":"USA","Awards":"2 wins & 5 nominations.","Poster":"https://images-na.ssl-images-amazon.com/images/M/MV5BMTU4MzY4NzI0M15BMl5BanBnXkFtZTcwMjQ0MDY5Mg@@._V1_SX300.jpg","Ratings":[{"Source":"Internet Movie Database","Value":"6.6/10"},{"Source":"Rotten Tomatoes","Value":"85%"}],"Metascore":"N/A","imdbRating":"6.6","imdbVotes":"2,801","imdbID":"tt0118586","Type":"movie","DVD":"14 Jun 2005","BoxOffice":"N/A","Production":"New Line Home Entertainment","Website":"N/A","Response":"True"}