{"Title":"Rob Roy","Year":"1995","Rated":"R","Released":"14 Apr 1995","Runtime":"139 min","Genre":"Adventure, Biography, History","Director":"Michael Caton-Jones","Writer":"Alan Sharp (screenplay)","Actors":"Liam Neeson, Jessica Lange, John Hurt, Tim Roth","Plot":"In 1713 Scotland, Rob Roy MacGregor is wronged by a nobleman and his nephew, becomes an outlaw in search of revenge while fleeing the Redcoats, and faces charges of being a Jacobite.","Language":"English","Country":"USA, UK","Awards":"Nominated for 1 Oscar. Another 2 wins & 2 nominations.","Poster":"https://images-na.ssl-images-amazon.com/images/M/MV5BMjE2NTU2ODI0MV5BMl5BanBnXkFtZTcwNTIwODU2NA@@._V1_SX300.jpg","Ratings":[{"Source":"Internet Movie Database","Value":"6.9/10"},{"Source":"Rotten Tomatoes","Value":"72%"},{"Source":"Metacritic","Value":"55/100"}],"Metascore":"55","imdbRating":"6.9","imdbVotes":"35,525","imdbID":"tt0114287","Type":"movie","DVD":"27 Aug 1997","BoxOffice":"N/A","Production":"MGM Home Entertainment","Website":"N/A","Response":"True"}