{"Title":"A Brother's Kiss","Year":"1997","Rated":"R","Released":"25 Apr 1997","Runtime":"92 min","Genre":"Drama","Director":"Seth Zvi Rosenfeld","Writer":"Seth Zvi Rosenfeld (play), Seth Zvi Rosenfeld (screenplay)","Actors":"Nick Chinlund, Michael Raynor, Justin Pierce, Joshua Danowsky","Plot":"Two brothers, Lex and younger Mick, are living in Harlem. Mick is a policeman, and Lex, who spent youth years in reformatory because of injustice after he confronted the cop who tried to ...","Language":"English","Country":"USA","Awards":"N/A","Poster":"https://images-na.ssl-images-amazon.com/images/M/MV5BMjEwOTMwNTU2MV5BMl5BanBnXkFtZTYwMzI3NDQ5._V1_SX300.jpg","Ratings":[{"Source":"Internet Movie Database","Value":"6.4/10"},{"Source":"Rotten Tomatoes","Value":"100%"}],"Metascore":"N/A","imdbRating":"6.4","imdbVotes":"292","imdbID":"tt0118783","Type":"movie","DVD":"09 Jan 2001","BoxOffice":"N/A","Production":"BMG","Website":"N/A","Response":"True"}