{"Title":"A Chef in Love","Year":"1996","Rated":"PG-13","Released":"23 Apr 1997","Runtime":"100 min","Genre":"Comedy, Romance","Director":"Nana Dzhordzhadze","Writer":"Irakli Kvirikadze (scenario), André Graill (adaptation)","Actors":"Pierre Richard, Micheline Presle, Nino Kirtadze, Jean-Yves Gautier","Plot":"The story of Pascal Ichak, a larger-than-life French traveller, bon vivant, and chef, who falls in love with Georgia and a Georgian princess in the early 1920s. All is well until the ...","Language":"Russian, French, Georgian","Country":"France, Georgia, Ukraine, Belgium, Russia","Awards":"Nominated for 1 Oscar. Another 1 win & 1 nomination.","Poster":"http://ia.media-imdb.com/images/M/MV5BMTIxMDE1ODUyMV5BMl5BanBnXkFtZTYwNjQwODg5._V1_SX300.jpg","Ratings":[{"Source":"Internet Movie Database","Value":"6.9/10"},{"Source":"Rotten Tomatoes","Value":"60%"}],"Metascore":"N/A","imdbRating":"6.9","imdbVotes":"483","imdbID":"tt0117050","Type":"movie","DVD":"18 Nov 1997","BoxOffice":"N/A","Production":"N/A","Website":"N/A","Response":"True"}