{"Title":"Temptress Moon","Year":"1996","Rated":"R","Released":"13 Jun 1997","Runtime":"130 min","Genre":"Drama, Romance","Director":"Kaige Chen","Writer":"Kaige Chen (story), Kei Shu, Anyi Wang (story)","Actors":"Leslie Cheung, Li Gong, Kevin Lin, Saifei He","Plot":"Not far from Shanghai, in a country twon stands the palatial home of the Pang family. Old Master Pang is an addict who brings up his beautiful daughter Ruyi on opium smoke. Her older ...","Language":"Mandarin","Country":"China, Hong Kong","Awards":"9 nominations.","Poster":"https://images-na.ssl-images-amazon.com/images/M/MV5BMTQ4MjE5MTA0N15BMl5BanBnXkFtZTcwNzczMzIyMQ@@._V1_SX300.jpg","Ratings":[{"Source":"Internet Movie Database","Value":"6.9/10"},{"Source":"Rotten Tomatoes","Value":"62%"}],"Metascore":"N/A","imdbRating":"6.9","imdbVotes":"1,543","imdbID":"tt0116295","Type":"movie","DVD":"02 Jul 2002","BoxOffice":"N/A","Production":"Shanghai Film Studios","Website":"N/A","Response":"True"}