{"Title":"Volcano","Year":"1997","Rated":"PG-13","Released":"25 Apr 1997","Runtime":"104 min","Genre":"Action, Drama, Sci-Fi","Director":"Mick Jackson","Writer":"Jerome Armstrong (story), Jerome Armstrong (screenplay), Billy Ray (screenplay)","Actors":"Tommy Lee Jones, Anne Heche, Gaby Hoffmann, Don Cheadle","Plot":"A volcano erupts in downtown Los Angeles, threatening to destroy the city.","Language":"English, Spanish, German","Country":"USA","Awards":"1 win & 1 nomination.","Poster":"https://images-na.ssl-images-amazon.com/images/M/MV5BY2I2MTFiOWMtY2YzOC00MTZjLTg0NWUtMmZjZWJlZDYwZDZkXkEyXkFqcGdeQXVyNTIzOTk5ODM@._V1_SX300.jpg","Ratings":[{"Source":"Internet Movie Database","Value":"5.4/10"},{"Source":"Rotten Tomatoes","Value":"45%"},{"Source":"Metacritic","Value":"55/100"}],"Metascore":"55","imdbRating":"5.4","imdbVotes":"60,863","imdbID":"tt0120461","Type":"movie","DVD":"18 Dec 2001","BoxOffice":"N/A","Production":"Twentieth Century Fox Home Entertainment","Website":"N/A","Response":"True"}