{"Title":"Children of the Revolution","Year":"1996","Rated":"R","Released":"30 Apr 1997","Runtime":"101 min","Genre":"Comedy, Drama, Romance","Director":"Peter Duncan","Writer":"Peter Duncan","Actors":"Judy Davis, Sam Neill, F. Murray Abraham, Richard Roxburgh","Plot":"Few knew that Stalin spent his last night in the arms of a young Australian woman. Few still knew that their \"love-child\" brought Australia to the brink of civil war. Until now ...","Language":"English","Country":"Australia","Awards":"6 wins & 8 nominations.","Poster":"https://images-na.ssl-images-amazon.com/images/M/MV5BMjA3ODI2MDU5Nl5BMl5BanBnXkFtZTcwMzUyNTQyMQ@@._V1_SX300.jpg","Ratings":[{"Source":"Internet Movie Database","Value":"6.3/10"},{"Source":"Rotten Tomatoes","Value":"80%"},{"Source":"Metacritic","Value":"76/100"}],"Metascore":"76","imdbRating":"6.3","imdbVotes":"2,103","imdbID":"tt0115886","Type":"movie","DVD":"02 Sep 2003","BoxOffice":"N/A","Production":"Miramax","Website":"N/A","Response":"True"}