{"Title":"Austin Powers: International Man of Mystery","Year":"1997","Rated":"PG-13","Released":"02 May 1997","Runtime":"89 min","Genre":"Comedy, Crime","Director":"Jay Roach","Writer":"Mike Myers","Actors":"Mike Myers, Elizabeth Hurley, Michael York, Mimi Rogers","Plot":"A 1960s hipster secret agent is brought out of cryofreeze to oppose his greatest enemy in the 1990s, where his social attitudes are glaringly out of place.","Language":"English","Country":"USA, Germany","Awards":"3 wins & 6 nominations.","Poster":"https://images-na.ssl-images-amazon.com/images/M/MV5BMTRhZTY0MDItY2I1Yi00MGE3LTk1ZDEtMjA0ZGZhNDQyNGU0XkEyXkFqcGdeQXVyNTIzOTk5ODM@._V1_SX300.jpg","Ratings":[{"Source":"Internet Movie Database","Value":"7.0/10"},{"Source":"Rotten Tomatoes","Value":"70%"},{"Source":"Metacritic","Value":"51/100"}],"Metascore":"51","imdbRating":"7.0","imdbVotes":"189,915","imdbID":"tt0118655","Type":"movie","DVD":"20 Oct 1997","BoxOffice":"N/A","Production":"New Line Home Entertainment","Website":"http://www.facebook.com/austinpowersmovie","Response":"True"}