{"Title":"Breakdown","Year":"1997","Rated":"R","Released":"02 May 1997","Runtime":"93 min","Genre":"Action, Crime, Drama","Director":"Jonathan Mostow","Writer":"Jonathan Mostow (story), Jonathan Mostow (screenplay), Sam Montgomery (screenplay)","Actors":"Kurt Russell, J.T. Walsh, Kathleen Quinlan, M.C. Gainey","Plot":"A man searches for his missing wife after his car breaks down in the middle of the desert.","Language":"English","Country":"USA","Awards":"1 win & 2 nominations.","Poster":"https://images-na.ssl-images-amazon.com/images/M/MV5BZGQ0Yzc1Y2UtZTRhMi00NTI5LTkyZjgtNjVkZDc0ZGY4OTI2XkEyXkFqcGdeQXVyNTIzOTk5ODM@._V1_SX300.jpg","Ratings":[{"Source":"Internet Movie Database","Value":"6.9/10"},{"Source":"Rotten Tomatoes","Value":"80%"},{"Source":"Metacritic","Value":"73/100"}],"Metascore":"73","imdbRating":"6.9","imdbVotes":"39,773","imdbID":"tt0118771","Type":"movie","DVD":"01 Dec 1998","BoxOffice":"N/A","Production":"Paramount Pictures","Website":"N/A","Response":"True"}