{"Title":"Broken English","Year":"1996","Rated":"NC-17","Released":"02 May 1997","Runtime":"92 min","Genre":"Drama, Romance","Director":"Gregor Nicholas","Writer":"Gregor Nicholas, Johanna Pigott, James Salter","Actors":"Rade Serbedzija, Aleksandra Vujcic, Julian Arahanga, Marton Csokas","Plot":"Ivan is the fierce patriarch of a family of Croatian refugees in Auckland. Nina is his daughter, ready to live on her own, despite his angry objections. Eddie is the Maori she takes as her ...","Language":"English, Serbo-Croatian, Maori, Japanese","Country":"New Zealand","Awards":"7 wins.","Poster":"https://images-na.ssl-images-amazon.com/images/M/MV5BMTU1NTgwNTE4MV5BMl5BanBnXkFtZTcwMDgwMDIyMQ@@._V1_SX300.jpg","Ratings":[{"Source":"Internet Movie Database","Value":"6.5/10"},{"Source":"Rotten Tomatoes","Value":"82%"}],"Metascore":"N/A","imdbRating":"6.5","imdbVotes":"606","imdbID":"tt0115760","Type":"movie","DVD":"20 Jan 1998","BoxOffice":"N/A","Production":"Sony Pictures Classics","Website":"N/A","Response":"True"}