{"Title":"The Addiction","Year":"1995","Rated":"UNRATED","Released":"06 Oct 1995","Runtime":"82 min","Genre":"Horror","Director":"Abel Ferrara","Writer":"Nicholas St. John","Actors":"Lili Taylor, Christopher Walken, Annabella Sciorra, Edie Falco","Plot":"A New York philosophy grad student turns into a vampire after getting bitten by one, and then tries to come to terms with her new lifestyle and frequent craving for human blood.","Language":"English","Country":"USA, Argentina","Awards":"5 wins & 4 nominations.","Poster":"https://images-na.ssl-images-amazon.com/images/M/MV5BMWYzN2EyMmMtMTU2My00MWY2LTkyMGYtMjk0MzVkZGZiMzNjXkEyXkFqcGdeQXVyMTQxNzMzNDI@._V1_SX300.jpg","Ratings":[{"Source":"Internet Movie Database","Value":"6.4/10"},{"Source":"Rotten Tomatoes","Value":"73%"}],"Metascore":"N/A","imdbRating":"6.4","imdbVotes":"6,853","imdbID":"tt0112288","Type":"movie","DVD":"28 Apr 1998","BoxOffice":"N/A","Production":"Guild","Website":"N/A","Response":"True"}