{"Title":"Commandments","Year":"1997","Rated":"R","Released":"02 May 1997","Runtime":"88 min","Genre":"Comedy, Drama, Romance","Director":"Daniel Taplitz","Writer":"Daniel Taplitz","Actors":"Aidan Quinn, Courteney Cox, Anthony LaPaglia, Shirl Bernheim","Plot":"Seth Warner has reached the end of his rope. Ever since his wife died two years earlier, his world has been in turmoil. He is despondent, his career has fallen apart, even his house has ...","Language":"English","Country":"USA","Awards":"1 nomination.","Poster":"http://ia.media-imdb.com/images/M/MV5BMjE2NDc1MjE1N15BMl5BanBnXkFtZTcwMjcwMjcyMQ@@._V1_SX300.jpg","Ratings":[{"Source":"Internet Movie Database","Value":"5.6/10"},{"Source":"Rotten Tomatoes","Value":"19%"}],"Metascore":"N/A","imdbRating":"5.6","imdbVotes":"1,360","imdbID":"tt0115927","Type":"movie","DVD":"23 Nov 2004","BoxOffice":"N/A","Production":"MCA Universal Home Video","Website":"N/A","Response":"True"}