{"Title":"Ripe","Year":"1996","Rated":"R","Released":"02 May 1997","Runtime":"92 min","Genre":"Drama, Romance","Director":"Mo Ogrodnik","Writer":"Mo Ogrodnik","Actors":"Monica Keena, Daisy Eagan, Gordon Currie, Ron Brice","Plot":"When their abusive parents are killed in a car crash, twin sisters Rosie and Violet vow to run away to Kentucky in search of a better life. While on the road, the girls meet up with Pete, a...","Language":"English","Country":"USA","Awards":"N/A","Poster":"http://ia.media-imdb.com/images/M/MV5BODkwMjAwMDkyN15BMl5BanBnXkFtZTcwNDYxMjEyMQ@@._V1_SX300.jpg","Ratings":[{"Source":"Internet Movie Database","Value":"3.8/10"},{"Source":"Rotten Tomatoes","Value":"0%"}],"Metascore":"N/A","imdbRating":"3.8","imdbVotes":"878","imdbID":"tt0117482","Type":"movie","DVD":"05 Apr 2005","BoxOffice":"N/A","Production":"Trimark","Website":"N/A","Response":"True"}