{"Title":"Truth or Consequences, N.M.","Year":"1997","Rated":"R","Released":"02 May 1997","Runtime":"106 min","Genre":"Action, Crime, Drama","Director":"Kiefer Sutherland","Writer":"Brad Mirman","Actors":"Vincent Gallo, Mykelti Williamson, Kiefer Sutherland, Kevin Pollak","Plot":"A group of crooks, an ex con, his friend and a gun crazy gangster plan a drug heist, but not everything goes as planned.","Language":"English","Country":"USA","Awards":"N/A","Poster":"https://images-na.ssl-images-amazon.com/images/M/MV5BMTI0OTQxMTM2Ml5BMl5BanBnXkFtZTcwMTMyNDIyMQ@@._V1_SX300.jpg","Ratings":[{"Source":"Internet Movie Database","Value":"6.3/10"},{"Source":"Rotten Tomatoes","Value":"38%"}],"Metascore":"N/A","imdbRating":"6.3","imdbVotes":"4,213","imdbID":"tt0120383","Type":"movie","DVD":"22 May 2001","BoxOffice":"N/A","Production":"Sony Pictures Home Entertainment","Website":"N/A","Response":"True"}