{"Title":"The Turning","Year":"1992","Rated":"R","Released":"02 May 1992","Runtime":"91 min","Genre":"Drama","Director":"L.A. Puopolo","Writer":"L.A. Puopolo (screenplay), Chris Ceraso (screenplay), Chris Ceraso (play)","Actors":"Karen Allen, Raymond J. Barry, Michael Dolan, Tess Harper","Plot":"A white supremacist returns to his hometown for the first time in years to try and save his parents' relationship.","Language":"English","Country":"USA","Awards":"N/A","Poster":"https://images-na.ssl-images-amazon.com/images/M/MV5BMTg2MDcyMjE5OF5BMl5BanBnXkFtZTcwNTcwNTUxMQ@@._V1_SX300.jpg","Ratings":[{"Source":"Internet Movie Database","Value":"4.1/10"}],"Metascore":"N/A","imdbRating":"4.1","imdbVotes":"374","imdbID":"tt0105660","Type":"movie","DVD":"16 Sep 1997","BoxOffice":"N/A","Production":"N/A","Website":"N/A","Response":"True"}