{"Title":"Warriors of Virtue","Year":"1997","Rated":"PG","Released":"02 May 1997","Runtime":"101 min","Genre":"Action, Fantasy, Adventure","Director":"Ronny Yu","Writer":"Michael Vickerman (screenplay), Hugh Kelley (screenplay), Dennis K. Law (characters), Ron Law (characters), Chris Law (characters), Jeremy Law (characters)","Actors":"Angus Macfadyen, Mario Yedidia, Marley Shelton, Chao Li Chi","Plot":"A young boy is whisked away to the mythical land of Tao where he becomes the center of a conflict between an evil lord and a group of animal warriors.","Language":"English, Mandarin","Country":"USA, China","Awards":"2 nominations.","Poster":"https://images-na.ssl-images-amazon.com/images/M/MV5BMTUzOTg4MzM5MV5BMl5BanBnXkFtZTcwNzIwNTc3NA@@._V1_SX300.jpg","Ratings":[{"Source":"Internet Movie Database","Value":"4.6/10"},{"Source":"Rotten Tomatoes","Value":"18%"}],"Metascore":"N/A","imdbRating":"4.6","imdbVotes":"2,287","imdbID":"tt0120479","Type":"movie","DVD":"06 Mar 2001","BoxOffice":"N/A","Production":"MGM Home Entertainment","Website":"N/A","Response":"True"}