{"Title":"Fathers' Day","Year":"1997","Rated":"PG-13","Released":"09 May 1997","Runtime":"98 min","Genre":"Comedy, Romance","Director":"Ivan Reitman","Writer":"Francis Veber (film Les Compères), Lowell Ganz (screenplay), Babaloo Mandel (screenplay)","Actors":"Robin Williams, Billy Crystal, Julia Louis-Dreyfus, Nastassja Kinski","Plot":"A woman cons two old boyfriends into searching for her runaway son by convincing both that they are the boy's father.","Language":"English","Country":"USA","Awards":"1 nomination.","Poster":"https://images-na.ssl-images-amazon.com/images/M/MV5BMjEzNjQyMTcxNl5BMl5BanBnXkFtZTcwMDU2OTUyMQ@@._V1_SX300.jpg","Ratings":[{"Source":"Internet Movie Database","Value":"5.1/10"},{"Source":"Rotten Tomatoes","Value":"25%"}],"Metascore":"N/A","imdbRating":"5.1","imdbVotes":"12,485","imdbID":"tt0119109","Type":"movie","DVD":"09 Sep 1997","BoxOffice":"N/A","Production":"WARNER BROTHERS PICTURES","Website":"N/A","Response":"True"}