{"Title":"The Fifth Element","Year":"1997","Rated":"PG-13","Released":"09 May 1997","Runtime":"126 min","Genre":"Action, Adventure, Sci-Fi","Director":"Luc Besson","Writer":"Luc Besson (screenplay), Robert Mark Kamen (screenplay), Luc Besson (story by)","Actors":"Bruce Willis, Gary Oldman, Ian Holm, Milla Jovovich","Plot":"In the colorful future, a cab driver unwittingly becomes the central figure in the search for a legendary cosmic weapon to keep Evil and Mr Zorg at bay.","Language":"English, Swedish, German","Country":"France","Awards":"Nominated for 1 Oscar. Another 9 wins & 33 nominations.","Poster":"https://images-na.ssl-images-amazon.com/images/M/MV5BZWFjYmZmZGQtYzg4YS00ZGE5LTgwYzAtZmQwZjQ2NDliMGVmXkEyXkFqcGdeQXVyNTUyMzE4Mzg@._V1_SX300.jpg","Ratings":[{"Source":"Internet Movie Database","Value":"7.7/10"},{"Source":"Rotten Tomatoes","Value":"71%"},{"Source":"Metacritic","Value":"52/100"}],"Metascore":"52","imdbRating":"7.7","imdbVotes":"360,538","imdbID":"tt0119116","Type":"movie","DVD":"09 Dec 1997","BoxOffice":"N/A","Production":"Sony Pictures Home Entertainment","Website":"N/A","Response":"True"}