{"Title":"Intimate Relations","Year":"1996","Rated":"R","Released":"06 Jun 1997","Runtime":"105 min","Genre":"Comedy, Drama","Director":"Philip Goodhew","Writer":"Philip Goodhew","Actors":"Julie Walters, Rupert Graves, Matthew Walker, Laura Sadler","Plot":"Harold Guppy moves into the Beasley household as a lodger. Before long Mrs. Beasley falls for him and eventually ends up in his bed. Her 13-year old daughter Joyce is aware of what is ...","Language":"English","Country":"Canada, UK","Awards":"2 wins & 2 nominations.","Poster":"https://images-na.ssl-images-amazon.com/images/M/MV5BMTM5MzczMTk5Ml5BMl5BanBnXkFtZTYwMzE4Njg5._V1_SX300.jpg","Ratings":[{"Source":"Internet Movie Database","Value":"6.4/10"},{"Source":"Rotten Tomatoes","Value":"14%"}],"Metascore":"N/A","imdbRating":"6.4","imdbVotes":"629","imdbID":"tt0116643","Type":"movie","DVD":"10 Feb 1998","BoxOffice":"N/A","Production":"Fox Searchlight Pictures","Website":"N/A","Response":"True"}