{"Title":"Nowhere","Year":"1997","Rated":"R","Released":"09 May 1997","Runtime":"82 min","Genre":"Comedy, Drama, Sci-Fi","Director":"Gregg Araki","Writer":"Gregg Araki","Actors":"James Duval, Rachel True, Nathan Bexton, Chiara Mastroianni","Plot":"Follows a day in the lives of a group of Los Angeles high school students and the strange lives they lead.","Language":"English","Country":"USA, France","Awards":"1 nomination.","Poster":"https://images-na.ssl-images-amazon.com/images/M/MV5BN2UwZGE3YmMtYzI1MS00MTcxLWFmNDItOGQ4NmVlMDMxN2RjXkEyXkFqcGdeQXVyMTQxNzMzNDI@._V1_SX300.jpg","Ratings":[{"Source":"Internet Movie Database","Value":"6.4/10"},{"Source":"Rotten Tomatoes","Value":"27%"}],"Metascore":"N/A","imdbRating":"6.4","imdbVotes":"6,916","imdbID":"tt0119809","Type":"movie","DVD":"21 Oct 1997","BoxOffice":"N/A","Production":"New Line Home Entertainment","Website":"N/A","Response":"True"}