{"Title":"Losing Chase","Year":"1996","Rated":"R","Released":"18 Aug 1996","Runtime":"98 min","Genre":"Drama","Director":"Kevin Bacon","Writer":"Anne Meredith","Actors":"Helen Mirren, Kyra Sedgwick, Beau Bridges, Michael Yarmush","Plot":"Chase (Mirren), a lifetime resident of Martha's Vineyard, married Richard (Bridges), and like the area, grew into the Upper-Middle-Class. Her distaste for artificiality leads her to a wild ...","Language":"English","Country":"USA","Awards":"Won 1 Golden Globe. Another 2 wins & 6 nominations.","Poster":"https://images-na.ssl-images-amazon.com/images/M/MV5BMTMxMzQ5MDEyMl5BMl5BanBnXkFtZTcwMzI2NjkxMQ@@._V1_SX300.jpg","Ratings":[{"Source":"Internet Movie Database","Value":"6.8/10"}],"Metascore":"N/A","imdbRating":"6.8","imdbVotes":"651","imdbID":"tt0116920","Type":"movie","DVD":"18 Mar 2008","BoxOffice":"N/A","Production":"Evergreen","Website":"N/A","Response":"True"}