{"Title":"Sprung","Year":"1997","Rated":"R","Released":"14 May 1997","Runtime":"105 min","Genre":"Comedy, Romance","Director":"Rusty Cundieff","Writer":"Rusty Cundieff, Darin Scott","Actors":"Tisha Campbell-Martin, Rusty Cundieff, Paula Jai Parker, Joe Torry","Plot":"Two pairs of best friends - Montel & Clyde and Brandy & Adina meet at the party, where Clyde makes Adina think he is very rich and gets her into bed the same evening. When Adina finds out ...","Language":"English","Country":"USA","Awards":"N/A","Poster":"https://images-na.ssl-images-amazon.com/images/M/MV5BMTg2NTU0Nzc5OF5BMl5BanBnXkFtZTcwOTcwOTIyMQ@@._V1_SX300.jpg","Ratings":[{"Source":"Internet Movie Database","Value":"5.0/10"},{"Source":"Rotten Tomatoes","Value":"22%"}],"Metascore":"N/A","imdbRating":"5.0","imdbVotes":"816","imdbID":"tt0120190","Type":"movie","DVD":"20 Oct 1998","BoxOffice":"N/A","Production":"Trimark","Website":"N/A","Response":"True"}